MANDT,VBELN,POSNR,MATNR,KWMENG,NETWR,WAERK,MEINS
100,4500000001,000010,000000000000010019,16,7477040,EUR,EA
100,4500000001,000020,000000000000010050,17,1084906,EUR,EA
100,4500000001,000030,000000000000010098,17,2676208,EUR,EA
100,4500000001,000040,000000000000010106,2,915150,EUR,EA
100,4500000001,000050,000000000000010039,5,530065,EUR,EA
100,4500000002,000010,000000000000010105,19,8913033,MXN,EA
100,4500000002,000020,000000000000010118,5,834380,MXN,EA
100,4500000002,000030,000000000000010047,3,769896,MXN,EA
100,4500000003,000010,000000000000010046,11,3670260,EUR,EA
100,4500000003,000020,000000000000010015,1,238006,EUR,EA
100,4500000003,000030,000000000000010071,7,2800588,EUR,EA
100,4500000004,000010,000000000000010148,6,1546074,MXN,EA
100,4500000004,000020,000000000000010023,5,1615820,MXN,EA
100,4500000005,000010,000000000000010110,13,2937116,MXN,EA
100,4500000005,000020,000000000000010123,13,44811,MXN,EA
100,4500000005,000030,000000000000010010,18,1899900,MXN,EA
100,4500000005,000040,000000000000010096,1,468668,MXN,EA
100,4500000006,000010,000000000000010136,7,72751,MXN,EA
100,4500000006,000020,000000000000010002,8,957024,MXN,EA
100,4500000006,000030,000000000000010089,10,685960,MXN,EA
100,4500000007,000010,000000000000010099,17,5263744,USD,EA
100,4500000008,000010,000000000000010043,3,1298793,MXN,EA
100,4500000008,000020,000000000000010012,10,4982670,MXN,EA
100,4500000008,000030,000000000000010075,15,5738895,MXN,EA
100,4500000009,000010,000000000000010135,11,2512015,MXN,EA
100,4500000009,000020,000000000000010035,11,5209424,MXN,EA
100,4500000009,000030,000000000000010126,12,4731312,MXN,EA
100,4500000009,000040,000000000000010049,6,2988414,MXN,EA
100,4500000009,000050,000000000000010104,1,120756,MXN,EA
100,4500000010,000010,000000000000010034,7,2701069,MXN,EA
100,4500000010,000020,000000000000010006,19,5045887,MXN,EA
100,4500000011,000010,000000000000010032,12,4485912,MXN,EA
100,4500000011,000020,000000000000010010,13,5987293,MXN,EA
100,4500000012,000010,000000000000010066,18,5898636,MXN,EA
100,4500000012,000020,000000000000010013,20,522900,MXN,EA
100,4500000012,000030,000000000000010028,1,26289,MXN,EA
100,4500000012,000040,000000000000010030,14,3275272,MXN,EA
100,4500000012,000050,000000000000010098,4,1151732,MXN,EA
100,4500000012,000060,000000000000010065,16,5903696,MXN,EA
100,4500000013,000010,000000000000010053,1,158871,MXN,EA
100,4500000013,000020,000000000000010108,4,1393324,MXN,EA
100,4500000014,000010,000000000000010070,20,6370520,MXN,EA
100,4500000014,000020,000000000000010036,14,6111014,MXN,EA
100,4500000014,000030,000000000000010027,17,6423280,MXN,EA
100,4500000014,000040,000000000000010031,10,607750,MXN,EA
100,4500000014,000050,000000000000010028,16,1682368,MXN,EA
100,4500000015,000010,000000000000010052,9,3932496,JPY,EA
100,4500000015,000020,000000000000010134,7,1320578,JPY,EA
100,4500000015,000030,000000000000010105,10,850810,JPY,EA
100,4500000015,000040,000000000000010011,18,4702176,JPY,EA
100,4500000015,000050,000000000000010054,16,2789296,JPY,EA
100,4500000016,000010,000000000000010001,1,353129,EUR,EA
100,4500000016,000020,000000000000010023,4,1755608,EUR,EA
100,4500000017,000010,000000000000010127,5,2493915,MXN,EA
100,4500000017,000020,000000000000010024,17,685882,MXN,EA
100,4500000017,000030,000000000000010026,9,3049362,MXN,EA
100,4500000017,000040,000000000000010060,15,2343000,MXN,EA
100,4500000017,000050,000000000000010068,15,408840,MXN,EA
100,4500000018,000010,000000000000010045,2,895646,MXN,EA
100,4500000019,000010,000000000000010093,11,2467784,MXN,EA
100,4500000019,000020,000000000000010030,4,1789192,MXN,EA
100,4500000019,000030,000000000000010012,1,447692,MXN,EA
100,4500000020,000010,000000000000010044,11,2072917,MXN,EA
100,4500000020,000020,000000000000010113,20,2833420,MXN,EA
100,4500000021,000010,000000000000010024,12,5139300,USD,EA
100,4500000021,000020,000000000000010088,6,364080,USD,EA
100,4500000021,000030,000000000000010103,13,3124641,USD,EA
100,4500000021,000040,000000000000010070,13,4715191,USD,EA
100,4500000021,000050,000000000000010123,14,4776548,USD,EA
100,4500000021,000060,000000000000010043,4,281896,USD,EA
100,4500000022,000010,000000000000010016,6,332250,USD,EA
100,4500000022,000020,000000000000010107,19,4827140,USD,EA
100,4500000022,000030,000000000000010146,15,1440480,USD,EA
100,4500000022,000040,000000000000010098,12,3858324,USD,EA
100,4500000022,000050,000000000000010008,5,1271360,USD,EA
100,4500000022,000060,000000000000010125,4,1865416,USD,EA
100,4500000023,000010,000000000000010113,2,68412,MXN,EA
100,4500000023,000020,000000000000010067,11,82280,MXN,EA
100,4500000023,000030,000000000000010135,19,7228835,MXN,EA
100,4500000023,000040,000000000000010145,8,2817528,MXN,EA
100,4500000024,000010,000000000000010133,17,6151212,USD,EA
100,4500000024,000020,000000000000010025,14,4870992,USD,EA
100,4500000024,000030,000000000000010064,16,2916352,USD,EA
100,4500000025,000010,000000000000010099,5,2204470,MXN,EA
100,4500000025,000020,000000000000010143,20,592160,MXN,EA
100,4500000025,000030,000000000000010003,6,1596378,MXN,EA
100,4500000025,000040,000000000000010121,16,7309184,MXN,EA
100,4500000025,000050,000000000000010043,3,1184895,MXN,EA
100,4500000025,000060,000000000000010126,11,1400256,MXN,EA
100,4500000026,000010,000000000000010072,2,533552,MXN,EA
100,4500000026,000020,000000000000010058,18,6089094,MXN,EA
100,4500000026,000030,000000000000010097,13,5582161,MXN,EA
100,4500000027,000010,000000000000010021,15,3508230,EUR,EA
100,4500000027,000020,000000000000010147,15,707205,EUR,EA
100,4500000028,000010,000000000000010115,11,695596,MXN,EA
100,4500000028,000020,000000000000010128,1,54814,MXN,EA
100,4500000028,000030,000000000000010104,14,277004,MXN,EA
100,4500000028,000040,000000000000010143,18,19584,MXN,EA
100,4500000029,000010,000000000000010078,17,5029008,USD,EA
100,4500000030,000010,000000000000010117,11,2106456,MXN,EA
100,4500000030,000020,000000000000010014,8,3549320,MXN,EA
100,4500000031,000010,000000000000010085,18,7260246,MXN,EA
100,4500000031,000020,000000000000010122,12,4516128,MXN,EA
100,4500000031,000030,000000000000010116,4,208340,MXN,EA
100,4500000031,000040,000000000000010057,1,179969,MXN,EA
100,4500000032,000010,000000000000010075,18,4944060,USD,EA
100,4500000032,000020,000000000000010096,4,100000,USD,EA
100,4500000032,000030,000000000008880107,16,1194160,USD,EA
100,4500000033,000010,000000000000010105,4,537280,MXN,EA
100,4500000033,000020,000000000000010051,7,450135,MXN,EA
100,4500000033,000030,000000000000010101,7,1684361,MXN,EA
100,4500000033,000040,000000000000010049,11,632500,MXN,EA
100,4500000033,000050,000000000000010107,2,973638,MXN,EA
100,4500000033,000060,000000000000010032,15,3612030,MXN,EA
100,4500000034,000010,000000000000010130,5,1312645,EUR,EA
100,4500000034,000020,000000000000010002,17,6578796,EUR,EA
100,4500000034,000030,000000000000010013,18,8844660,EUR,EA
100,4500000034,000040,000000000000010111,19,4829705,EUR,EA
100,4500000034,000050,000000000000010131,6,2182266,EUR,EA
100,4500000034,000060,000000000000010149,6,2303934,EUR,EA
100,4500000035,000010,000000000000010027,13,4494490,MXN,EA
100,4500000035,000020,000000000000010083,17,7872734,MXN,EA
100,4500000036,000010,000000000000010108,20,9624000,MXN,EA
100,4500000036,000020,000000000000010064,9,1886382,MXN,EA
100,4500000036,000030,000000000000010088,10,2384210,MXN,EA
100,4500000036,000040,000000000000010035,5,1086985,MXN,EA
100,4500000037,000010,000000000000010132,10,4430130,MXN,EA
100,4500000037,000020,000000000000010141,11,4116497,MXN,EA
100,4500000037,000030,000000000000010142,7,744261,MXN,EA
100,4500000037,000040,000000000000010054,20,7510860,MXN,EA
100,4500000037,000050,000000000000010075,12,5807628,MXN,EA
100,4500000038,000010,000000000000010034,6,1591110,MXN,EA
100,4500000038,000020,000000000000010139,11,4107719,MXN,EA
100,4500000038,000030,000000000000010030,12,3549552,MXN,EA
100,4500000038,000040,000000000000010123,19,5703382,MXN,EA
100,4500000038,000050,000000000000010107,18,2716344,MXN,EA
100,4500000038,000060,000000000000010109,1,275061,MXN,EA
100,4500000039,000010,000000000000010007,13,1003509,CLP,EA
100,4500000040,000010,000000000000010015,7,986811,MXN,EA
100,4500000041,000010,000000000000010074,9,699930,MXN,EA
100,4500000041,000020,000000000000010016,10,1079550,MXN,EA
100,4500000042,000010,000000000000010009,12,5133408,MXN,EA
100,4500000042,000020,000000000000010116,4,1296072,MXN,EA
100,4500000042,000030,000000000000010144,8,3121904,MXN,EA
100,4500000042,000040,000000000000010144,13,1632384,MXN,EA
100,4500000042,000050,000000000000010131,10,3642980,MXN,EA
100,4500000043,000010,000000000000010013,13,2654470,MXN,EA
100,4500000043,000020,000000000000010107,11,3195192,MXN,EA
100,4500000043,000030,000000000000010014,1,390897,MXN,EA
100,4500000043,000040,000000000000010065,7,2284471,MXN,EA
100,4500000043,000050,000000000000010114,8,3831048,MXN,EA
100,4500000043,000060,000000000000010095,19,5464077,MXN,EA
100,4500000044,000010,000000000000010051,7,1086631,MXN,EA
100,4500000044,000020,000000000000010115,6,2153454,MXN,EA
100,4500000044,000030,000000000000010020,6,552708,MXN,EA
100,4500000044,000040,000000000000010132,4,795040,MXN,EA
100,4500000044,000050,000000000000010011,14,2062690,MXN,EA
100,4500000044,000060,000000000000010143,9,622728,MXN,EA
100,4500000045,000010,000000000000010150,9,35631,MXN,EA
100,4500000045,000020,000000000000010085,15,5596215,MXN,EA
100,4500000046,000010,000000000000010011,5,2439340,EUR,EA
100,4500000046,000020,000000000008880161,20,553240,EUR,EA
100,4500000047,000010,000000000000010078,16,6642224,MXN,EA
100,4500000047,000020,000000000000010147,18,3397302,MXN,EA
100,4500000047,000030,000000000000010019,11,3041038,MXN,EA
100,4500000047,000040,000000000000010057,6,1643682,MXN,EA
100,4500000047,000050,000000000000010018,17,1437452,MXN,EA
100,4500000047,000060,000000000000010107,18,5086098,MXN,EA
100,4500000048,000010,000000000000010024,12,1403652,USD,EA
100,4500000048,000020,000000000000010055,11,1920314,USD,EA
100,4500000048,000030,000000000000010093,10,1155280,USD,EA
100,4500000048,000040,000000000000010136,16,4724816,USD,EA
100,4500000049,000010,000000000000010003,4,1406864,MXN,EA
100,4500000049,000020,000000000000010089,15,1905165,MXN,EA
100,4500000049,000030,000000000000010063,2,717706,MXN,EA
100,4500000049,000040,000000000000010083,13,6255756,MXN,EA
100,4500000049,000050,000000000000010030,13,1761851,MXN,EA
100,4500000049,000060,000000000000010139,10,139520,MXN,EA
100,4500000050,000010,000000000000010096,17,7172419,JPY,EA
100,4500000050,000020,000000000000010131,15,3843375,JPY,EA
100,4500000050,000030,000000000000010012,10,4719580,JPY,EA
100,4500000050,000040,000000000000010050,11,2974708,JPY,EA
100,4500000050,000050,000000000000010022,4,355052,JPY,EA
100,4500000051,000010,000000000000010137,1,329693,MXN,EA
100,4500000051,000020,000000000000010017,7,2467136,MXN,EA
100,4500000051,000030,000000000000010055,14,6147806,MXN,EA
100,4500000051,000040,000000000000010027,7,1980566,MXN,EA
100,4500000051,000050,000000000000010112,3,1177755,MXN,EA
100,4500000052,000010,000000000000010040,1,241766,MXN,EA
100,4500000052,000020,000000000000010085,2,93772,MXN,EA
100,4500000052,000030,000000000000010019,2,188638,MXN,EA
100,4500000052,000040,000000000000010065,18,682758,MXN,EA
100,4500000052,000050,000000000000010148,8,3828952,MXN,EA
100,4500000052,000060,000000000000010067,14,2862160,MXN,EA
100,4500000053,000010,000000000000010104,14,2336404,MXN,EA
100,4500000053,000020,000000000000010005,13,4602026,MXN,EA
100,4500000053,000030,000000000000010031,18,73656,MXN,EA
100,4500000053,000040,000000000000010017,19,472397,MXN,EA
100,4500000054,000010,000000000000010019,12,5850768,USD,EA
100,4500000054,000020,000000000000010129,4,611828,USD,EA
100,4500000054,000030,000000000000010078,20,927060,USD,EA
100,4500000054,000040,000000000000010073,15,3014550,USD,EA
100,4500000054,000050,000000000000010102,1,249506,USD,EA
100,4500000054,000060,000000000000010041,18,2092896,USD,EA
100,4500000055,000010,000000000000010101,18,2801754,USD,EA
100,4500000055,000020,000000000000010037,10,3560940,USD,EA
100,4500000056,000010,000000000000010096,1,291206,MXN,EA
100,4500000056,000020,000000000000010143,5,328050,MXN,EA
100,4500000056,000030,000000000000010011,1,301269,MXN,EA
100,4500000056,000040,000000000000010101,18,5185098,MXN,EA
100,4500000056,000050,000000000000010022,10,1111280,MXN,EA
100,4500000056,000060,000000000000010089,7,1521443,MXN,EA
100,4500000057,000010,000000000000010132,5,426930,USD,EA
100,4500000057,000020,000000000000010048,8,2595400,USD,EA
100,4500000057,000030,000000000000010065,7,427665,USD,EA
100,4500000057,000040,000000000000010047,19,8508675,USD,EA
100,4500000057,000050,000000000000010014,18,4371030,USD,EA
100,4500000057,000060,000000000000010141,3,460155,USD,EA
100,4500000058,000010,000000000000010018,9,472374,MXN,EA
100,4500000058,000020,000000000000010051,19,4872132,MXN,EA
100,4500000058,000030,000000000000010085,12,818652,MXN,EA
100,4500000058,000040,000000000000010061,4,601972,MXN,EA
100,4500000058,000050,000000000000010018,7,1173277,MXN,EA
100,4500000058,000060,000000000000010125,15,2597205,MXN,EA
100,4500000059,000010,000000000000010079,19,1537062,JPY,EA
100,4500000059,000020,000000000000010145,19,3649881,JPY,EA
100,4500000059,000030,000000000000010081,14,1251810,JPY,EA
100,4500000059,000040,000000000000010002,11,1430726,JPY,EA
100,4500000059,000050,000000000000010057,14,2044826,JPY,EA
100,4500000060,000010,000000000000010035,11,5073915,MXN,EA
100,4500000060,000020,000000000000010123,15,3517425,MXN,EA
100,4500000060,000030,000000000000010092,10,2563130,MXN,EA
100,4500000061,000010,000000000000010028,6,2036724,USD,EA
100,4500000061,000020,000000000000010021,9,4060917,USD,EA
100,4500000061,000030,000000000000010036,18,1871748,USD,EA
100,4500000061,000040,000000000000010068,3,1147140,USD,EA
100,4500000061,000050,000000000000010020,1,446428,USD,EA
100,4500000062,000010,000000000000010008,19,5785690,MXN,EA
100,4500000062,000020,000000000000010104,19,2138393,MXN,EA
100,4500000062,000030,000000000000010010,18,2477484,MXN,EA
100,4500000062,000040,000000000000010140,18,4473324,MXN,EA
100,4500000062,000050,000000000000010039,12,2481384,MXN,EA
100,4500000063,000010,000000000000010075,5,1223185,MXN,EA
100,4500000063,000020,000000000000010129,17,824092,MXN,EA
100,4500000064,000010,000000000000010094,17,111401,USD,EA
100,4500000064,000020,000000000000010062,20,7193940,USD,EA
100,4500000064,000030,000000000000010043,17,1268098,USD,EA
100,4500000064,000040,000000000000010115,6,569538,USD,EA
100,4500000065,000010,000000000000010145,5,1934165,CLP,EA
100,4500000065,000020,000000000000010124,12,266292,CLP,EA
100,4500000065,000030,000000000000010057,16,1960048,CLP,EA
100,4500000065,000040,000000000000010017,9,1752210,CLP,EA
100,4500000065,000050,000000000000010060,2,703062,CLP,EA
100,4500000066,000010,000000000000010133,12,2453664,USD,EA
100,4500000066,000020,000000000000010121,15,6947805,USD,EA
100,4500000067,000010,000000000000010011,11,606309,MXN,EA
100,4500000068,000010,000000000000010134,9,3948417,MXN,EA
100,4500000068,000020,000000000000010068,19,5441524,MXN,EA
100,4500000068,000030,000000000000010146,6,1190868,MXN,EA
100,4500000068,000040,000000000000010097,12,3709344,MXN,EA
100,4500000068,000050,000000000000010020,17,2259351,MXN,EA
100,4500000068,000060,000000000000010097,8,2173816,MXN,EA
100,4500000069,000010,000000000000010091,12,3075060,MXN,EA
100,4500000069,000020,000000000000010124,20,89180,MXN,EA
100,4500000069,000030,000000000000010129,5,1158165,MXN,EA
100,4500000069,000040,000000000000010043,8,331328,MXN,EA
100,4500000070,000010,000000000000010072,7,558383,MXN,EA
100,4500000070,000020,000000000000010048,6,1145454,MXN,EA
100,4500000070,000030,000000000000010031,8,1747008,MXN,EA
100,4500000070,000040,000000000000010085,4,1013812,MXN,EA
100,4500000070,000050,000000000000010123,16,1783504,MXN,EA
100,4500000071,000010,000000000000010042,14,178752,MXN,EA
100,4500000071,000020,000000000000010063,2,136096,MXN,EA
100,4500000071,000030,000000000000010147,19,1624082,MXN,EA
100,4500000071,000040,000000000000010035,17,366299,MXN,EA
100,4500000071,000050,000000000000010147,5,151565,MXN,EA
100,4500000072,000010,000000000000010067,6,1631208,MXN,EA
100,4500000072,000020,000000000000010104,20,5929820,MXN,EA
100,4500000073,000010,000000000000010005,10,4976330,MXN,EA
100,4500000073,000020,000000000000010022,7,1655577,MXN,EA
100,4500000073,000030,000000000000010121,16,1446816,MXN,EA
100,4500000073,000040,000000000000010057,14,4424168,MXN,EA
100,4500000073,000050,000000000000010037,19,8191907,MXN,EA
100,4500000073,000060,000000000008880283,20,6936900,MXN,EA
100,4500000074,000010,000000000000010068,6,2284092,MXN,EA
100,4500000074,000020,000000000000010088,15,4706325,MXN,EA
100,4500000074,000030,000000000000010018,8,1594328,MXN,EA
100,4500000074,000040,000000000000010099,5,289610,MXN,EA
100,4500000074,000050,000000000000010005,7,1925357,MXN,EA
100,4500000075,000010,000000000000010108,5,1592310,MXN,EA
100,4500000075,000020,000000000000010025,6,1502952,MXN,EA
100,4500000075,000030,000000000000010010,18,4768002,MXN,EA
100,4500000075,000040,000000000000010031,3,761499,MXN,EA
100,4500000075,000050,000000000000010034,20,5674820,MXN,EA
100,4500000076,000010,000000000000010111,17,3766503,MXN,EA
100,4500000077,000010,000000000000010012,17,3840232,MXN,EA
100,4500000077,000020,000000000000010059,16,6639264,MXN,EA
100,4500000077,000030,000000000000010098,12,3717960,MXN,EA
100,4500000078,000010,000000000000010148,4,896312,MXN,EA
100,4500000078,000020,000000000000010035,9,2260431,MXN,EA
100,4500000078,000030,000000000000010060,3,448539,MXN,EA
100,4500000078,000040,000000000000010140,14,1906296,MXN,EA
100,4500000078,000050,000000000000010049,1,372798,MXN,EA
100,4500000078,000060,000000000000010002,19,5224259,MXN,EA
100,4500000079,000010,000000000000010134,1,197623,USD,EA
100,4500000080,000010,000000000000010053,11,2368872,MXN,EA
100,4500000080,000020,000000000000010093,4,328592,MXN,EA
100,4500000080,000030,000000000000010110,19,2545544,MXN,EA
100,4500000080,000040,000000000000010067,18,4015224,MXN,EA
100,4500000080,000050,000000000000010145,12,3861612,MXN,EA
100,4500000080,000060,000000000000010071,13,5158686,MXN,EA
100,4500000081,000010,000000000000010106,18,7414740,MXN,EA
100,4500000081,000020,000000000000010143,16,1515200,MXN,EA
100,4500000082,000010,000000000000010144,18,4583322,EUR,EA
100,4500000082,000020,000000000000010065,10,3038550,EUR,EA
100,4500000082,000030,000000000000010089,13,5027893,EUR,EA
100,4500000083,000010,000000000000010031,8,1881152,MXN,EA
100,4500000083,000020,000000000000010042,4,453748,MXN,EA
100,4500000084,000010,000000000000010103,11,4629658,CLP,EA
100,4500000084,000020,000000000000010141,20,7329160,CLP,EA
100,4500000084,000030,000000000000010014,6,1230012,CLP,EA
100,4500000084,000040,000000000000010002,3,1297866,CLP,EA
100,4500000084,000050,000000000000010038,16,7782688,CLP,EA
100,4500000085,000010,000000000000010112,3,103788,USD,EA
100,4500000085,000020,000000000000010068,8,1563392,USD,EA
100,4500000085,000030,000000000000010021,20,415880,USD,EA
100,4500000085,000040,000000000000010099,13,4197622,USD,EA
100,4500000085,000050,000000000000010134,10,3740860,USD,EA
100,4500000086,000010,000000000000010015,6,2020182,USD,EA
100,4500000086,000020,000000000000010127,15,99225,USD,EA
100,4500000086,000030,000000000000010052,17,2566133,USD,EA
100,4500000086,000040,000000000000010050,2,824040,USD,EA
100,4500000086,000050,000000000000010131,17,6242196,USD,EA
100,4500000087,000010,000000000000010044,2,379214,MXN,EA
100,4500000087,000020,000000000000010062,1,83546,MXN,EA
100,4500000088,000010,000000000000010071,13,2419820,USD,EA
100,4500000089,000010,000000000000010102,13,4007562,EUR,EA
100,4500000089,000020,000000000000010052,17,153952,EUR,EA
100,4500000089,000030,000000000000010018,3,867432,EUR,EA
100,4500000089,000040,000000000000010073,18,8653104,EUR,EA
100,4500000089,000050,000000000000010150,12,2198124,EUR,EA
100,4500000089,000060,000000000000010071,8,2551272,EUR,EA
100,4500000090,000010,000000000000010117,13,3931408,MXN,EA
100,4500000090,000020,000000000000010002,9,834912,MXN,EA
100,4500000091,000010,000000000000010130,4,1175532,MXN,EA
100,4500000091,000020,000000000000010019,17,2639624,MXN,EA
100,4500000091,000030,000000000000010088,4,1687888,MXN,EA
100,4500000091,000040,000000000000010132,9,4143015,MXN,EA
100,4500000092,000010,000000000000010148,9,3284604,MXN,EA
100,4500000092,000020,000000000000010114,13,3851406,MXN,EA
100,4500000092,000030,000000000000010124,8,3185072,MXN,EA
100,4500000092,000040,000000000000010087,15,5375265,MXN,EA
100,4500000092,000050,000000000000010118,19,8606012,MXN,EA
100,4500000093,000010,000000000000010124,4,544684,MXN,EA
100,4500000094,000010,000000000000010098,8,2847176,MXN,EA
100,4500000095,000010,000000000000010059,11,2389519,JPY,EA
100,4500000095,000020,000000000000010091,17,4791195,JPY,EA
100,4500000095,000030,000000000000010003,9,1180422,JPY,EA
100,4500000095,000040,000000000000010074,3,630462,JPY,EA
100,4500000095,000050,000000000000010088,3,875232,JPY,EA
100,4500000095,000060,000000000000010046,16,2648944,JPY,EA
100,4500000096,000010,000000000000010056,19,2699387,MXN,EA
100,4500000096,000020,000000000000010047,7,1838333,MXN,EA
100,4500000096,000030,000000000000010052,8,3092608,MXN,EA
100,4500000097,000010,000000000000010068,7,848190,CLP,EA
100,4500000097,000020,000000000000010052,8,3515840,CLP,EA
100,4500000098,000010,000000000000010092,5,2046940,USD,EA
100,4500000098,000020,000000000000010028,4,1933772,USD,EA
100,4500000098,000030,000000000000010021,16,5165152,USD,EA
100,4500000098,000040,000000000000010002,18,416844,USD,EA
100,4500000098,000050,000000000000010124,12,3916896,USD,EA
100,4500000099,000010,000000000000010127,19,8673215,MXN,EA
100,4500000099,000020,000000000000010071,16,1550032,MXN,EA
100,4500000099,000030,000000000000010131,9,1886427,MXN,EA
100,4500000100,000010,000000000000010148,5,146945,MXN,EA
100,4500000100,000020,000000000000010135,14,3524878,MXN,EA
100,4500000101,000010,000000000000010009,17,3112343,MXN,EA
100,4500000101,000020,000000000000010101,6,1444212,MXN,EA
100,4500000101,000030,000000000000010031,17,4117553,MXN,EA
100,4500000101,000040,000000000000010081,1,7197,MXN,EA
100,4500000101,000050,000000000000010054,13,3972995,MXN,EA
100,4500000102,000010,000000000000010084,12,3867264,MXN,EA
100,4500000103,000010,000000000000010048,18,2498544,USD,EA
100,4500000103,000020,000000000000010061,9,2233080,USD,EA
100,4500000103,000030,000000000000010088,12,1169076,USD,EA
100,4500000104,000010,000000000000010109,7,1545075,MXN,EA
100,4500000104,000020,000000000000010096,12,5386944,MXN,EA
100,4500000104,000030,000000000000010103,9,2135799,MXN,EA
100,4500000104,000040,000000000000010047,19,1325326,MXN,EA
100,4500000105,000010,000000000000010059,4,1515656,JPY,EA
100,4500000105,000020,000000000000010070,8,2337264,JPY,EA
100,4500000105,000030,000000000000010111,13,1349309,JPY,EA
100,4500000105,000040,000000000000010038,5,1244905,JPY,EA
100,4500000105,000050,000000000000010003,6,1331988,JPY,EA
100,4500000106,000010,000000000000010035,17,4776320,CLP,EA
100,4500000106,000020,000000000000010081,16,2532864,CLP,EA
100,4500000106,000030,000000000000010065,18,8119836,CLP,EA
100,4500000106,000040,000000000000010146,2,419754,CLP,EA
100,4500000107,000010,000000000000010042,2,227932,USD,EA
100,4500000108,000010,000000000000010122,4,947412,MXN,EA
100,4500000108,000020,000000000000010086,9,1712232,MXN,EA
100,4500000108,000030,000000000000010093,18,5279148,MXN,EA
100,4500000109,000010,000000000000010089,1,216881,MXN,EA
100,4500000109,000020,000000000000010032,12,5469000,MXN,EA
100,4500000109,000030,000000000000010051,19,5755746,MXN,EA
100,4500000110,000010,000000000000010138,6,2460636,MXN,EA
100,4500000110,000020,000000000000010073,12,2057280,MXN,EA
100,4500000110,000030,000000000000010131,16,6515024,MXN,EA
100,4500000110,000040,000000000000010115,3,602370,MXN,EA
100,4500000110,000050,000000000000010074,15,4982985,MXN,EA
100,4500000110,000060,000000000000010038,6,2021088,MXN,EA
100,4500000111,000010,000000000000010108,20,6014040,USD,EA
100,4500000111,000020,000000000000010104,3,127431,USD,EA
100,4500000111,000030,000000000000010042,11,,USD,EA
100,4500000112,000010,000000000000010082,10,3734710,MXN,EA
100,4500000112,000020,000000000000010069,20,6779580,MXN,EA
100,4500000112,000030,000000000000010102,9,4197654,MXN,EA
100,4500000113,000010,000000000000010093,19,5208280,USD,EA
100,4500000113,000020,000000000000010116,14,1242108,USD,EA
100,4500000113,000030,000000000000010048,1,66556,USD,EA
100,4500000113,000040,000000000000010061,9,4446540,USD,EA
100,4500000114,000010,000000000000010021,7,619563,USD,EA
100,4500000114,000020,000000000000010102,4,204388,USD,EA
100,4500000114,000030,000000000000010017,16,4616592,USD,EA
100,4500000114,000040,000000000000010014,1,405191,USD,EA
100,4500000114,000050,000000000000010102,17,6835326,USD,EA
100,4500000114,000060,000000000000010022,4,554400,USD,EA
100,4500000115,000010,000000000000010040,3,1032960,MXN,EA
100,4500000115,000020,000000000000010100,10,1212480,MXN,EA
100,4500000115,000030,000000000000010064,10,2333430,MXN,EA
100,4500000115,000040,000000000000010033,5,1385820,MXN,EA
100,4500000115,000050,000000000000010044,1,19431,MXN,EA
100,4500000116,000010,000000000000010092,11,4995221,MXN,EA
100,4500000116,000020,000000000000010122,15,6864015,MXN,EA
100,4500000116,000030,000000000000010139,9,2597355,MXN,EA
100,4500000116,000040,000000000000010114,5,2491395,MXN,EA
100,4500000116,000050,000000000000010139,6,1864590,MXN,EA
100,4500000116,000060,000000000000010117,19,4352007,MXN,EA
100,4500000117,000010,000000000000010137,10,4775370,MXN,EA
100,4500000117,000020,000000000000010089,16,4543056,MXN,EA
100,4500000117,000030,000000000000010059,3,697986,MXN,EA
100,4500000117,000040,000000000000010079,12,2605356,MXN,EA
100,4500000117,000050,000000000000010067,5,800795,MXN,EA
100,4500000118,000010,000000000000010001,17,7284381,MXN,EA
100,4500000119,000010,000000000000010089,10,2469940,MXN,EA
100,4500000119,000020,000000000000010137,1,361589,MXN,EA
100,4500000120,000010,000000000000010123,10,57880,MXN,EA
100,4500000120,000020,000000000000010111,10,3140010,MXN,EA
100,4500000120,000030,000000000000010060,1,288421,MXN,EA
100,4500000120,000040,000000000000010096,7,1518076,MXN,EA
100,4500000121,000010,000000000000010112,13,1716221,MXN,EA
100,4500000121,000020,000000000000010042,13,5659342,MXN,EA
100,4500000121,000030,000000000000010097,8,1111016,MXN,EA
100,4500000121,000040,000000000000010021,14,4603886,MXN,EA
100,4500000121,000050,000000000000010062,17,6831246,MXN,EA
100,4500000122,000010,000000000000010070,10,3409780,USD,EA
100,4500000122,000020,000000000000010137,9,1957320,USD,EA
100,4500000122,000030,000000000000010049,3,289899,USD,EA
100,4500000122,000040,000000000000010035,10,588580,USD,EA
100,4500000122,000050,000000000000010117,20,4767600,USD,EA
100,4500000123,000010,000000000000010126,7,1183763,USD,EA
100,4500000123,000020,000000000000010005,5,135105,USD,EA
100,4500000123,000030,000000000000010137,1,98484,USD,EA
100,4500000124,000010,000000000000010073,9,599004,USD,EA
100,4500000125,000010,000000000000010113,1,123059,MXN,EA
100,4500000125,000020,000000000000010024,5,43600,MXN,EA
100,4500000125,000030,000000000000010127,7,1261820,MXN,EA
100,4500000125,000040,000000000000010108,10,4129460,MXN,EA
100,4500000125,000050,000000000000010128,12,2929248,MXN,EA
100,4500000125,000060,000000000000010009,11,473660,MXN,EA
100,4500000126,000010,000000000000010015,9,3668985,MXN,EA
100,4500000126,000020,000000000000010101,3,857367,MXN,EA
100,4500000127,000010,000000000000010047,7,3294228,MXN,EA
100,4500000127,000020,000000000000010065,13,5658146,MXN,EA
100,4500000127,000030,000000000000010004,4,1614916,MXN,EA
100,4500000127,000040,000000000000010064,13,5269472,MXN,EA
100,4500000128,000010,000000000000010064,2,210854,CLP,EA
100,4500000128,000020,000000000000010118,4,1096904,CLP,EA
100,4500000128,000030,000000000000010054,16,3280192,CLP,EA
100,4500000128,000040,000000000000010080,11,925738,CLP,EA
100,4500000129,000010,000000000000010011,18,4934070,USD,EA
100,4500000129,000020,000000000000010032,9,2279718,USD,EA
100,4500000129,000030,000000000000010077,7,1329769,USD,EA
100,4500000129,000040,000000000000010014,7,421449,USD,EA
100,4500000129,000050,000000000000010061,14,2395932,USD,EA
100,4500000129,000060,000000000000010004,6,2504934,USD,EA
100,4500000130,000010,000000000000010150,4,834068,USD,EA
100,4500000130,000020,000000000000010063,1,23016,USD,EA
100,4500000130,000030,000000000000010149,16,5790768,USD,EA
100,4500000131,000010,000000000000010040,12,4861428,MXN,EA
100,4500000131,000020,000000000000010023,8,669432,MXN,EA
100,4500000131,000030,000000000000010128,3,1081896,MXN,EA
100,4500000131,000040,000000000000010087,2,64678,MXN,EA
100,4500000131,000050,000000000000010092,5,1843485,MXN,EA
100,4500000132,000010,000000000000010028,5,1283850,MXN,EA
100,4500000132,000020,000000000000010060,11,3231096,MXN,EA
100,4500000132,000030,000000000000010089,15,5781030,MXN,EA
100,4500000132,000040,000000000000010050,1,362365,MXN,EA
100,4500000132,000050,000000000000010097,12,4569516,MXN,EA
100,4500000133,000010,000000000000010065,2,510876,MXN,EA
100,4500000133,000020,000000000000010113,18,2799270,MXN,EA
100,4500000134,000010,000000000000010126,7,2086798,USD,EA
100,4500000134,000020,000000000000010048,18,3298968,USD,EA
100,4500000134,000030,000000000000010083,15,2180235,USD,EA
100,4500000134,000040,000000000000010142,6,222666,USD,EA
100,4500000134,000050,000000000000010136,5,1183030,USD,EA
100,4500000135,000010,000000000000010068,18,3482496,USD,EA
100,4500000135,000020,000000000000010117,1,407804,USD,EA
100,4500000135,000030,000000000000010130,13,5013411,USD,EA
100,4500000136,000010,000000000000010005,20,9004500,MXN,EA
100,4500000136,000020,000000000000010094,20,2523840,MXN,EA
100,4500000137,000010,000000000000010017,18,7747506,MXN,EA
100,4500000137,000020,000000000000010100,7,1930341,MXN,EA
100,4500000137,000030,000000000000010128,18,1472562,MXN,EA
100,4500000138,000010,000000000000010073,11,2374405,USD,EA
100,4500000138,000020,000000000000010083,4,205864,USD,EA
100,4500000138,000030,000000000000010134,3,71853,USD,EA
100,4500000138,000040,000000000000010034,6,2753766,USD,EA
100,4500000138,000050,000000000000010009,7,399889,USD,EA
100,4500000139,000010,000000000000010050,4,70724,USD,EA
100,4500000139,000020,000000000000010147,13,4497220,USD,EA
100,4500000139,000030,000000000008880521,17,5578380,USD,EA
100,4500000139,000040,000000000000010066,2,386150,USD,EA
100,4500000140,000010,000000000000010019,1,488698,MXN,EA
100,4500000140,000020,000000000000010054,16,7804000,MXN,EA
100,4500000141,000010,000000000000010120,2,380458,MXN,EA
100,4500000142,000010,000000000000010107,12,5008980,EUR,EA
100,4500000142,000020,000000000000010015,20,2807260,EUR,EA
100,4500000142,000030,000000000000010136,2,771968,EUR,EA
100,4500000142,000040,000000000000010019,10,418600,EUR,EA
100,4500000142,000050,000000000000010056,17,882606,EUR,EA
100,4500000143,000010,000000000000010060,18,3654432,USD,EA
100,4500000144,000010,000000000000010050,17,5871664,JPY,EA
100,4500000144,000020,000000000000010064,19,6248150,JPY,EA
100,4500000145,000010,000000000000010143,18,3936168,MXN,EA
100,4500000145,000020,000000000000010028,19,3584825,MXN,EA
100,4500000146,000010,000000000000010118,14,6493956,MXN,EA
100,4500000146,000020,000000000000010027,6,2498868,MXN,EA
100,4500000146,000030,000000000000010047,18,3807558,MXN,EA
100,4500000146,000040,000000000000010130,11,3803096,MXN,EA
100,4500000146,000050,000000000000010041,18,5679504,MXN,EA
100,4500000146,000060,000000000000010114,12,5689944,MXN,EA
100,4500000147,000010,000000000000010141,11,4883406,CLP,EA
100,4500000147,000020,000000000000010096,14,5623128,CLP,EA
100,4500000147,000030,000000000000010111,11,3519813,CLP,EA
100,4500000148,000010,000000000000010145,18,2036862,MXN,EA
100,4500000148,000020,000000000000010097,18,8758206,MXN,EA
100,4500000149,000010,000000000000010066,12,2858268,USD,EA
100,4500000149,000020,000000000000010115,13,14326,USD,EA
100,4500000149,000030,000000000000010009,10,3133510,USD,EA
100,4500000149,000040,000000000000010005,17,1220991,USD,EA
100,4500000149,000050,000000000000010078,1,158461,USD,EA
100,4500000149,000060,000000000000010057,7,3147501,USD,EA
100,4500000150,000010,000000000000010006,9,4345911,USD,EA
100,4500000150,000020,000000000000010142,17,4975441,USD,EA
100,4500000150,000030,000000000000010147,19,1560185,USD,EA
100,4500000151,000010,000000000000010010,15,2811990,USD,EA
100,4500000152,000010,000000000000010036,9,1741113,MXN,EA
100,4500000152,000020,000000000000010150,8,985248,MXN,EA
100,4500000153,000010,000000000000010077,3,900297,EUR,EA
100,4500000153,000020,000000000000010103,19,9162446,EUR,EA
100,4500000153,000030,000000000000010056,3,1141092,EUR,EA
100,4500000154,000010,000000000000010124,6,1541982,USD,EA
100,4500000154,000020,000000000000010148,4,1252288,USD,EA
100,4500000154,000030,000000000000010077,2,768288,USD,EA
100,4500000155,000010,000000000000010098,3,1230024,MXN,EA
100,4500000155,000020,000000000000010015,11,2017565,MXN,EA
100,4500000155,000030,000000000000010112,14,6842024,MXN,EA
100,4500000155,000040,000000000000010031,8,3143984,MXN,EA
100,4500000155,000050,000000000000010003,13,381914,MXN,EA
100,4500000156,000010,000000000000010135,2,336826,MXN,EA
100,4500000156,000020,000000000000010139,19,1509037,MXN,EA
100,4500000156,000030,000000000000010084,17,6236127,MXN,EA
100,4500000157,000010,000000000000010040,2,708356,MXN,EA
100,4500000157,000020,000000000000010101,15,5935575,MXN,EA
100,4500000158,000010,000000000000010148,17,819893,MXN,EA
100,4500000158,000020,000000000000010057,14,2141006,MXN,EA
100,4500000158,000030,000000000000010101,5,351525,MXN,EA
100,4500000158,000040,000000000000010087,3,751452,MXN,EA
100,4500000158,000050,000000000000010147,2,576778,MXN,EA
100,4500000159,000010,000000000000010068,3,629826,USD,EA
100,4500000159,000020,000000000000010129,14,5693898,USD,EA
100,4500000159,000030,000000000000010034,5,1265705,USD,EA
100,4500000159,000040,000000000000010144,7,1797453,USD,EA
100,4500000160,000010,000000000000010147,7,2066491,JPY,EA
100,4500000160,000020,000000000000010135,8,1024336,JPY,EA
100,4500000160,000030,000000000000010019,9,3674268,JPY,EA
100,4500000160,000040,000000000000010111,11,3959989,JPY,EA
100,4500000161,000010,000000000000010023,4,1412756,JPY,EA
100,4500000161,000020,000000000000010106,14,2695070,JPY,EA
100,4500000161,000030,000000000000010090,7,1184113,JPY,EA
100,4500000161,000040,000000000000010089,20,6892460,JPY,EA
100,4500000161,000050,000000000000010007,10,897380,JPY,EA
100,4500000162,000010,000000000000010114,20,1549000,MXN,EA
100,4500000162,000020,000000000000010113,2,971106,MXN,EA
100,4500000162,000030,000000000000010060,7,2522275,MXN,EA
100,4500000163,000010,000000000000010040,3,179745,EUR,EA
100,4500000163,000020,000000000000010014,8,3988144,EUR,EA
100,4500000163,000030,000000000000010038,10,82000,EUR,EA
100,4500000164,000010,000000000000010029,10,2369610,MXN,EA
100,4500000164,000020,000000000000010121,1,174998,MXN,EA
100,4500000164,000030,000000000000010054,18,2017494,MXN,EA
100,4500000165,000010,000000000000010140,17,6704834,MXN,EA
100,4500000165,000020,000000000000010067,18,4576392,MXN,EA
100,4500000166,000010,000000000000010037,1,198450,USD,EA
100,4500000166,000020,000000000000010150,17,404549,USD,EA
100,4500000166,000030,000000000000010066,6,195084,USD,EA
100,4500000166,000040,000000000000010073,7,,USD,EA
100,4500000166,000050,000000000000010070,2,489546,USD,EA
100,4500000167,000010,000000000000010003,3,614283,CLP,EA
100,4500000167,000020,000000000000010070,12,5449584,CLP,EA
100,4500000167,000030,000000000000010028,1,154351,CLP,EA
100,4500000167,000040,000000000000010099,8,1604776,CLP,EA
100,4500000167,000050,000000000000010131,4,1899556,CLP,EA
100,4500000167,000060,000000000000010081,16,7287008,CLP,EA
100,4500000168,000010,000000000000010137,3,296208,EUR,EA
100,4500000168,000020,10051,17,4098972,EUR,EA
100,4500000168,000030,000000000000010144,1,21841,EUR,EA
100,4500000168,000040,000000000000010064,17,2734773,EUR,EA
100,4500000168,000050,000000000000010086,16,3316064,EUR,EA
100,4500000169,000010,000000000000010041,1,182812,USD,EA
100,4500000169,000020,000000000000010091,12,3945612,USD,EA
100,4500000169,000030,000000000000010078,8,2110400,USD,EA
100,4500000169,000040,000000000000010071,2,658190,USD,EA
100,4500000169,000050,000000000000010066,13,6081751,USD,EA
100,4500000169,000060,000000000000010008,18,999999999999,USD,EA
100,4500000170,000010,000000000000010058,5,900970,MXN,EA
100,4500000170,000020,000000000000010101,5,235145,MXN,EA
100,4500000170,000030,000000000000010098,17,6059888,MXN,EA
100,4500000171,000010,000000000000010059,14,1778252,MXN,EA
100,4500000171,000020,000000000000010147,5,1122950,MXN,EA
100,4500000171,000030,000000000000010080,20,3472800,MXN,EA
100,4500000171,000040,000000000000010115,18,1261548,MXN,EA
100,4500000171,000050,000000000000010053,5,1528135,MXN,EA
100,4500000172,000010,000000000000010052,5,815020,CLP,EA
100,4500000172,000020,000000000000010135,5,1132385,CLP,EA
100,4500000172,000030,000000000000010038,19,9154770,CLP,EA
100,4500000172,000040,000000000000010041,11,402094,CLP,EA
100,4500000172,000050,000000000000010143,18,8970120,CLP,EA
100,4500000173,000010,000000000000010031,6,1005072,MXN,EA
100,4500000173,000020,000000000000010038,1,402308,MXN,EA
100,4500000173,000030,000000000000010082,14,3032596,MXN,EA
100,4500000173,000040,000000000000010078,15,5878710,MXN,EA
100,4500000173,000050,000000000000010071,5,2047380,MXN,EA
100,4500000173,000060,000000000000010049,4,279868,MXN,EA
100,4500000174,000010,000000000000010007,20,6489140,USD,EA
100,4500000174,000020,000000000000010069,20,5965860,USD,EA
100,4500000175,000010,000000000000010060,20,2454600,MXN,EA
100,4500000175,000020,000000000000010060,1,189356,MXN,EA
100,4500000175,000030,000000000000010021,16,1140800,MXN,EA
100,4500000175,000040,000000000000010129,20,4935340,MXN,EA
100,4500000175,000050,000000000000010096,6,2686566,MXN,EA
100,4500000176,000010,000000000000010126,16,1169536,JPY,EA
100,4500000176,000020,000000000000010042,7,837424,JPY,EA
100,4500000176,000030,000000000000010009,14,5625732,JPY,EA
100,4500000176,000040,000000000000010004,9,4492593,JPY,EA
100,4500000177,000010,000000000000010057,7,2788051,MXN,EA
100,4500000177,000020,000000000000010053,3,281517,MXN,EA
100,4500000177,000030,000000000000010113,20,5157420,MXN,EA
100,4500000177,000040,000000000000010084,15,6995265,MXN,EA
100,4500000178,000010,000000000000010110,13,5303480,USD,EA
100,4500000178,000020,000000000000010011,20,7730500,USD,EA
100,4500000179,000010,000000000000010081,13,4180852,MXN,EA
100,4500000179,000020,000000000000010147,20,5642020,MXN,EA
100,4500000179,000030,000000000000010135,2,547940,MXN,EA
100,4500000179,000040,000000000000010028,15,3608205,MXN,EA
100,4500000180,000010,000000000000010063,17,4810966,MXN,EA
100,4500000181,000010,000000000000010011,18,3673944,MXN,EA
100,4500000181,000020,000000000000010133,2,201072,MXN,EA
100,4500000181,000030,000000000000010075,15,3145305,MXN,EA
100,4500000181,000040,000000000000010078,10,2428780,MXN,EA
100,4500000182,000010,000000000000010109,10,3224580,MXN,EA
100,4500000182,000020,000000000000010014,17,8071362,MXN,EA
100,4500000183,000010,000000000000010119,15,726255,MXN,EA
100,4500000183,000020,000000000000010129,4,381004,MXN,EA
100,4500000184,000010,000000000000010140,5,1035400,MXN,EA
100,4500000184,000020,000000000000010106,11,2611334,MXN,EA
100,4500000184,000030,000000000000010007,6,1433154,MXN,EA
100,4500000184,000040,000000000000010052,15,724200,MXN,EA
100,4500000184,000050,000000000000010065,11,4000249,MXN,EA
100,4500000185,000010,000000000000010042,4,195240,USD,EA
100,4500000185,000020,000000000000010030,15,5001540,USD,EA
100,4500000185,000030,000000000000010093,3,826893,USD,EA
100,4500000185,000040,000000000000010099,17,5472334,USD,EA
100,4500000185,000050,000000000000010041,13,3764007,USD,EA
100,4500000185,000060,000000000000010098,2,807578,USD,EA
100,4500000186,000010,000000000000010086,19,8698466,EUR,EA
100,4500000186,000020,000000000000010039,6,2739066,EUR,EA
100,4500000187,000010,000000000000010046,2,441962,MXN,EA
100,4500000187,000020,000000000000010079,10,3838150,MXN,EA
100,4500000188,000010,000000000000010074,6,375792,USD,EA
100,4500000188,000020,000000000000010034,7,19964,USD,EA
100,4500000188,000030,000000000000010065,1,241460,USD,EA
100,4500000188,000040,000000000000010128,16,4575216,USD,EA
100,4500000189,000010,000000000000010127,8,917632,MXN,EA
100,4500000190,000010,000000000000010122,15,3240555,MXN,EA
100,4500000190,000020,000000000000010114,3,948630,MXN,EA
100,4500000190,000030,000000000000010002,8,3708080,MXN,EA
100,4500000190,000040,000000000000010141,9,2933415,MXN,EA
100,4500000190,000050,000000000000010143,7,186529,MXN,EA
100,4500000191,000010,000000000000010038,2,687010,MXN,EA
100,4500000191,000020,000000000000010090,2,154436,MXN,EA
100,4500000192,000010,000000000000010148,20,3149380,MXN,EA
100,4500000193,000010,000000000000010023,2,116176,MXN,EA
100,4500000193,000020,000000000000010107,6,513516,MXN,EA
100,4500000193,000030,000000000000010073,20,6950280,MXN,EA
100,4500000194,000010,000000000000010147,18,1692324,MXN,EA
100,4500000194,000020,000000000000010117,19,3606998,MXN,EA
100,4500000194,000030,000000000000010010,3,1211763,MXN,EA
100,4500000194,000040,000000000000010077,11,2136596,MXN,EA
100,4500000194,000050,000000000000010098,3,1195926,MXN,EA
100,4500000194,000060,000000000000010110,18,630702,MXN,EA
100,4500000195,000010,000000000000010121,5,324875,MXN,EA
100,4500000195,000020,000000000000010071,11,3050597,MXN,EA
100,4500000195,000030,000000000000010106,17,1887323,MXN,EA
100,4500000196,000010,000000000000010054,20,630100,USD,EA
100,4500000196,000020,000000000000010028,19,7288153,USD,EA
100,4500000196,000030,000000000000010136,3,763734,USD,EA
100,4500000196,000040,000000000000010074,14,4482926,USD,EA
100,4500000196,000050,000000000000010082,9,2488104,USD,EA
100,4500000196,000060,000000000000010148,20,3730420,USD,EA
100,4500000197,000010,000000000000010145,16,4375600,MXN,EA
100,4500000197,000020,000000000000010128,16,6793824,MXN,EA
100,4500000198,000010,000000000000010060,10,1024780,MXN,EA
100,4500000198,000020,000000000000010001,4,54300,MXN,EA
100,4500000199,000010,000000000000010031,7,2941407,MXN,EA
100,4500000199,000020,000000000000010107,14,347914,MXN,EA
100,4500000199,000030,000000000000010086,12,3537828,MXN,EA
100,4500000199,000040,000000000000010055,1,336868,MXN,EA
100,4500000200,000010,000000000000010073,9,3737610,EUR,EA
100,4500000200,000020,000000000000010018,10,1584350,EUR,EA
100,4500000201,000010,000000000000010141,11,4434595,USD,EA
100,4500000201,000020,000000000000010002,4,1442300,USD,EA
100,4500000201,000030,000000000000010086,11,2295073,USD,EA
100,4500000201,000040,000000000000010146,20,325300,USD,EA
100,4500000201,000050,000000000000010045,7,1219988,USD,EA
100,4500000202,000010,000000000000010123,16,6703840,MXN,EA
100,4500000202,000020,000000000000010010,5,1267210,MXN,EA
100,4500000202,000030,000000000000010040,15,7030425,MXN,EA
100,4500000203,000010,000000000000010086,15,6180540,MXN,EA
100,4500000203,000020,000000000000010106,2,877670,MXN,EA
100,4500000203,000030,000000000000010134,10,2971920,MXN,EA
100,4500000203,000040,000000000000010081,18,5075244,MXN,EA
100,4500000203,000050,000000000000010005,7,,MXN,EA
100,4500000204,000010,000000000000010085,12,428568,MXN,EA
100,4500000204,000020,000000000000010039,9,3976101,MXN,EA
100,4500000204,000030,000000000000010008,11,2175074,MXN,EA
100,4500000204,000040,000000000000010137,6,1802148,MXN,EA
100,4500000204,000050,000000000000010100,6,1878306,MXN,EA
100,4500000204,000060,000000000000010030,10,3707620,MXN,EA
100,4500000205,000010,000000000000010009,9,1961874,JPY,EA
100,4500000205,000020,000000000000010023,16,7373216,JPY,EA
100,4500000205,000030,000000000000010061,12,2855148,JPY,EA
100,4500000206,000010,000000000000010056,17,2711517,MXN,EA
100,4500000206,000020,000000000000010045,4,788784,MXN,EA
100,4500000206,000030,000000000000010010,7,3359020,MXN,EA
100,4500000207,000010,000000000000010114,17,239241,MXN,EA
100,4500000208,000010,000000000000010129,5,503625,USD,EA
100,4500000208,000020,000000000000010088,16,6160160,USD,EA
100,4500000208,000030,000000000000010135,10,4076020,USD,EA
100,4500000208,000040,000000000000010084,5,2022145,USD,EA
100,4500000209,000010,000000000000010133,5,542885,MXN,EA
100,4500000210,000010,000000000000010010,15,3063105,USD,EA
100,4500000210,000020,000000000000010134,4,12616,USD,EA
100,4500000210,000030,000000000000010080,2,722426,USD,EA
100,4500000210,000040,000000000000010023,11,2703547,USD,EA
100,4500000210,000050,000000000000010012,4,1095728,USD,EA
100,4500000210,000060,000000000000010080,1,303807,USD,EA
100,4500000211,000010,000000000000010054,11,1167628,MXN,EA
100,4500000211,000020,000000000000010050,10,1460440,MXN,EA
100,4500000211,000030,000000000000010137,11,4467793,MXN,EA
100,4500000212,000010,000000000000010031,9,713583,MXN,EA
100,4500000212,000020,000000000000010041,9,549090,MXN,EA
100,4500000212,000030,000000000000010004,20,999999999999,MXN,EA
100,4500000212,000040,000000000000010132,4,437224,MXN,EA
100,4500000213,000010,000000000000010090,18,3023586,MXN,EA
100,4500000213,000020,000000000000010070,5,2477745,MXN,EA
100,4500000213,000030,000000000000010073,19,2457802,MXN,EA
100,4500000213,000040,000000000000010044,3,492753,MXN,EA
100,4500000213,000050,000000000000010087,18,4204782,MXN,EA
100,4500000214,000010,000000000000010034,1,247801,JPY,EA
100,4500000215,000010,000000000000010013,4,808464,MXN,EA
100,4500000215,000020,000000000000010014,3,673770,MXN,EA
100,4500000215,000030,000000000000010101,6,2222724,MXN,EA
100,4500000215,000040,000000000000010115,20,3748980,MXN,EA
100,4500000215,000050,000000000000010080,11,4725325,MXN,EA
100,4500000215,000060,000000000000010051,18,759240,MXN,EA
100,4500000216,000010,000000000000010146,5,248570,MXN,EA
100,4500000216,000020,000000000000010120,4,959428,MXN,EA
100,4500000216,000030,000000000000010080,15,3715515,MXN,EA
100,4500000216,000040,000000000000010060,8,610808,MXN,EA
100,4500000217,000010,000000000000010067,12,2478732,MXN,EA
100,4500000217,000020,000000000000010047,11,4560017,MXN,EA
100,4500000217,000030,000000000000010084,15,3848895,MXN,EA
100,4500000217,000040,000000000000010008,3,750636,MXN,EA
100,4500000217,000050,000000000000010029,12,3023412,MXN,EA
100,4500000218,000010,000000000000010044,10,4036220,CLP,EA
100,4500000218,000020,000000000000010090,20,6045920,CLP,EA
100,4500000218,000030,000000000000010033,17,934422,CLP,EA
100,4500000218,000040,000000000000010104,4,687396,CLP,EA
100,4500000219,000010,000000000000010019,10,2803120,USD,EA
100,4500000219,000020,000000000000010119,13,4037930,USD,EA
100,4500000219,000030,000000000000010106,8,2612136,USD,EA
100,4500000219,000040,000000000000010063,18,1518696,USD,EA
100,4500000219,000050,000000000000010124,13,463242,USD,EA
100,4500000220,000010,000000000000010054,19,4313855,MXN,EA
100,4500000220,000020,000000000000010112,19,7861915,MXN,EA
100,4500000220,000030,000000000000010088,18,6568650,MXN,EA
100,4500000221,000010,000000000000010045,3,1165923,MXN,EA
100,4500000221,000020,000000000000010147,16,975008,MXN,EA
100,4500000222,000010,000000000000010119,11,3212275,MXN,EA
100,4500000222,000020,000000000000010025,15,1400475,MXN,EA
100,4500000222,000030,000000000000010079,13,487422,MXN,EA
100,4500000222,000040,000000000000010028,20,8108120,MXN,EA
100,4500000222,000050,000000000000010098,11,2861683,MXN,EA
100,4500000223,000010,000000000000010016,3,345273,USD,EA
100,4500000223,000020,000000000000010036,19,9016754,USD,EA
100,4500000223,000030,000000000000010001,5,1737460,USD,EA
100,4500000223,000040,000000000000010039,15,4192965,USD,EA
100,4500000223,000050,000000000000010075,13,4208581,USD,EA
100,4500000223,000060,10148,15,1553775,USD,EA
100,4500000224,000010,000000000000010082,10,2999890,MXN,EA
100,4500000224,000020,000000000000010078,14,5282606,MXN,EA
100,4500000225,000010,000000000000010023,19,99864,MXN,EA
100,4500000225,000020,000000000000010131,13,5790265,MXN,EA
100,4500000225,000030,000000000000010033,10,337210,MXN,EA
100,4500000226,000010,000000000000010141,2,2884,MXN,EA
100,4500000226,000020,000000000000010144,12,702156,MXN,EA
100,4500000226,000030,000000000000010073,1,124334,MXN,EA
100,4500000227,000010,000000000000010101,11,4115914,USD,EA
100,4500000227,000020,000000000000010098,13,2613637,USD,EA
100,4500000227,000030,000000000000010112,18,2011284,USD,EA
100,4500000227,000040,000000000000010045,16,1182592,USD,EA
100,4500000228,000010,000000000000010143,13,5760898,MXN,EA
100,4500000228,000020,000000000000010093,14,1146320,MXN,EA
100,4500000229,000010,000000000000010033,5,35415,MXN,EA
100,4500000229,000020,000000000000010019,1,76495,MXN,EA
100,4500000229,000030,000000000000010125,14,1010590,MXN,EA
100,4500000230,000010,000000000000010036,14,6327538,MXN,EA
100,4500000231,000010,000000000000010109,20,1905300,MXN,EA
100,4500000231,000020,000000000000010117,17,3797171,MXN,EA
100,4500000231,000030,000000000000010142,15,3040515,MXN,EA
100,4500000231,000040,000000000000010091,8,787264,MXN,EA
100,4500000232,000010,000000000000010002,19,4981363,MXN,EA
100,4500000232,000020,000000000000010061,17,,MXN,EA
100,4500000232,000030,000000000000010106,18,5457132,MXN,EA
100,4500000232,000040,000000000000010094,2,41704,MXN,EA
100,4500000233,000010,000000000000010124,12,723960,JPY,EA
100,4500000233,000020,000000000000010149,16,5808304,JPY,EA
100,4500000233,000030,000000000000010021,5,1919135,JPY,EA
100,4500000233,000040,000000000000010135,9,2202840,JPY,EA
100,4500000233,000050,000000000000010133,3,826167,JPY,EA
100,4500000234,000010,000000000000010023,8,1989600,EUR,EA
100,4500000234,000020,000000000000010020,18,7549794,EUR,EA
100,4500000234,000030,000000000000010149,10,3224090,EUR,EA
100,4500000234,000040,000000000000010014,11,3096621,EUR,EA
100,4500000234,000050,000000000000010003,16,3824704,EUR,EA
100,4500000235,000010,000000000000010121,19,7328870,MXN,EA
100,4500000235,000020,000000000000010085,14,2604392,MXN,EA
100,4500000235,000030,000000000000010076,10,888220,MXN,EA
100,4500000235,000040,000000000000010010,20,7878280,MXN,EA
100,4500000235,000050,000000000000010078,19,2613393,MXN,EA
100,4500000236,000010,000000000000010122,19,1703274,MXN,EA
100,4500000237,000010,000000000000010014,10,4250940,USD,EA
100,4500000237,000020,000000000000010007,10,2551530,USD,EA
100,4500000237,000030,000000000000010022,5,1330385,USD,EA
100,4500000237,000040,000000000000010020,9,1198323,USD,EA
100,4500000237,000050,000000000000010034,20,2966200,USD,EA
100,4500000238,000010,000000000000010066,1,389722,JPY,EA
100,4500000238,000020,000000000000010029,20,1850940,JPY,EA
100,4500000238,000030,000000000000010039,15,2922960,JPY,EA
100,4500000239,000010,000000000000010067,8,2041888,MXN,EA
100,4500000239,000020,000000000000010047,17,7700031,MXN,EA
100,4500000240,000010,000000000000010088,3,231174,USD,EA
100,4500000241,000010,000000000000010040,16,6330608,EUR,EA
100,4500000241,000020,000000000000010106,13,1634776,EUR,EA
100,4500000241,000030,000000000000010113,6,669294,EUR,EA
100,4500000241,000040,000000000000010148,12,353784,EUR,EA
100,4500000241,000050,000000000000010068,4,114148,EUR,EA
100,4500000242,000010,000000000000010119,13,3258866,MXN,EA
100,4500000242,000020,000000000000010078,16,6275152,MXN,EA
100,4500000243,000010,000000000000010060,13,4671628,USD,EA
100,4500000243,000020,000000000000010100,16,2219056,USD,EA
100,4500000243,000030,000000000000010038,17,7773692,USD,EA
100,4500000243,000040,000000000000010112,1,152410,USD,EA
100,4500000243,000050,000000000000010115,13,4637425,USD,EA
100,4500000244,000010,000000000000010136,2,104092,MXN,EA
100,4500000244,000020,000000000000010137,12,5323488,MXN,EA
100,4500000244,000030,000000000000010111,20,9646360,MXN,EA
100,4500000245,000010,000000000000010070,11,1570008,MXN,EA
100,4500000245,000020,000000000000010069,4,539492,MXN,EA
100,4500000245,000030,000000000000010150,13,3155789,MXN,EA
100,4500000245,000040,000000000000010062,19,7694278,MXN,EA
100,4500000245,000050,000000000000010050,17,3024266,MXN,EA
100,4500000245,000060,000000000000010047,11,3169166,MXN,EA
100,4500000246,000010,000000000000010003,3,21813,MXN,EA
100,4500000247,000010,000000000000010026,17,943109,USD,EA
100,4500000247,000020,000000000000010115,12,1392444,USD,EA
100,4500000247,000030,000000000000010073,9,920061,USD,EA
100,4500000247,000040,000000000000010009,1,325742,USD,EA
100,4500000248,000010,000000000000010015,20,6905000,USD,EA
100,4500000249,000010,000000000000010032,4,185164,MXN,EA
100,4500000249,000020,000000000000010034,13,4486807,MXN,EA
100,4500000250,000010,000000000000010145,6,2824572,USD,EA
100,4500000250,000020,000000000000010029,6,802920,USD,EA
100,4500000250,000030,000000000000010076,15,5209200,USD,EA
100,4500000250,000040,000000000000010020,15,7271370,USD,EA
100,4500000250,000050,000000000000010071,14,5094922,USD,EA
100,4500000250,000060,000000000000010083,9,773244,USD,EA
100,4500000251,000010,000000000000010071,2,403392,EUR,EA
100,4500000252,000010,000000000000010086,2,272782,USD,EA
100,4500000252,000020,000000000000010068,6,1391928,USD,EA
100,4500000252,000030,10018,16,7805536,USD,EA
100,4500000252,000040,000000000000010052,20,4137060,USD,EA
100,4500000253,000010,000000000000010126,4,305720,USD,EA
100,4500000253,000020,000000000000010139,14,1616958,USD,EA
100,4500000254,000010,000000000000010028,15,5641125,MXN,EA
100,4500000254,000020,000000000000010067,4,77108,MXN,EA
100,4500000254,000030,000000000000010019,3,901647,MXN,EA
100,4500000254,000040,000000000000010065,15,162570,MXN,EA
100,4500000254,000050,000000000000010128,5,1716445,MXN,EA
100,4500000255,000010,000000000000010001,2,698888,USD,EA
100,4500000255,000020,10100,9,724365,USD,EA
100,4500000255,000030,000000000000010085,13,3929588,USD,EA
100,4500000255,000040,000000000000010001,17,6323813,USD,EA
100,4500000255,000050,000000000000010126,16,3673904,USD,EA
100,4500000255,000060,000000000000010104,3,852549,USD,EA
100,4500000256,000010,000000000000010001,13,4710823,USD,EA
100,4500000256,000020,000000000000010124,4,1193596,USD,EA
100,4500000257,000010,000000000000010092,11,3943258,MXN,EA
100,4500000257,000020,000000000000010078,13,389181,MXN,EA
100,4500000257,000030,000000000000010024,12,3375576,MXN,EA
100,4500000257,000040,000000000000010088,3,1326063,MXN,EA
100,4500000257,000050,000000000000010118,10,3406290,MXN,EA
100,4500000258,000010,000000000000010046,18,389160,MXN,EA
100,4500000258,000020,000000000000010099,7,1103858,MXN,EA
100,4500000259,000010,000000000000010100,4,1326496,MXN,EA
100,4500000259,000020,000000000000010092,16,727872,MXN,EA
100,4500000259,000030,000000000000010113,7,520590,MXN,EA
100,4500000259,000040,000000000000010010,7,100086,MXN,EA
100,4500000259,000050,000000000000010062,16,3277216,MXN,EA
100,4500000259,000060,000000000000010017,18,6089940,MXN,EA
100,4500000260,000010,000000000000010128,18,7890966,MXN,EA
100,4500000260,000020,000000000000010116,1,20421,MXN,EA
100,4500000260,000030,000000000000010087,2,356122,MXN,EA
100,4500000261,000010,000000000000010011,13,818532,MXN,EA
100,4500000261,000020,000000000000010055,17,4102406,MXN,EA
100,4500000261,000030,000000000000010138,5,1947620,MXN,EA
100,4500000261,000040,000000000000010149,8,3886952,MXN,EA
100,4500000261,000050,000000000000010019,2,773184,MXN,EA
100,4500000261,000060,000000000000010037,16,5500736,MXN,EA
100,4500000262,000010,000000000000010121,20,500260,MXN,EA
100,4500000263,000010,000000000000010034,1,91308,EUR,EA
100,4500000263,000020,000000000000010013,10,4313030,EUR,EA
100,4500000264,000010,000000000000010117,20,1809800,MXN,EA
100,4500000265,000010,000000000000010017,4,243452,MXN,EA
100,4500000265,000020,000000000000010128,20,8399940,MXN,EA
100,4500000265,000030,000000000000010057,3,1268295,MXN,EA
100,4500000265,000040,000000000000010052,14,2490096,MXN,EA
100,4500000265,000050,000000000000010103,11,707685,MXN,EA
100,4500000266,000010,000000000000010148,18,1314000,MXN,EA
100,4500000266,000020,000000000000010083,7,2811725,MXN,EA
100,4500000266,000030,000000000000010012,19,1746784,MXN,EA
100,4500000266,000040,000000000000010086,3,192915,MXN,EA
100,4500000266,000050,000000000000010071,5,1990870,MXN,EA
100,4500000266,000060,000000000000010107,6,2196354,MXN,EA
100,4500000267,000010,000000000000010142,6,1385904,CLP,EA
100,4500000267,000020,000000000000010063,19,424403,CLP,EA
100,4500000267,000030,000000000000010035,4,1662956,CLP,EA
100,4500000268,000010,000000000000010097,6,55164,EUR,EA
100,4500000268,000020,000000000000010125,3,12987,EUR,EA
100,4500000268,000030,000000000000010002,6,2919372,EUR,EA
100,4500000268,000040,000000000000010023,19,8853962,EUR,EA
100,4500000268,000050,000000000000010073,14,5104330,EUR,EA
100,4500000268,000060,000000000000010122,5,545435,EUR,EA
100,4500000269,000010,000000000000010070,17,4031533,MXN,EA
100,4500000269,000020,000000000000010106,8,3942632,MXN,EA
100,4500000270,000010,000000000000010010,20,1907440,MXN,EA
100,4500000270,000020,000000000000010128,20,9984580,MXN,EA
100,4500000271,000010,000000000000010078,12,2646768,EUR,EA
100,4500000272,000010,000000000000010143,8,812896,USD,EA
100,4500000273,000010,000000000000010136,4,1301968,MXN,EA
100,4500000274,000010,000000000000010139,17,1971371,USD,EA
100,4500000274,000020,000000000000010119,7,1021489,USD,EA
100,4500000274,000030,000000000000010014,7,420532,USD,EA
100,4500000275,000010,000000000000010122,16,1495104,MXN,EA
100,4500000275,000020,000000000000010041,2,58652,MXN,EA
100,4500000276,000010,000000000000010094,10,1108850,MXN,EA
100,4500000276,000020,000000000000010112,9,1586394,MXN,EA
100,4500000276,000030,000000000000010117,2,111492,MXN,EA
100,4500000276,000040,000000000000010014,18,1677870,MXN,EA
100,4500000276,000050,000000000000010041,1,255311,MXN,EA
100,4500000276,000060,000000000000010132,4,152600,MXN,EA
100,4500000277,000010,000000000000010114,19,5794278,MXN,EA
100,4500000277,000020,000000000000010084,14,1472828,MXN,EA
100,4500000278,000010,000000000000010084,8,3275256,JPY,EA
100,4500000278,000020,000000000000010029,11,1324653,JPY,EA
100,4500000278,000030,000000000000010026,8,3102336,JPY,EA
100,4500000278,000040,000000000000010106,7,1385209,JPY,EA
100,4500000278,000050,000000000000010057,3,743802,JPY,EA
100,4500000278,000060,000000000000010150,16,471824,JPY,EA
100,4500000279,000010,000000000000010038,7,3412360,USD,EA
100,4500000279,000020,000000000000010117,6,1224432,USD,EA
100,4500000279,000030,000000000000010096,5,1204935,USD,EA
100,4500000279,000040,000000000000010050,12,1708764,USD,EA
100,4500000280,000010,000000000000010086,5,89130,MXN,EA
100,4500000280,000020,000000000000010146,2,296234,MXN,EA
100,4500000281,000010,000000000000010029,15,3621405,MXN,EA
100,4500000281,000020,000000000000010108,6,2397816,MXN,EA
100,4500000282,000010,000000000000010057,10,3174790,MXN,EA
100,4500000282,000020,000000000000010041,20,9515660,MXN,EA
100,4500000282,000030,000000000000010044,19,5525257,MXN,EA
100,4500000283,000010,000000000000010023,14,6304214,MXN,EA
100,4500000283,000020,000000000000010134,16,7248640,MXN,EA
100,4500000284,000010,000000000000010122,15,2210475,EUR,EA
100,4500000284,000020,000000000000010004,14,5417566,EUR,EA
100,4500000285,000010,000000000000010064,11,2515381,CLP,EA
100,4500000285,000020,000000000000010149,8,3748568,CLP,EA
100,4500000286,000010,000000000000010039,19,8966898,MXN,EA
100,4500000286,000020,000000000000010002,14,338604,MXN,EA
100,4500000286,000030,000000000000010011,16,6168832,MXN,EA
100,4500000286,000040,000000000000010130,2,448376,MXN,EA
100,4500000286,000050,000000000000010136,13,3279575,MXN,EA
100,4500000287,000010,000000000000010026,15,3910080,USD,EA
100,4500000287,000020,000000000000010062,3,881424,USD,EA
100,4500000287,000030,000000000000010004,14,6986532,USD,EA
100,4500000287,000040,000000000000010056,5,944535,USD,EA
100,4500000287,000050,000000000000010076,8,2724392,USD,EA
100,4500000287,000060,000000000000010024,1,252544,USD,EA
100,4500000288,000010,000000000000010079,6,2218404,USD,EA
100,4500000288,000020,000000000000010118,19,7463067,USD,EA
100,4500000288,000030,000000000000010150,1,239467,USD,EA
100,4500000288,000040,000000000000010119,5,2296660,USD,EA
100,4500000288,000050,000000000000010104,6,2490678,USD,EA
100,4500000288,000060,000000000000010095,15,5550705,USD,EA
100,4500000289,000010,000000000000010001,3,608361,MXN,EA
100,4500000289,000020,000000000000010086,17,308567,MXN,EA
100,4500000289,000030,000000000000010076,14,5540220,MXN,EA
100,4500000289,000040,000000000000010070,20,5707840,MXN,EA
100,4500000289,000050,000000000000010148,7,2897839,MXN,EA
100,4500000289,000060,000000000000010021,20,9256340,MXN,EA
100,4500000290,000010,000000000000010015,17,8442557,MXN,EA
100,4500000290,000020,000000000000010094,2,118356,MXN,EA
100,4500000290,000030,000000000000010099,12,2939736,MXN,EA
100,4500000291,000010,000000000000010011,12,2317392,MXN,EA
100,4500000291,000020,000000000000010045,18,6670008,MXN,EA
100,4500000291,000030,000000000000010018,18,6712128,MXN,EA
100,4500000291,000040,000000000000010053,5,882995,MXN,EA
100,4500000291,000050,000000000000010062,18,1089648,MXN,EA
100,4500000292,000010,000000000000010123,19,8696737,CLP,EA
100,4500000292,000020,000000000000010054,8,1352120,CLP,EA
100,4500000292,000030,000000000000010091,9,2385117,CLP,EA
100,4500000292,000040,000000000000010109,9,265968,CLP,EA
100,4500000292,000050,000000000000010017,12,2183976,CLP,EA
100,4500000292,000060,000000000000010116,16,4222464,CLP,EA
100,4500000293,000010,000000000000010032,16,5970432,MXN,EA
100,4500000293,000020,000000000000010137,18,8506278,MXN,EA
100,4500000293,000030,000000000000010075,15,4898355,MXN,EA
100,4500000293,000040,000000000000010095,3,299253,MXN,EA
100,4500000293,000050,000000000000010118,3,129096,MXN,EA
100,4500000294,000010,10046,10,413420,MXN,EA
100,4500000294,000020,000000000000010028,6,874038,MXN,EA
100,4500000294,000030,000000000000010029,5,1306095,MXN,EA
100,4500000294,000040,000000000000010039,7,1917930,MXN,EA
100,4500000295,000010,000000000000010006,10,2193850,MXN,EA
100,4500000295,000020,000000000000010139,5,1247310,MXN,EA
100,4500000295,000030,000000000000010089,14,3271940,MXN,EA
100,4500000295,000040,000000000000010006,10,1001220,MXN,EA
100,4500000295,000050,000000000000010017,1,458070,MXN,EA
100,4500000295,000060,000000000000010060,17,5762881,MXN,EA
100,4500000296,000010,000000000000010106,19,3433699,CLP,EA
100,4500000296,000020,000000000000010084,16,4993440,CLP,EA
100,4500000296,000030,000000000000010136,18,4219956,CLP,EA
100,4500000297,000010,000000000000010078,19,1333458,MXN,EA
100,4500000297,000020,000000000000010079,6,2488818,MXN,EA
100,4500000297,000030,000000000000010067,8,2039056,MXN,EA
100,4500000297,000040,000000000000010096,10,4045700,MXN,EA
100,4500000298,000010,000000000000010038,12,1801176,MXN,EA
100,4500000299,000010,000000000000010043,20,9710220,MXN,EA
100,4500000299,000020,000000000000010042,18,2709918,MXN,EA
100,4500000299,000030,000000000000010047,6,2646306,MXN,EA
100,4500000299,000040,000000000000010040,6,754380,MXN,EA
100,4500000300,000010,000000000000010011,11,3324376,MXN,EA
100,4500000301,000010,000000000000010113,9,1753326,USD,EA
100,4500000301,000020,000000000000010048,7,2071335,USD,EA
100,4500000302,000010,000000000000010009,11,1994014,JPY,EA
100,4500000302,000020,000000000000010038,12,2833260,JPY,EA
100,4500000302,000030,000000000000010139,6,1684692,JPY,EA
100,4500000302,000040,000000000000010078,4,1934288,JPY,EA
100,4500000302,000050,000000000000010007,13,6358924,JPY,EA
100,4500000302,000060,000000000000010128,5,2489570,JPY,EA
100,4500000303,000010,000000000000010082,5,16255,EUR,EA
100,4500000303,000020,000000000000010140,17,2969662,EUR,EA
100,4500000303,000030,000000000000010076,16,7532000,EUR,EA
100,4500000303,000040,000000000000010075,19,6662179,EUR,EA
100,4500000304,000010,000000000000010145,15,2678520,USD,EA
100,4500000304,000020,000000000000010029,16,7567200,USD,EA
100,4500000305,000010,000000000000010036,18,1120968,EUR,EA
100,4500000306,000010,000000000000010007,13,4221867,USD,EA
100,4500000306,000020,000000000000010057,15,2825655,USD,EA
100,4500000306,000030,000000000000010024,11,328383,USD,EA
100,4500000307,000010,000000000000010050,19,5263038,MXN,EA
100,4500000307,000020,000000000000010057,9,932499,MXN,EA
100,4500000307,000030,000000000000010006,3,849849,MXN,EA
100,4500000307,000040,000000000000010115,3,807972,MXN,EA
100,4500000307,000050,000000000000010101,7,1807015,MXN,EA
100,4500000308,000010,000000000000010131,2,954574,MXN,EA
100,4500000308,000020,000000000000010093,13,1021358,MXN,EA
100,4500000308,000030,000000000000010110,12,2441208,MXN,EA
100,4500000309,000010,000000000000010004,10,1818370,CLP,EA
100,4500000309,000020,000000000000010090,10,2346100,CLP,EA
100,4500000309,000030,000000000000010144,3,342258,CLP,EA
100,4500000310,000010,000000000000010114,14,5913068,MXN,EA
100,4500000310,000020,000000000000010114,10,868730,MXN,EA
100,4500000310,000030,000000000000010109,14,1038422,MXN,EA
100,4500000310,000040,000000000000010023,5,549690,MXN,EA
100,4500000310,000050,000000000000010078,16,7293328,MXN,EA
100,4500000310,000060,000000000000010135,11,392293,MXN,EA
100,4500000311,000010,000000000000010097,3,13410,JPY,EA
100,4500000311,000020,000000000000010105,9,1964916,JPY,EA
100,4500000311,000030,000000000000010045,18,4379094,JPY,EA
100,4500000311,000040,000000000000010146,5,527340,JPY,EA
100,4500000311,000050,000000000000010048,13,1985906,JPY,EA
100,4500000312,000010,000000000000010126,2,864766,MXN,EA
100,4500000312,000020,000000000000010078,19,3046422,MXN,EA
100,4500000312,000030,000000000000010127,18,7000146,MXN,EA
100,4500000312,000040,000000000000010119,8,120568,MXN,EA
100,4500000312,000050,000000000000010001,5,693590,MXN,EA
100,4500000313,000010,000000000000010121,4,1375144,MXN,EA
100,4500000313,000020,000000000000010074,14,1330588,MXN,EA
100,4500000313,000030,000000000000010126,8,127296,MXN,EA
100,4500000314,000010,000000000000010071,16,575728,USD,EA
100,4500000315,000010,000000000000010093,19,4805328,MXN,EA
100,4500000315,000020,000000000000010145,14,6387682,MXN,EA
100,4500000315,000030,000000000000010067,16,5839744,MXN,EA
100,4500000315,000040,000000000000010031,12,3236532,MXN,EA
100,4500000315,000050,000000000000010148,1,444170,MXN,EA
100,4500000316,000010,000000000000010042,19,601844,MXN,EA
100,4500000316,000020,000000000000010038,11,2669909,MXN,EA
100,4500000316,000030,000000000000010035,12,1039440,MXN,EA
100,4500000317,000010,000000000000010070,12,2651352,MXN,EA
100,4500000318,000010,000000000000010092,2,305936,USD,EA
100,4500000318,000020,000000000000010075,17,5711847,USD,EA
100,4500000318,000030,000000000000010020,17,1744438,USD,EA
100,4500000318,000040,000000000000010047,4,1259692,USD,EA
100,4500000318,000050,000000000000010043,18,3062484,USD,EA
100,4500000318,000060,000000000000010081,10,1433220,USD,EA
100,4500000319,000010,000000000000010093,4,1124760,MXN,EA
100,4500000319,000020,000000000000010149,12,5191848,MXN,EA
100,4500000319,000030,000000000000010037,1,72800,MXN,EA
100,4500000319,000040,000000000000010133,10,1965660,MXN,EA
100,4500000319,000050,000000000000010125,14,2511908,MXN,EA
100,4500000319,000060,000000000000010042,4,460916,MXN,EA
100,4500000320,000010,000000000000010129,8,3495872,MXN,EA
100,4500000320,000020,000000000000010049,18,5807034,MXN,EA
100,4500000321,000010,000000000000010135,18,6742422,USD,EA
100,4500000321,000020,000000000000010142,4,879236,USD,EA
100,4500000321,000030,000000000000010118,3,186339,USD,EA
100,4500000321,000040,000000000000010034,1,252405,USD,EA
100,4500000321,000050,000000000000010090,10,3633090,USD,EA
100,4500000321,000060,000000000000010093,5,2146815,USD,EA
100,4500000322,000010,000000000000010134,11,1004146,MXN,EA
100,4500000322,000020,000000000000010078,1,391311,MXN,EA
100,4500000322,000030,000000000000010031,8,547864,MXN,EA
100,4500000322,000040,000000000000010037,8,1297440,MXN,EA
100,4500000323,000010,000000000000010054,5,211055,CLP,EA
100,4500000323,000020,000000000000010109,4,167020,CLP,EA
100,4500000324,000010,000000000000010124,14,326074,EUR,EA
100,4500000325,000010,000000000000010028,2,833578,MXN,EA
100,4500000325,000020,000000000000010132,19,609368,MXN,EA
100,4500000326,000010,000000000000010031,9,213219,MXN,EA
100,4500000326,000020,000000000000010017,10,3510070,MXN,EA
100,4500000326,000030,000000000000010003,4,1644748,MXN,EA
100,4500000326,000040,000000000000010032,20,2173780,MXN,EA
100,4500000327,000010,000000000000010052,6,2115522,MXN,EA
100,4500000327,000020,000000000000010090,1,48594,MXN,EA
100,4500000327,000030,000000000000010038,9,4485960,MXN,EA
100,4500000327,000040,000000000000010149,12,2227860,MXN,EA
100,4500000327,000050,000000000000010042,17,6976205,MXN,EA
100,4500000328,000010,000000000000010062,17,5099439,MXN,EA
100,4500000328,000020,000000000000010018,4,1722796,MXN,EA
100,4500000328,000030,000000000000010149,1,278263,MXN,EA
100,4500000328,000040,000000000000010056,7,1041418,MXN,EA
100,4500000328,000050,000000000000010044,18,58842,MXN,EA
100,4500000328,000060,000000000000010026,7,3385165,MXN,EA
100,4500000329,000010,000000000000010122,12,4404264,USD,EA
100,4500000329,000020,000000000000010048,15,5311815,USD,EA
100,4500000329,000030,000000000000010028,6,2631870,USD,EA
100,4500000329,000040,000000000000010091,13,2903498,USD,EA
100,4500000329,000050,000000000000010055,17,2045151,USD,EA
100,4500000330,000010,000000000000010029,11,723910,USD,EA
100,4500000330,000020,000000000000010120,4,1093944,USD,EA
100,4500000330,000030,000000000000010035,16,6410400,USD,EA
100,4500000330,000040,000000000000010093,10,2930970,USD,EA
100,4500000331,000010,000000000000010011,3,519078,MXN,EA
100,4500000331,000020,000000000000010127,4,810944,MXN,EA
100,4500000331,000030,000000000000010073,15,4736655,MXN,EA
100,4500000331,000040,000000000000010080,15,1791330,MXN,EA
100,4500000331,000050,000000000000010142,14,2146928,MXN,EA
100,4500000331,000060,000000000000010110,7,3151372,MXN,EA
100,4500000332,000010,000000000000010122,12,1140036,MXN,EA
100,4500000333,000010,000000000000010126,4,835244,MXN,EA
100,4500000334,000010,000000000000010134,3,190512,EUR,EA
100,4500000334,000020,000000000000010037,13,2743546,EUR,EA
100,4500000334,000030,000000000000010027,6,209556,EUR,EA
100,4500000334,000040,000000000000010094,7,1249780,EUR,EA
100,4500000335,000010,000000000000010104,4,492360,MXN,EA
100,4500000335,000020,000000000000010109,16,2352368,MXN,EA
100,4500000336,000010,000000000000010149,19,2738204,USD,EA
100,4500000336,000020,000000000000010103,12,3005640,USD,EA
100,4500000336,000030,000000000000010104,16,4306048,USD,EA
100,4500000336,000040,000000000000010072,5,2018260,USD,EA
100,4500000336,000050,000000000000010117,4,260248,USD,EA
100,4500000336,000060,000000000000010065,16,4187424,USD,EA
100,4500000337,000010,000000000000010035,1,53220,JPY,EA
100,4500000337,000020,000000000000010014,3,786498,JPY,EA
100,4500000338,000010,000000000000010007,6,1209654,MXN,EA
100,4500000338,000020,000000000000010084,5,798645,MXN,EA
100,4500000338,000030,000000000000010025,3,1042788,MXN,EA
100,4500000338,000040,000000000000010134,16,6665904,MXN,EA
100,4500000338,000050,000000000000010120,7,1084377,MXN,EA
100,4500000338,000060,000000000000010128,16,4250512,MXN,EA
100,4500000339,000010,000000000000010139,11,4679411,MXN,EA
100,4500000339,000020,000000000000010139,18,184752,MXN,EA
100,4500000339,000030,000000000000010009,14,6474146,MXN,EA
100,4500000340,000010,000000000000010099,15,2488785,USD,EA
100,4500000341,000010,000000000000010114,15,297960,MXN,EA
100,4500000341,000020,000000000000010009,6,1757118,MXN,EA
100,4500000341,000030,000000000000010078,6,1552056,MXN,EA
100,4500000341,000040,000000000000010111,5,824090,MXN,EA
100,4500000342,000010,000000000000010100,16,6424976,USD,EA
100,4500000342,000020,000000000000010029,19,6743233,USD,EA
100,4500000342,000030,000000000000010126,18,6485994,USD,EA
100,4500000342,000040,000000000000010139,19,4699080,USD,EA
100,4500000342,000050,000000000000010122,18,8080668,USD,EA
100,4500000342,000060,000000000000010041,17,513774,USD,EA
100,4500000343,000010,000000000000010068,16,4974032,JPY,EA
100,4500000343,000020,000000000000010097,20,7113480,JPY,EA
100,4500000343,000030,000000000000010091,10,1690250,JPY,EA
100,4500000343,000040,000000000000010016,1,310572,JPY,EA
100,4500000344,000010,000000000000010033,12,2206932,MXN,EA
100,4500000345,000010,000000000000010150,1,402182,MXN,EA
100,4500000345,000020,000000000000010088,13,676507,MXN,EA
100,4500000345,000030,000000000000010110,12,2260344,MXN,EA
100,4500000345,000040,000000000000010106,12,367140,MXN,EA
100,4500000345,000050,000000000000010063,8,992072,MXN,EA
100,4500000345,000060,000000000000010080,19,865127,MXN,EA
100,4500000346,000010,000000000000010017,10,610150,MXN,EA
100,4500000346,000020,000000000000010087,6,68004,MXN,EA
100,4500000346,000030,000000000000010138,11,226556,MXN,EA
100,4500000346,000040,000000000000010118,14,4183494,MXN,EA
100,4500000346,000050,000000000000010132,14,1970990,MXN,EA
100,4500000346,000060,000000000000010006,16,4948400,MXN,EA
100,4500000347,000010,000000000000010082,13,3900377,EUR,EA
100,4500000348,000010,000000000000010083,19,992484,MXN,EA
100,4500000348,000020,000000000000010126,4,1452844,MXN,EA
100,4500000348,000030,000000000000010053,11,2875730,MXN,EA
100,4500000348,000040,000000000000010129,11,971960,MXN,EA
100,4500000349,000010,000000000000010077,12,2755008,USD,EA
100,4500000349,000020,000000000000010052,16,5346480,USD,EA
100,4500000349,000030,000000000000010020,18,2038302,USD,EA
100,4500000349,000040,000000000000010074,9,233280,USD,EA
100,4500000349,000050,000000000000010077,19,4023782,USD,EA
100,4500000350,000010,000000000000010024,19,,JPY,EA
100,4500000350,000020,000000000000010087,9,326412,JPY,EA
100,4500000351,000010,000000000000010136,16,3598816,MXN,EA
100,4500000351,000020,000000000000010054,12,5017800,MXN,EA
100,4500000351,000030,000000000000010020,10,2655760,MXN,EA
100,4500000351,000040,000000000000010077,14,4883788,MXN,EA
100,4500000351,000050,000000000000010139,11,1164867,MXN,EA
100,4500000352,000010,000000000000010103,9,2957949,MXN,EA
100,4500000352,000020,000000000000010132,15,5296350,MXN,EA
100,4500000352,000030,000000000000010141,6,2777058,MXN,EA
100,4500000352,000040,000000000000010005,17,7706236,MXN,EA
100,4500000353,000010,000000000000010148,16,1802368,JPY,EA
100,4500000353,000020,000000000000010120,9,4431087,JPY,EA
100,4500000354,000010,000000000000010137,20,8961980,MXN,EA
100,4500000354,000020,000000000000010112,19,7257145,MXN,EA
100,4500000354,000030,000000000000010016,17,1805349,MXN,EA
100,4500000354,000040,000000000000010094,15,1176900,MXN,EA
100,4500000354,000050,000000000000010062,5,1961730,MXN,EA
100,4500000354,000060,000000000000010077,14,3025316,MXN,EA
100,4500000355,000010,000000000000010017,7,3111710,MXN,EA
100,4500000355,000020,000000000000010106,9,3895749,MXN,EA
100,4500000355,000030,000000000000010074,6,812706,MXN,EA
100,4500000356,000010,000000000000010061,13,1638429,MXN,EA
100,4500000356,000020,000000000000010030,5,508095,MXN,EA
100,4500000356,000030,000000000000010008,8,3351048,MXN,EA
100,4500000356,000040,000000000000010080,15,3832200,MXN,EA
100,4500000356,000050,000000000000010144,14,3111626,MXN,EA
100,4500000356,000060,000000000000010010,7,591843,MXN,EA
100,4500000357,000010,000000000000010035,1,136474,CLP,EA
100,4500000357,000020,000000000000010072,18,1678788,CLP,EA
100,4500000357,000030,000000000000010011,16,6577840,CLP,EA
100,4500000358,000010,000000000000010015,3,496728,MXN,EA
100,4500000359,000010,000000000000010077,3,1419480,MXN,EA
100,4500000359,000020,000000000000010105,12,4237788,MXN,EA
100,4500000359,000030,000000000000010024,13,6441344,MXN,EA
100,4500000359,000040,000000000000010036,8,477472,MXN,EA
100,4500000359,000050,000000000000010147,17,8332142,MXN,EA
100,4500000360,000010,000000000000010134,19,9479138,MXN,EA
100,4500000361,000010,000000000000010065,16,7436256,MXN,EA
100,4500000361,000020,000000000000010024,8,2523832,MXN,EA
100,4500000361,000030,000000000000010032,11,1910040,MXN,EA
100,4500000361,000040,000000000000010150,13,5505409,MXN,EA
100,4500000361,000050,000000000000010061,14,1614186,MXN,EA
100,4500000362,000010,000000000000010028,6,679524,USD,EA
100,4500000362,000020,000000000000010071,15,3226590,USD,EA
100,4500000363,000010,000000000000010015,16,4491056,USD,EA
100,4500000363,000020,000000000000010096,4,667724,USD,EA
100,4500000363,000030,000000000000010140,14,3499440,USD,EA
100,4500000364,000010,000000000000010064,9,4158684,USD,EA
100,4500000364,000020,000000000000010038,12,3001836,USD,EA
100,4500000364,000030,000000000000010095,10,120480,USD,EA
100,4500000364,000040,000000000000010009,2,726232,USD,EA
100,4500000364,000050,000000000000010062,9,2617092,USD,EA
100,4500000364,000060,000000000000010099,10,3359930,USD,EA
100,4500000365,000010,000000000000010093,4,1125788,USD,EA
100,4500000365,000020,000000000000010061,15,3070050,USD,EA
100,4500000365,000030,000000000000010003,13,6334640,USD,EA
100,4500000365,000040,10066,10,483170,USD,EA
100,4500000365,000050,000000000000010061,10,1113030,USD,EA
100,4500000365,000060,000000000000010042,15,4980150,USD,EA
100,4500000366,000010,000000000000010105,2,289348,MXN,EA
100,4500000366,000020,000000000000010021,16,3967792,MXN,EA
100,4500000366,000030,000000000000010106,11,4148276,MXN,EA
100,4500000367,000010,000000000000010026,6,2203230,JPY,EA
100,4500000367,000020,000000000000010067,17,608515,JPY,EA
100,4500000367,000030,000000000000010091,14,4433548,JPY,EA
100,4500000367,000040,000000000000010141,11,2625029,JPY,EA
100,4500000368,000010,000000000000010008,2,674528,MXN,EA
100,4500000368,000020,000000000000010048,15,6235815,MXN,EA
100,4500000368,000030,000000000000010035,1,211062,MXN,EA
100,4500000368,000040,000000000000010052,10,1654800,MXN,EA
100,4500000368,000050,000000000000010148,3,177315,MXN,EA
100,4500000368,000060,000000000000010041,8,2173792,MXN,EA
100,4500000369,000010,000000000000010034,20,7210640,EUR,EA
100,4500000369,000020,10106,11,2614810,EUR,EA
100,4500000369,000030,000000000000010123,5,688355,EUR,EA
100,4500000369,000040,000000000000010045,19,8254816,EUR,EA
100,4500000369,000050,000000000000010084,10,1051570,EUR,EA
100,4500000369,000060,000000000000010022,14,2712192,EUR,EA
100,4500000370,000010,000000000000010101,13,6452212,MXN,EA
100,4500000370,000020,000000000000010147,8,94960,MXN,EA
100,4500000371,000010,000000000000010143,20,6590660,USD,EA
100,4500000372,000010,000000000000010023,15,1574220,MXN,EA
100,4500000372,000020,000000000000010068,6,162600,MXN,EA
100,4500000373,000010,000000000000010110,20,2747940,MXN,EA
100,4500000373,000020,000000000000010039,3,581688,MXN,EA
100,4500000373,000030,000000000000010044,19,1187975,MXN,EA
100,4500000373,000040,000000000000010004,17,3895516,MXN,EA
100,4500000374,000010,000000000000010127,4,474776,MXN,EA
100,4500000374,000020,000000000000010053,7,3479021,MXN,EA
100,4500000374,000030,000000000000010069,10,3923510,MXN,EA
100,4500000374,000040,000000000000010127,13,900393,MXN,EA
100,4500000375,000010,000000000000010053,20,2280360,MXN,EA
100,4500000375,000020,000000000000010073,7,1542275,MXN,EA
100,4500000375,000030,000000000000010047,14,5830706,MXN,EA
100,4500000375,000040,000000000000010038,1,153144,MXN,EA
100,4500000376,000010,000000000000010061,20,4748820,MXN,EA
100,4500000376,000020,000000000000010064,12,3679308,MXN,EA
100,4500000376,000030,000000000000010118,3,19230,MXN,EA
100,4500000377,000010,000000000000010035,11,4007773,MXN,EA
100,4500000377,000020,000000000000010102,7,2624951,MXN,EA
100,4500000377,000030,000000000000010099,14,5417020,MXN,EA
100,4500000377,000040,000000000000010066,3,152859,MXN,EA
100,4500000378,000010,000000000000010016,2,351030,MXN,EA
100,4500000378,000020,000000000000010061,16,7634752,MXN,EA
100,4500000378,000030,000000000000010091,20,9869500,MXN,EA
100,4500000378,000040,000000000000010012,1,133989,MXN,EA
100,4500000378,000050,000000000000010130,20,4014420,MXN,EA
100,4500000379,000010,000000000000010102,12,843960,EUR,EA
100,4500000379,000020,000000000000010144,2,610684,EUR,EA
100,4500000379,000030,000000000000010046,9,810522,EUR,EA
100,4500000380,000010,000000000000010127,11,5073970,MXN,EA
100,4500000380,000020,000000000000010120,5,240005,MXN,EA
100,4500000380,000030,000000000000010082,17,3875643,MXN,EA
100,4500000380,000040,000000000000010037,9,560322,MXN,EA
100,4500000380,000050,000000000000010081,2,136082,MXN,EA
100,4500000381,000010,000000000000010072,12,5839368,MXN,EA
100,4500000381,000020,000000000000010111,10,4743230,MXN,EA
100,4500000381,000030,000000000000010068,20,8718860,MXN,EA
100,4500000381,000040,000000000000010068,17,2806819,MXN,EA
100,4500000382,000010,000000000000010043,11,4260641,MXN,EA
100,4500000382,000020,000000000000010126,5,1461665,MXN,EA
100,4500000382,000030,000000000000010113,2,200096,MXN,EA
100,4500000382,000040,000000000000010039,2,243026,MXN,EA
100,4500000383,000010,000000000000010010,16,2198912,EUR,EA
100,4500000383,000020,000000000000010042,15,3447210,EUR,EA
100,4500000384,000010,000000000000010127,2,464966,USD,EA
100,4500000385,000010,000000000000010144,16,3855952,MXN,EA
100,4500000385,000020,000000000000010127,4,1777848,MXN,EA
100,4500000385,000030,000000000000010038,4,737172,MXN,EA
100,4500000386,000010,000000000000010053,10,957150,MXN,EA
100,4500000387,000010,000000000000010131,9,2666727,MXN,EA
100,4500000387,000020,000000000000010150,7,2148622,MXN,EA
100,4500000388,000010,000000000000010135,19,1817730,EUR,EA
100,4500000389,000010,000000000000010020,8,3230288,MXN,EA
100,4500000389,000020,000000000000010128,4,1864944,MXN,EA
100,4500000389,000030,000000000000010085,1,150045,MXN,EA
100,4500000389,000040,000000000000010032,13,2559076,MXN,EA
100,4500000390,000010,000000000000010028,11,897842,EUR,EA
100,4500000390,000020,000000000000010008,3,726882,EUR,EA
100,4500000390,000030,000000000000010123,15,4956585,EUR,EA
100,4500000390,000040,000000000000010069,20,6919680,EUR,EA
100,4500000390,000050,000000000000010002,11,263868,EUR,EA
100,4500000391,000010,000000000000010116,11,5474920,USD,EA
100,4500000391,000020,000000000000010146,5,559085,USD,EA
100,4500000391,000030,000000000000010013,10,1704340,USD,EA
100,4500000391,000040,000000000000010015,3,863601,USD,EA
100,4500000391,000050,000000000000010098,3,630348,USD,EA
100,4500000391,000060,000000000000010066,6,761226,USD,EA
100,4500000392,000010,000000000000010023,1,447874,MXN,EA
100,4500000392,000020,000000000000010054,6,1228122,MXN,EA
100,4500000392,000030,000000000000010104,10,3403020,MXN,EA
100,4500000392,000040,000000000000010040,4,630096,MXN,EA
100,4500000393,000010,000000000000010111,10,4748170,MXN,EA
100,4500000393,000020,000000000000010034,12,4199088,MXN,EA
100,4500000393,000030,000000000000010025,12,3237324,MXN,EA
100,4500000393,000040,000000000000010052,16,3752640,MXN,EA
100,4500000394,000010,000000000000010122,9,2665836,CLP,EA
100,4500000394,000020,000000000000010109,3,1192854,CLP,EA
100,4500000394,000030,000000000000010109,12,3874116,CLP,EA
100,4500000394,000040,000000000000010048,14,4643254,CLP,EA
100,4500000395,000010,000000000000010024,2,540276,MXN,EA
100,4500000395,000020,000000000000010088,15,5334735,MXN,EA
100,4500000395,000030,000000000000010058,5,2444685,MXN,EA
100,4500000395,000040,000000000008881427,17,5628190,MXN,EA
100,4500000396,000010,000000000000010135,3,460236,MXN,EA
100,4500000396,000020,000000000000010120,14,595196,MXN,EA
100,4500000396,000030,000000000000010123,10,789120,MXN,EA
100,4500000396,000040,000000000000010033,10,4422080,MXN,EA
100,4500000396,000050,000000000000010064,17,3829318,MXN,EA
100,4500000396,000060,000000000000010076,19,494437,MXN,EA
100,4500000397,000010,000000000000010020,2,540354,USD,EA
100,4500000397,000020,000000000000010028,17,3804209,USD,EA
100,4500000397,000030,000000000000010106,4,978452,USD,EA
100,4500000397,000040,000000000000010146,9,1686258,USD,EA
100,4500000397,000050,000000000000010066,19,833530,USD,EA
100,4500000398,000010,000000000000010005,4,1556972,USD,EA
100,4500000398,000020,000000000000010119,6,2479098,USD,EA
100,4500000398,000030,000000000000010047,13,321464,USD,EA
100,4500000398,000040,000000000000010022,14,6449408,USD,EA
100,4500000398,000050,000000000000010077,11,3397526,USD,EA
100,4500000399,000010,000000000000010117,15,4920840,CLP,EA
100,4500000399,000020,000000000000010068,11,5305905,CLP,EA
100,4500000399,000030,000000000000010048,7,686273,CLP,EA
100,4500000399,000040,000000000000010021,20,2739140,CLP,EA
100,4500000399,000050,000000000000010028,14,3936324,CLP,EA
100,4500000399,000060,000000000000010005,1,208059,CLP,EA
100,4500000400,000010,000000000000010004,6,2068968,EUR,EA
100,4500000401,000010,000000000000010118,13,5934383,USD,EA
100,4500000401,000020,10125,10,3252710,USD,EA
100,4500000401,000030,000000000000010093,13,5497219,USD,EA
100,4500000401,000040,000000000000010078,3,199746,USD,EA
100,4500000402,000010,000000000000010004,7,417718,MXN,EA
100,4500000402,000020,000000000000010005,7,3159583,MXN,EA
100,4500000403,000010,000000000000010054,16,5457040,MXN,EA
100,4500000404,000010,000000000000010062,14,6194958,USD,EA
100,4500000404,000020,000000000000010138,7,322959,USD,EA
100,4500000405,000010,000000000000010119,5,1247530,USD,EA
100,4500000405,000020,000000000000010109,1,62057,USD,EA
100,4500000405,000030,000000000000010043,5,1941670,USD,EA
100,4500000406,000010,000000000000010114,16,3971136,MXN,EA
100,4500000406,000020,000000000000010006,15,4617405,MXN,EA
100,4500000406,000030,000000000000010063,7,1089032,MXN,EA
100,4500000406,000040,000000000000010146,13,360061,MXN,EA
100,4500000406,000050,000000000000010086,1,54825,MXN,EA
100,4500000406,000060,000000000000010111,14,6242866,MXN,EA
100,4500000407,000010,000000000000010149,20,7685900,MXN,EA
100,4500000407,000020,000000000000010142,10,204070,MXN,EA
100,4500000407,000030,000000000000010125,13,3326128,MXN,EA
100,4500000407,000040,000000000000010132,19,7237214,MXN,EA
100,4500000408,000010,000000000000010125,8,3003944,MXN,EA
100,4500000408,000020,000000000000010016,17,186507,MXN,EA
100,4500000408,000030,000000000000010109,19,3165324,MXN,EA
100,4500000408,000040,000000000000010142,3,424287,MXN,EA
100,4500000408,000050,000000000000010107,16,996960,MXN,EA
100,4500000409,000010,000000000000010089,15,5500470,USD,EA
100,4500000409,000020,000000000000010112,1,85585,USD,EA
100,4500000409,000030,000000000000010074,7,1729119,USD,EA
100,4500000409,000040,000000000000010089,15,1840320,USD,EA
100,4500000410,000010,000000000000010057,19,9074666,MXN,EA
100,4500000410,000020,000000000000010087,20,8969100,MXN,EA
100,4500000410,000030,000000000000010120,5,2320185,MXN,EA
100,4500000410,000040,000000000000010076,13,2854215,MXN,EA
100,4500000410,000050,000000000000010093,16,6724816,MXN,EA
100,4500000411,000010,000000000000010054,10,3631240,EUR,EA
100,4500000411,000020,000000000000010023,16,1098928,EUR,EA
100,4500000412,000010,000000000000010052,6,1911516,CLP,EA
100,4500000412,000020,000000000000010126,4,1668052,CLP,EA
100,4500000413,000010,000000000000010127,10,1240600,MXN,EA
100,4500000413,000020,000000000000010054,18,462006,MXN,EA
100,4500000413,000030,000000000000010005,12,5554176,MXN,EA
100,4500000413,000040,000000000000010067,12,4270860,MXN,EA
100,4500000414,000010,000000000000010045,17,301937,MXN,EA
100,4500000414,000020,000000000000010017,11,2494459,MXN,EA
100,4500000415,000010,000000000000010059,4,1182560,MXN,EA
100,4500000416,000010,000000000000010125,9,1614843,USD,EA
100,4500000416,000020,000000000000010091,2,809502,USD,EA
100,4500000417,000010,000000000000010069,5,2242155,MXN,EA
100,4500000417,000020,000000000000010132,20,7040060,MXN,EA
100,4500000417,000030,000000000000010027,2,973644,MXN,EA
100,4500000417,000040,000000000000010113,15,6633585,MXN,EA
100,4500000417,000050,000000000000010029,4,1643240,MXN,EA
100,4500000418,000010,000000000000010027,18,414072,MXN,EA
100,4500000418,000020,000000000000010130,4,354320,MXN,EA
100,4500000418,000030,000000000000010031,7,3350326,MXN,EA
100,4500000418,000040,000000000000010093,6,2297184,MXN,EA
100,4500000418,000050,000000000000010075,15,6007320,MXN,EA
100,4500000419,000010,000000000000010128,4,327580,MXN,EA
100,4500000419,000020,000000000000010094,11,4735236,MXN,EA
100,4500000419,000030,000000000000010036,4,1783632,MXN,EA
100,4500000419,000040,000000000000010052,15,3284580,MXN,EA
100,4500000419,000050,000000000000010002,8,3509456,MXN,EA
100,4500000420,000010,000000000000010088,10,2657770,CLP,EA
100,4500000420,000020,000000000000010044,3,421404,CLP,EA
100,4500000420,000030,000000000000010096,14,2661134,CLP,EA
100,4500000420,000040,000000000000010063,5,1979485,CLP,EA
100,4500000421,000010,000000000000010108,8,586784,MXN,EA
100,4500000421,000020,000000000000010110,14,6752284,MXN,EA
100,4500000421,000030,000000000000010105,15,6718470,MXN,EA
100,4500000421,000040,000000000000010133,12,5949492,MXN,EA
100,4500000421,000050,000000000000010008,15,1159920,MXN,EA
100,4500000422,000010,000000000000010133,3,136344,MXN,EA
100,4500000423,000010,000000000000010081,13,5277285,USD,EA
100,4500000423,000020,000000000000010043,14,465178,USD,EA
100,4500000423,000030,000000000000010101,2,694244,USD,EA
100,4500000424,000010,000000000000010039,19,594852,MXN,EA
100,4500000424,000020,000000000000010134,10,2208360,MXN,EA
100,4500000424,000030,000000000000010103,18,8261802,MXN,EA
100,4500000424,000040,000000000000010078,11,5254678,MXN,EA
100,4500000424,000050,000000000000010089,1,434588,MXN,EA
100,4500000424,000060,000000000000010072,17,5457425,MXN,EA
100,4500000425,000010,000000000000010104,15,5078670,MXN,EA
100,4500000425,000020,000000000000010053,18,5910192,MXN,EA
100,4500000426,000010,000000000000010114,12,5596764,USD,EA
100,4500000426,000020,000000000000010104,7,3240188,USD,EA
100,4500000426,000030,000000000000010078,3,61149,USD,EA
100,4500000426,000040,000000000000010138,11,2260148,USD,EA
100,4500000426,000050,000000000000010033,17,4836993,USD,EA
100,4500000427,000010,000000000000010055,3,807789,MXN,EA
100,4500000427,000020,000000000000010142,10,2743300,MXN,EA
100,4500000427,000030,000000000000010088,6,79674,MXN,EA
100,4500000428,000010,000000000000010139,19,2595932,MXN,EA
100,4500000429,000010,000000000000010078,14,3722726,CLP,EA
100,4500000429,000020,000000000000010029,2,884464,CLP,EA
100,4500000430,000010,000000000000010067,17,3176382,USD,EA
100,4500000430,000020,000000000000010032,2,795310,USD,EA
100,4500000430,000030,000000000000010032,15,2358255,USD,EA
100,4500000431,000010,000000000000010002,15,2680845,USD,EA
100,4500000431,000020,000000000000010061,19,5653165,USD,EA
100,4500000431,000030,000000000000010137,20,2471960,USD,EA
100,4500000431,000040,000000000000010090,10,1501780,USD,EA
100,4500000431,000050,000000000000010147,5,1877625,USD,EA
100,4500000432,000010,000000000000010134,8,449352,MXN,EA
100,4500000432,000020,000000000000010084,17,5207593,MXN,EA
100,4500000432,000030,000000000000010050,12,2870268,MXN,EA
100,4500000432,000040,000000000000010026,5,1870520,MXN,EA
100,4500000433,000010,000000000000010106,3,148092,MXN,EA
100,4500000433,000020,000000000000010016,14,6535676,MXN,EA
100,4500000433,000030,000000000000010034,16,1817728,MXN,EA
100,4500000433,000040,000000000000010115,3,583848,MXN,EA
100,4500000434,000010,000000000000010135,13,4022278,USD,EA
100,4500000434,000020,000000000000010144,17,6958576,USD,EA
100,4500000434,000030,000000000000010102,9,2766087,USD,EA
100,4500000434,000040,000000000000010128,14,3244192,USD,EA
100,4500000434,000050,000000000000010126,14,6060796,USD,EA
100,4500000434,000060,000000000000010042,5,1330885,USD,EA
100,4500000435,000010,000000000000010125,15,1032525,MXN,EA
100,4500000435,000020,000000000000010132,17,1069232,MXN,EA
100,4500000436,000010,000000000000010055,15,3737610,MXN,EA
100,4500000436,000020,000000000000010009,6,2975784,MXN,EA
100,4500000436,000030,000000000000010144,12,5810808,MXN,EA
100,4500000436,000040,000000000000010031,20,8957180,MXN,EA
100,4500000436,000050,000000000000010105,4,257472,MXN,EA
100,4500000436,000060,000000000000010095,19,2903732,MXN,EA
100,4500000437,000010,000000000000010134,5,313650,MXN,EA
100,4500000438,000010,000000000000010079,12,1919940,MXN,EA
100,4500000438,000020,000000000000010076,16,250688,MXN,EA
100,4500000438,000030,000000000000010037,5,2059665,MXN,EA
100,4500000439,000010,000000000000010108,2,984326,USD,EA
100,4500000439,000020,000000000000010079,10,1140260,USD,EA
100,4500000439,000030,000000000000010047,16,33488,USD,EA
100,4500000439,000040,000000000000010032,18,3308256,USD,EA
100,4500000439,000050,000000000000010018,2,439858,USD,EA
100,4500000440,000010,000000000000010147,10,2976230,MXN,EA
100,4500000440,000020,000000000000010116,11,4517172,MXN,EA
100,4500000440,000030,000000000000010097,16,7015952,MXN,EA
100,4500000440,000040,000000000000010034,5,1328205,MXN,EA
100,4500000441,000010,000000000000010118,15,5262225,MXN,EA
100,4500000441,000020,000000000000010115,5,2276070,MXN,EA
100,4500000441,000030,000000000000010084,3,1260993,MXN,EA
100,4500000441,000040,000000000000010105,13,1599845,MXN,EA
100,4500000441,000050,000000000000010102,11,3130996,MXN,EA
100,4500000441,000060,000000000000010012,15,5802450,MXN,EA
100,4500000442,000010,000000000000010023,6,2230680,MXN,EA
100,4500000442,000020,000000000000010007,19,6295802,MXN,EA
100,4500000442,000030,000000000000010080,18,6106482,MXN,EA
100,4500000443,000010,000000000000010144,3,305661,USD,EA
100,4500000444,000010,000000000000010139,19,7565952,MXN,EA
100,4500000444,000020,000000000000010014,19,5216431,MXN,EA
100,4500000444,000030,000000000000010049,16,4232432,MXN,EA
100,4500000444,000040,000000000000010005,4,1384456,MXN,EA
100,4500000444,000050,000000000000010137,6,65682,MXN,EA
100,4500000445,000010,000000000000010053,8,3487968,MXN,EA
100,4500000445,000020,000000000000010149,15,680685,MXN,EA
100,4500000445,000030,000000000000010137,20,3379960,MXN,EA
100,4500000446,000010,000000000000010012,16,7246752,MXN,EA
100,4500000446,000020,000000000000010006,11,2531342,MXN,EA
100,4500000446,000030,000000000000010047,14,190568,MXN,EA
100,4500000446,000040,000000000000010136,11,2214113,MXN,EA
100,4500000447,000010,000000000000010024,4,212316,USD,EA
100,4500000447,000020,000000000000010139,6,903636,USD,EA
100,4500000447,000030,000000000000010037,6,809904,USD,EA
100,4500000448,000010,000000000000010040,10,2145300,USD,EA
100,4500000449,000010,000000000000010044,2,646324,MXN,EA
100,4500000449,000020,000000000000010084,6,91470,MXN,EA
100,4500000449,000030,000000000000010015,10,2054400,MXN,EA
100,4500000449,000040,000000000000010026,11,832590,MXN,EA
100,4500000449,000050,000000000000010106,11,1498541,MXN,EA
100,4500000449,000060,000000000000010097,4,112796,MXN,EA
100,4500000450,000010,000000000000010062,20,6164960,JPY,EA
100,4500000450,000020,000000000000010061,16,4282624,JPY,EA
100,4500000451,000010,000000000000010099,4,568736,USD,EA
100,4500000451,000020,000000000000010016,11,2691711,USD,EA
100,4500000451,000030,000000000000010142,14,494452,USD,EA
100,4500000451,000040,000000000000010124,1,214644,USD,EA
100,4500000451,000050,000000000000010060,1,142117,USD,EA
100,4500000452,000010,000000000000010026,8,3208160,MXN,EA
100,4500000452,000020,000000000000010143,5,803520,MXN,EA
100,4500000452,000030,000000000000010146,14,3287522,MXN,EA
100,4500000452,000040,000000000000010022,17,1830390,MXN,EA
100,4500000452,000050,000000000000010037,12,3412152,MXN,EA
100,4500000453,000010,000000000000010063,18,4017024,MXN,EA
100,4500000453,000020,000000000000010143,15,343665,MXN,EA
100,4500000454,000010,000000000000010119,20,3053000,MXN,EA
100,4500000455,000010,000000000000010043,1,32549,USD,EA
100,4500000455,000020,000000000000010124,9,2830086,USD,EA
100,4500000455,000030,000000000000010065,13,2408172,USD,EA
100,4500000455,000040,000000000000010055,19,8393440,USD,EA
100,4500000455,000050,000000000000010131,10,248470,USD,EA
100,4500000455,000060,000000000000010042,18,5331888,USD,EA
100,4500000456,000010,000000000000010077,3,624759,EUR,EA
100,4500000457,000010,000000000000010032,5,1905735,MXN,EA
100,4500000457,000020,000000000000010143,9,4153239,MXN,EA
100,4500000457,000030,000000000000010111,7,2247343,MXN,EA
100,4500000457,000040,000000000000010130,11,5108774,MXN,EA
100,4500000457,000050,000000000000010088,9,3560652,MXN,EA
100,4500000457,000060,000000000000010116,9,1169433,MXN,EA
100,4500000458,000010,000000000000010083,11,1225697,JPY,EA
100,4500000458,000020,000000000000010118,20,3464120,JPY,EA
100,4500000458,000030,000000000000010005,5,1699610,JPY,EA
100,4500000458,000040,000000000000010001,20,5016760,JPY,EA
100,4500000458,000050,000000000000010002,1,353691,JPY,EA
100,4500000458,000060,000000000000010045,14,4093516,JPY,EA
100,4500000459,000010,000000000000010126,13,3680755,MXN,EA
100,4500000459,000020,000000000000010021,3,850221,MXN,EA
100,4500000459,000030,000000000000010008,15,5301750,MXN,EA
100,4500000459,000040,000000000000010032,12,5125572,MXN,EA
100,4500000459,000050,000000000000010097,20,3773540,MXN,EA
100,4500000459,000060,000000000000010100,6,2645724,MXN,EA
100,4500000460,000010,000000000000010003,4,974336,MXN,EA
100,4500000460,000020,000000000000010095,7,1638602,MXN,EA
100,4500000460,000030,000000000000010003,8,3124968,MXN,EA
100,4500000460,000040,000000000000010006,9,3220254,MXN,EA
100,4500000460,000050,000000000000010092,7,337176,MXN,EA
100,4500000460,000060,000000000000010078,8,990544,MXN,EA
100,4500000461,000010,000000000000010093,2,296394,MXN,EA
100,4500000461,000020,000000000000010127,20,2212420,MXN,EA
100,4500000461,000030,000000000000010002,7,3020535,MXN,EA
100,4500000461,000040,000000000000010102,4,1828344,MXN,EA
100,4500000462,000010,000000000000010146,17,4420068,MXN,EA
100,4500000462,000020,000000000000010044,18,1846638,MXN,EA
100,4500000462,000030,000000000000010145,20,5945920,MXN,EA
100,4500000463,000010,000000000000010017,19,1296522,MXN,EA
100,4500000463,000020,000000000000010017,5,685585,MXN,EA
100,4500000464,000010,000000000000010059,17,6513584,MXN,EA
100,4500000464,000020,000000000000010071,7,3117947,MXN,EA
100,4500000464,000030,000000000000010006,18,5816736,MXN,EA
100,4500000464,000040,000000000000010065,18,8351982,MXN,EA
100,4500000464,000050,000000000000010117,1,492724,MXN,EA
100,4500000465,000010,000000000000010014,11,2505569,USD,EA
100,4500000465,000020,000000000000010105,9,583335,USD,EA
100,4500000465,000030,000000000000010133,15,3912345,USD,EA
100,4500000465,000040,000000000000010093,17,6782065,USD,EA
100,4500000466,000010,000000000000010058,2,293432,MXN,EA
100,4500000467,000010,000000000000010137,15,2502015,EUR,EA
100,4500000467,000020,000000000000010002,13,1339390,EUR,EA
100,4500000467,000030,000000000000010086,3,1387275,EUR,EA
100,4500000467,000040,000000000000010147,1,387633,EUR,EA
100,4500000468,000010,000000000000010109,3,1445307,MXN,EA
100,4500000468,000020,000000000000010064,7,610645,MXN,EA
100,4500000469,000010,000000000000010080,3,987603,USD,EA
100,4500000469,000020,000000000000010025,1,252640,USD,EA
100,4500000469,000030,000000000000010111,1,311656,USD,EA
100,4500000470,000010,000000000000010086,9,1175211,USD,EA
100,4500000470,000020,000000000000010028,16,2015488,USD,EA
100,4500000470,000030,000000000000010088,2,863544,USD,EA
100,4500000470,000040,000000000000010086,17,7094814,USD,EA
100,4500000470,000050,000000000000010061,3,1223148,USD,EA
100,4500000470,000060,000000000000010113,4,1315448,USD,EA
100,4500000471,000010,000000000000010149,4,183376,CLP,EA
100,4500000471,000020,000000000000010016,2,397726,CLP,EA
100,4500000471,000030,000000000000010081,3,1233996,CLP,EA
100,4500000471,000040,000000000000010033,2,965762,CLP,EA
100,4500000472,000010,000000000000010015,10,3212020,EUR,EA
100,4500000472,000020,000000000000010111,3,163158,EUR,EA
100,4500000472,000030,000000000000010015,18,510642,EUR,EA
100,4500000472,000040,000000000000010076,13,2750761,EUR,EA
100,4500000473,000010,000000000000010106,8,3634320,EUR,EA
100,4500000474,000010,000000000000010003,15,3034260,USD,EA
100,4500000474,000020,000000000000010119,14,6472774,USD,EA
100,4500000474,000030,000000000000010026,11,3764970,USD,EA
100,4500000474,000040,000000000000010007,15,4082520,USD,EA
100,4500000474,000050,000000000000010085,19,1936385,USD,EA
100,4500000475,000010,000000000000010027,1,313043,EUR,EA
100,4500000476,000010,000000000000010018,19,7882739,MXN,EA
100,4500000476,000020,000000000000010050,19,1273950,MXN,EA
100,4500000476,000030,000000000000010131,9,1685943,MXN,EA
100,4500000476,000040,000000000000010108,16,6094576,MXN,EA
100,4500000476,000050,000000000000010114,6,770886,MXN,EA
100,4500000476,000060,000000000000010036,2,65428,MXN,EA
100,4500000477,000010,000000000000010080,19,4360671,MXN,EA
100,4500000477,000020,000000000000010132,12,1969824,MXN,EA
100,4500000478,000010,000000000000010139,5,391420,MXN,EA
100,4500000478,000020,000000000000010121,10,3173180,MXN,EA
100,4500000478,000030,000000000000010088,10,1943730,MXN,EA
100,4500000478,000040,000000000000010003,17,5243871,MXN,EA
100,4500000478,000050,000000000000010038,2,250918,MXN,EA
100,4500000479,000010,000000000000010144,2,444562,USD,EA
100,4500000479,000020,000000000000010089,7,742364,USD,EA
100,4500000479,000030,000000000000010052,3,540213,USD,EA
100,4500000479,000040,000000000000010049,16,5844240,USD,EA
100,4500000479,000050,000000000000010120,20,7280480,USD,EA
100,4500000480,000010,000000000000010149,19,3362658,EUR,EA
100,4500000480,000020,000000000000010077,14,2426074,EUR,EA
100,4500000480,000030,000000000000010042,4,956740,EUR,EA
100,4500000481,000010,000000000000010127,8,3866560,MXN,EA
100,4500000482,000010,000000000000010058,8,1964792,MXN,EA
100,4500000483,000010,000000000000010055,8,2024392,USD,EA
100,4500000483,000020,000000000000010085,13,1412372,USD,EA
100,4500000483,000030,000000000000010103,6,2604636,USD,EA
100,4500000483,000040,000000000000010002,12,74232,USD,EA
100,4500000483,000050,000000000000010019,12,200844,USD,EA
100,4500000484,000010,000000000000010030,5,766725,MXN,EA
100,4500000484,000020,000000000000010113,7,2324007,MXN,EA
100,4500000484,000030,000000000000010150,12,288216,MXN,EA
100,4500000484,000040,000000000000010008,7,733019,MXN,EA
100,4500000484,000050,10073,6,694740,MXN,EA
100,4500000485,000010,000000000000010045,11,4898872,USD,EA
100,4500000485,000020,000000000000010142,8,756856,USD,EA
100,4500000485,000030,000000000000010051,1,93315,USD,EA
100,4500000486,000010,000000000000010026,1,436917,MXN,EA
100,4500000486,000020,000000000000010036,13,4476420,MXN,EA
100,4500000486,000030,000000000000010029,11,5409723,MXN,EA
100,4500000487,000010,000000000000010079,15,1903605,MXN,EA
100,4500000487,000020,000000000000010095,12,4170072,MXN,EA
100,4500000488,000010,000000000000010135,20,9264900,MXN,EA
100,4500000488,000020,000000000000010112,3,189372,MXN,EA
100,4500000489,000010,000000000000010034,7,710472,MXN,EA
100,4500000489,000020,000000000000010137,13,4745533,MXN,EA
100,4500000490,000010,000000000000010082,20,4524040,USD,EA
100,4500000490,000020,000000000000010063,2,802148,USD,EA
100,4500000490,000030,000000000000010049,18,2794248,USD,EA
100,4500000491,000010,000000000000010084,8,231384,MXN,EA
100,4500000491,000020,000000000000010072,5,2237160,MXN,EA
100,4500000492,000010,000000000000010150,16,1771200,EUR,EA
100,4500000492,000020,000000000000010021,16,6651360,EUR,EA
100,4500000492,000030,000000000000010017,6,1605960,EUR,EA
100,4500000492,000040,000000000000010100,17,3352791,EUR,EA
100,4500000492,000050,000000000000010128,17,4154953,EUR,EA
100,4500000493,000010,000000000000010083,12,3318000,MXN,EA
100,4500000493,000020,000000000000010124,16,3990160,MXN,EA
100,4500000494,000010,000000000000010149,13,4362163,JPY,EA
100,4500000494,000020,000000000000010150,2,219264,JPY,EA
100,4500000494,000030,000000000000010057,7,1666140,JPY,EA
100,4500000495,000010,000000000000010102,7,1130017,MXN,EA
100,4500000495,000020,000000000000010109,13,3907306,MXN,EA
100,4500000496,000010,000000000000010096,9,2606823,EUR,EA
100,4500000496,000020,000000000000010022,5,1975330,EUR,EA
100,4500000497,000010,000000000000010076,15,4095165,MXN,EA
100,4500000498,000010,000000000000010059,19,428830,USD,EA
100,4500000498,000020,000000000000010120,17,5553016,USD,EA
100,4500000498,000030,000000000000010087,14,3325462,USD,EA
100,4500000499,000010,000000000000010111,14,2711548,USD,EA
100,4500000499,000020,000000000000010128,11,1585540,USD,EA
100,4500000499,000030,000000000000010098,1,95144,USD,EA
100,4500000499,000040,000000000000010114,8,1122104,USD,EA
100,4500000500,000010,000000000000010020,12,5683584,MXN,EA
100,4500000500,000020,000000000000010022,10,4427660,MXN,EA
100,4500000500,000030,000000000000010129,17,4889251,MXN,EA
100,4500000500,000040,000000000000010021,9,4381272,MXN,EA
100,4500000500,000050,000000000000010059,4,252696,MXN,EA
100,4500000500,000060,000000000000010019,12,252840,MXN,EA
100,4500000501,000010,000000000000010052,11,1145089,MXN,EA
100,4500000501,000020,000000000000010085,9,1437390,MXN,EA
100,4500000501,000030,000000000000010071,7,2596713,MXN,EA
100,4500000501,000040,000000000000010036,18,8628318,MXN,EA
100,4500000501,000050,000000000000010067,1,404741,MXN,EA
100,4500000502,000010,000000000000010073,12,4939008,EUR,EA
100,4500000502,000020,000000000000010104,13,5614596,EUR,EA
100,4500000502,000030,000000000000010149,1,248466,EUR,EA
100,4500000503,000010,000000000000010132,5,2273765,MXN,EA
100,4500000503,000020,000000000000010102,8,959792,MXN,EA
100,4500000503,000030,000000000000010054,16,1976608,MXN,EA
100,4500000503,000040,000000000000010133,19,7848463,MXN,EA
100,4500000503,000050,000000000000010142,15,5697045,MXN,EA
100,4500000503,000060,000000000000010119,11,4578101,MXN,EA
100,4500000504,000010,000000000000010081,7,1580677,MXN,EA
100,4500000505,000010,000000000000010107,7,1616965,MXN,EA
100,4500000505,000020,000000000000010116,18,302094,MXN,EA
100,4500000505,000030,000000000000010096,5,1518900,MXN,EA
100,4500000505,000040,000000000000010033,10,4955890,MXN,EA
100,4500000505,000050,000000000000010003,16,6814128,MXN,EA
100,4500000505,000060,000000000000010091,11,1311442,MXN,EA
100,4500000506,000010,000000000000010109,13,5212324,JPY,EA
100,4500000506,000020,000000000000010138,10,1719590,JPY,EA
100,4500000506,000030,000000000000010006,19,7842307,JPY,EA
100,4500000506,000040,000000000000010009,5,407890,JPY,EA
100,4500000507,000010,000000000000010146,20,9601380,MXN,EA
100,4500000507,000020,000000000000010147,13,2611960,MXN,EA
100,4500000507,000030,000000000000010053,13,447213,MXN,EA
100,4500000508,000010,000000000000010099,7,1749440,MXN,EA
100,4500000508,000020,000000000000010028,11,3295479,MXN,EA
100,4500000508,000030,000000000000010116,10,498850,MXN,EA
100,4500000508,000040,000000000000010044,4,1419336,MXN,EA
100,4500000508,000050,000000000000010142,6,106848,MXN,EA
100,4500000509,000010,000000000000010126,1,98880,USD,EA
100,4500000509,000020,000000000000010051,3,1436421,USD,EA
100,4500000509,000030,000000000000010099,10,1089460,USD,EA
100,4500000509,000040,000000000000010060,10,3468040,USD,EA
100,4500000509,000050,000000000000010135,3,718122,USD,EA
100,4500000509,000060,000000000000010015,12,3274308,USD,EA
100,4500000510,000010,000000000000010044,11,4969074,MXN,EA
100,4500000511,000010,000000000000010101,6,354366,MXN,EA
100,4500000511,000020,000000000000010034,18,3966642,MXN,EA
100,4500000511,000030,000000000000010123,3,614832,MXN,EA
100,4500000511,000040,000000000000010053,5,2286830,MXN,EA
100,4500000512,000010,000000000000010080,14,6017382,USD,EA
100,4500000512,000020,000000000000010122,6,1905102,USD,EA
100,4500000513,000010,000000000000010080,19,2040904,MXN,EA
100,4500000513,000020,000000000000010129,15,2181150,MXN,EA
100,4500000513,000030,000000000000010052,1,75811,MXN,EA
100,4500000513,000040,000000000000010115,3,1299954,MXN,EA
100,4500000513,000050,000000000000010103,20,8487940,MXN,EA
100,4500000514,000010,000000000000010135,11,5260860,USD,EA
100,4500000514,000020,000000000000010146,16,3876464,USD,EA
100,4500000515,000010,000000000000010148,2,775104,MXN,EA
100,4500000515,000020,000000000000010024,10,3398460,MXN,EA
100,4500000515,000030,000000000000010117,12,4418004,MXN,EA
100,4500000515,000040,000000000000010077,13,4191226,MXN,EA
100,4500000516,000010,000000000000010107,8,761200,MXN,EA
100,4500000516,000020,000000000000010111,15,3040125,MXN,EA
100,4500000517,000010,000000000000010047,19,970653,EUR,EA
100,4500000517,000020,000000000000010101,2,253338,EUR,EA
100,4500000517,000030,000000000000010041,9,4173417,EUR,EA
100,4500000517,000040,000000000000010138,10,3505200,EUR,EA
100,4500000517,000050,000000000000010018,7,3342073,EUR,EA
100,4500000517,000060,000000000000010127,14,5606076,EUR,EA
100,4500000518,000010,000000000000010032,12,493500,MXN,EA
100,4500000518,000020,000000000000010027,17,6849079,MXN,EA
100,4500000518,000030,000000000000010084,14,3323880,MXN,EA
100,4500000518,000040,000000000000010043,9,987498,MXN,EA
100,4500000518,000050,000000000000010130,2,486616,MXN,EA
100,4500000519,000010,000000000000010019,15,3012525,MXN,EA
100,4500000520,000010,000000000000010103,7,1462797,MXN,EA
100,4500000520,000020,000000000000010010,1,132389,MXN,EA
100,4500000520,000030,000000000000010030,5,862500,MXN,EA
100,4500000521,000010,000000000000010119,16,3886128,MXN,EA
100,4500000521,000020,000000000000010018,3,865602,MXN,EA
100,4500000521,000030,000000000000010063,15,1118010,MXN,EA
100,4500000521,000040,000000000000010121,9,3979989,MXN,EA
100,4500000521,000050,000000000000010042,6,2643678,MXN,EA
100,4500000521,000060,10005,20,1073960,MXN,EA
100,4500000522,000010,000000000000010076,4,1125248,MXN,EA
100,4500000522,000020,000000000000010101,6,250062,MXN,EA
100,4500000523,000010,000000000000010003,9,733284,USD,EA
100,4500000523,000020,000000000000010113,12,1131492,USD,EA
100,4500000523,000030,000000000000010056,2,938050,USD,EA
100,4500000523,000040,000000000000010137,7,1629355,USD,EA
100,4500000523,000050,000000000000010013,17,5730258,USD,EA
100,4500000523,000060,000000000000010027,13,4718220,USD,EA
100,4500000524,000010,000000000000010114,2,629262,USD,EA
100,4500000524,000020,000000000000010002,2,811930,USD,EA
100,4500000524,000030,000000000000010097,7,3415783,USD,EA
100,4500000525,000010,000000000000010096,8,846800,MXN,EA
100,4500000525,000020,000000000000010024,1,222083,MXN,EA
100,4500000526,000010,000000000000010004,11,4743112,USD,EA
100,4500000527,000010,000000000000010017,8,3708568,EUR,EA
100,4500000527,000020,000000000000010025,6,2283540,EUR,EA
100,4500000528,000010,000000000000010012,14,3775758,USD,EA
100,4500000528,000020,000000000000010028,11,1871947,USD,EA
100,4500000529,000010,000000000000010049,20,2191800,USD,EA
100,4500000529,000020,000000000000010139,13,6412458,USD,EA
100,4500000529,000030,000000000000010110,4,491392,USD,EA
100,4500000529,000040,000000000000010055,4,751792,USD,EA
100,4500000529,000050,000000000000010083,6,53166,USD,EA
100,4500000530,000010,000000000000010081,1,205045,MXN,EA
100,4500000530,000020,000000000000010055,15,1745895,MXN,EA
100,4500000530,000030,000000000000010017,9,3075822,MXN,EA
100,4500000530,000040,000000000000010095,2,72600,MXN,EA
100,4500000531,000010,000000000000010106,10,4034140,MXN,EA
100,4500000531,000020,000000000000010128,4,1498284,MXN,EA
100,4500000532,000010,000000000000010146,6,798534,MXN,EA
100,4500000532,000020,000000000000010025,20,3421100,MXN,EA
100,4500000532,000030,000000000000010100,5,875440,MXN,EA
100,4500000532,000040,000000000000010045,11,4922049,MXN,EA
100,4500000532,000050,000000000000010124,3,530073,MXN,EA
100,4500000533,000010,000000000000010150,15,3022080,MXN,EA
100,4500000534,000010,000000000000010060,17,5253034,MXN,EA
100,4500000534,000020,000000000000010004,8,96968,MXN,EA
100,4500000534,000030,000000000000010032,10,1249390,MXN,EA
100,4500000534,000040,000000000000010110,8,2607480,MXN,EA
100,4500000534,000050,000000000000010021,2,146236,MXN,EA
100,4500000535,000010,000000000000010128,10,1069120,EUR,EA
100,4500000535,000020,000000000000010039,13,1406028,EUR,EA
100,4500000535,000030,000000000000010010,8,3881056,EUR,EA
100,4500000536,000010,000000000000010114,11,785334,EUR,EA
100,4500000536,000020,000000000000010072,11,3722752,EUR,EA
100,4500000536,000030,000000000000010011,17,7074040,EUR,EA
100,4500000536,000040,000000000000010107,10,3945040,EUR,EA
100,4500000536,000050,000000000000010007,8,3560296,EUR,EA
100,4500000536,000060,000000000000010085,11,1408088,EUR,EA
100,4500000537,000010,000000000000010139,2,952672,JPY,EA
100,4500000537,000020,000000000000010064,8,2558400,JPY,EA
100,4500000538,000010,000000000000010134,11,1069530,MXN,EA
100,4500000538,000020,000000000000010114,1,34877,MXN,EA
100,4500000538,000030,000000000000010126,3,305721,MXN,EA
100,4500000538,000040,000000000000010014,5,2464630,MXN,EA
100,4500000539,000010,000000000000010033,3,276168,MXN,EA
100,4500000539,000020,000000000000010141,7,874258,MXN,EA
100,4500000540,000010,000000000000010021,14,5335442,MXN,EA
100,4500000540,000020,000000000000010120,10,870660,MXN,EA
100,4500000540,000030,000000000000010051,8,1786448,MXN,EA
100,4500000540,000040,000000000000010046,20,2630620,MXN,EA
100,4500000540,000050,000000000000010078,10,3032110,MXN,EA
100,4500000541,000010,000000000000010052,9,4078431,MXN,EA
100,4500000541,000020,000000000000010124,3,1498812,MXN,EA
100,4500000541,000030,000000000000010093,13,2587416,MXN,EA
100,4500000541,000040,000000000000010043,16,3718528,MXN,EA
100,4500000542,000010,000000000000010130,20,7726260,MXN,EA
100,4500000542,000020,000000000000010111,5,2153540,MXN,EA
100,4500000542,000030,000000000000010124,1,400470,MXN,EA
100,4500000542,000040,000000000000010098,14,6282696,MXN,EA
100,4500000543,000010,000000000000010077,20,5652920,USD,EA
100,4500000544,000010,000000000000010142,6,815364,CLP,EA
100,4500000544,000020,000000000000010098,15,2420280,CLP,EA
100,4500000545,000010,000000000000010073,13,3844412,USD,EA
100,4500000545,000020,000000000000010124,3,527130,USD,EA
100,4500000545,000030,000000000000010035,16,1657776,USD,EA
100,4500000545,000040,000000000000010040,7,22337,USD,EA
100,4500000546,000010,000000000000010129,12,3103956,MXN,EA
100,4500000547,000010,000000000000010107,13,5071599,USD,EA
100,4500000547,000020,000000000000010096,13,3349645,USD,EA
100,4500000547,000030,000000000000010079,19,728593,USD,EA
100,4500000547,000040,000000000000010105,2,968370,USD,EA
100,4500000548,000010,000000000000010099,19,1636356,CLP,EA
100,4500000549,000010,000000000000010112,9,3648303,JPY,EA
100,4500000549,000020,000000000000010090,17,6337379,JPY,EA
100,4500000550,000010,000000000000010095,2,684524,MXN,EA
100,4500000550,000020,000000000000010099,14,5413786,MXN,EA
100,4500000550,000030,000000000000010064,8,2011720,MXN,EA
100,4500000550,000040,000000000000010009,12,3981600,MXN,EA
100,4500000551,000010,000000000000010008,5,690060,JPY,EA
100,4500000551,000020,000000000000010117,5,671600,JPY,EA
100,4500000551,000030,000000000000010064,20,6084340,JPY,EA
100,4500000551,000040,000000000000010042,1,62200,JPY,EA
100,4500000551,000050,000000000000010024,13,2723383,JPY,EA
100,4500000551,000060,000000000000010021,17,8127275,JPY,EA
100,4500000552,000010,000000000000010109,6,2616162,MXN,EA
100,4500000552,000020,000000000000010110,9,3273489,MXN,EA
100,4500000553,000010,000000000000010129,18,6232248,MXN,EA
100,4500000553,000020,000000000000010098,19,3086911,MXN,EA
100,4500000553,000030,000000000000010106,3,174873,MXN,EA
100,4500000554,000010,000000000000010147,12,5134668,MXN,EA
100,4500000554,000020,000000000000010037,9,3541950,MXN,EA
100,4500000554,000030,000000000000010054,13,4777266,MXN,EA
100,4500000554,000040,000000000000010079,1,89289,MXN,EA
100,4500000554,000050,000000000000010126,1,51788,MXN,EA
100,4500000554,000060,000000000000010018,14,3867234,MXN,EA
100,4500000555,000010,000000000000010074,14,1266454,MXN,EA
100,4500000555,000020,000000000000010046,12,1184724,MXN,EA
100,4500000555,000030,000000000000010035,7,1792357,MXN,EA
100,4500000555,000040,000000000000010047,17,8470726,MXN,EA
100,4500000556,000010,000000000000010116,19,8131316,MXN,EA
100,4500000557,000010,000000000000010048,7,223461,JPY,EA
100,4500000557,000020,000000000000010047,7,958825,JPY,EA
100,4500000558,000010,000000000000010113,20,1164980,EUR,EA
100,4500000558,000020,000000000000010043,3,464046,EUR,EA
100,4500000558,000030,000000000000010022,13,862797,EUR,EA
100,4500000558,000040,000000000000010071,3,541158,EUR,EA
100,4500000559,000010,000000000000010150,8,2012440,JPY,EA
100,4500000560,000010,000000000000010026,1,33011,MXN,EA
100,4500000560,000020,000000000000010069,1,349820,MXN,EA
100,4500000560,000030,000000000000010150,2,103546,MXN,EA
100,4500000560,000040,000000000000010055,17,7074108,MXN,EA
100,4500000561,000010,000000000000010097,20,5473360,MXN,EA
100,4500000562,000010,000000000000010125,16,6365424,MXN,EA
100,4500000562,000020,000000000000010087,20,4523140,MXN,EA
100,4500000562,000030,000000000000010087,12,4301892,MXN,EA
100,4500000563,000010,000000000000010081,8,3954800,MXN,EA
100,4500000563,000020,000000000000010093,13,2592317,MXN,EA
100,4500000563,000030,000000000000010015,12,5504928,MXN,EA
100,4500000564,000010,000000000000010026,1,240557,USD,EA
100,4500000564,000020,000000000000010103,5,72315,USD,EA
100,4500000564,000030,000000000000010032,17,2507857,USD,EA
100,4500000565,000010,000000000000010064,12,2855220,MXN,EA
100,4500000565,000020,000000000000010122,17,3699149,MXN,EA
100,4500000565,000030,000000000000010049,1,335534,MXN,EA
100,4500000565,000040,000000000000010083,1,333281,MXN,EA
100,4500000565,000050,000000000000010093,2,848784,MXN,EA
100,4500000565,000060,000000000000010084,15,1851765,MXN,EA
100,4500000566,000010,000000000000010125,13,5051228,MXN,EA
100,4500000566,000020,000000000000010021,12,2704212,MXN,EA
100,4500000566,000030,000000000000010122,4,1543892,MXN,EA
100,4500000566,000040,000000000000010099,10,3193330,MXN,EA
100,4500000566,000050,000000000000010050,5,2285280,MXN,EA
100,4500000567,000010,000000000000010147,17,299931,USD,EA
100,4500000567,000020,000000000000010033,16,6700208,USD,EA
100,4500000567,000030,000000000000010023,10,4373930,USD,EA
100,4500000567,000040,000000000000010141,15,1336620,USD,EA
100,4500000567,000050,000000000000010115,4,1015180,USD,EA
100,4500000568,000010,000000000000010139,8,1028704,MXN,EA
100,4500000568,000020,000000000000010055,6,2375526,MXN,EA
100,4500000568,000030,000000000000010023,4,916036,MXN,EA
100,4500000568,000040,000000000000010008,6,2928390,MXN,EA
100,4500000568,000050,000000000000010084,13,5235958,MXN,EA
100,4500000568,000060,000000000000010072,8,3024432,MXN,EA
100,4500000569,000010,000000000000010122,4,1399604,MXN,EA
100,4500000569,000020,000000000000010035,18,5996898,MXN,EA
100,4500000569,000030,000000000000010126,3,1254276,MXN,EA
100,4500000570,000010,000000000000010086,8,3916168,EUR,EA
100,4500000570,000020,000000000000010148,20,698080,EUR,EA
100,4500000570,000030,000000000000010088,13,6216457,EUR,EA
100,4500000570,000040,000000000000010098,18,8097552,EUR,EA
100,4500000570,000050,000000000000010112,8,945640,EUR,EA
100,4500000570,000060,000000000000010067,4,614220,EUR,EA
100,4500000571,000010,000000000000010029,3,538146,MXN,EA
100,4500000572,000010,000000000000010049,4,1205328,JPY,EA
100,4500000572,000020,000000000000010095,5,2241950,JPY,EA
100,4500000572,000030,000000000000010081,13,3945110,JPY,EA
100,4500000572,000040,000000000000010001,10,334450,JPY,EA
100,4500000572,000050,000000000000010138,7,3115938,JPY,EA
100,4500000572,000060,000000000000010100,14,2360176,JPY,EA
100,4500000573,000010,000000000000010033,17,5932864,MXN,EA
100,4500000573,000020,000000000000010057,4,833028,MXN,EA
100,4500000573,000030,000000000000010003,18,8061894,MXN,EA
100,4500000574,000010,000000000000010081,5,2144480,EUR,EA
100,4500000574,000020,000000000000010076,8,2104448,EUR,EA
100,4500000574,000030,000000000000010117,5,1581705,EUR,EA
100,4500000574,000040,000000000000010073,5,1963370,EUR,EA
100,4500000575,000010,000000000000010009,20,3376900,MXN,EA
100,4500000575,000020,000000000000010080,17,6154408,MXN,EA
100,4500000575,000030,000000000000010032,9,4008798,MXN,EA
100,4500000575,000040,000000000000010147,16,5309856,MXN,EA
100,4500000575,000050,000000000000010056,16,2461232,MXN,EA
100,4500000575,000060,000000000000010097,2,851566,MXN,EA
100,4500000576,000010,000000000000010040,7,3119424,MXN,EA
100,4500000576,000020,000000000000010058,2,970000,MXN,EA
100,4500000576,000030,000000000000010046,16,6117824,MXN,EA
100,4500000577,000010,000000000000010077,6,73836,MXN,EA
100,4500000577,000020,000000000000010141,13,2312700,MXN,EA
100,4500000577,000030,000000000000010109,16,2937808,MXN,EA
100,4500000577,000040,000000000000010101,13,502528,MXN,EA
100,4500000578,000010,000000000000010073,10,3661010,USD,EA
100,4500000578,000020,000000000000010050,18,3734100,USD,EA
100,4500000578,000030,000000000000010025,5,852820,USD,EA
100,4500000578,000040,000000000000010149,2,893090,USD,EA
100,4500000578,000050,000000000000010078,15,5163240,USD,EA
100,4500000579,000010,000000000000010148,5,1163370,MXN,EA
100,4500000579,000020,000000000000010124,10,4714000,MXN,EA
100,4500000580,000010,000000000000010054,7,2959005,MXN,EA
100,4500000580,000020,000000000000010051,1,190910,MXN,EA
100,4500000581,000010,000000000000010148,4,1426532,MXN,EA
100,4500000581,000020,000000000000010038,13,6490666,MXN,EA
100,4500000581,000030,000000000000010110,6,2918898,MXN,EA
100,4500000581,000040,000000000000010015,4,749712,MXN,EA
100,4500000581,000050,000000000000010122,6,2978910,MXN,EA
100,4500000581,000060,000000000000010014,4,1084944,MXN,EA
100,4500000582,000010,000000000000010087,19,4340493,MXN,EA
100,4500000582,000020,000000000000010039,13,1682863,MXN,EA
100,4500000582,000030,000000000000010009,4,509108,MXN,EA
100,4500000582,000040,000000000000010102,16,2555136,MXN,EA
100,4500000582,000050,000000000000010045,13,5300984,MXN,EA
100,4500000582,000060,000000000000010023,15,6816810,MXN,EA
100,4500000583,000010,000000000000010098,9,2992716,CLP,EA
100,4500000583,000020,000000000000010114,12,84996,CLP,EA
100,4500000583,000030,000000000000010031,4,177300,CLP,EA
100,4500000583,000040,000000000000010032,16,5396528,CLP,EA
100,4500000583,000050,000000000000010131,8,104576,CLP,EA
100,4500000583,000060,000000000000010147,19,4795505,CLP,EA
100,4500000584,000010,000000000000010025,19,1822974,JPY,EA
100,4500000584,000020,000000000000010099,16,5423264,JPY,EA
100,4500000584,000030,000000000000010112,10,3005900,JPY,EA
100,4500000585,000010,000000000000010026,11,377201,EUR,EA
100,4500000585,000020,000000000000010138,6,1281054,EUR,EA
100,4500000586,000010,000000000000010006,13,3802955,MXN,EA
100,4500000586,000020,000000000000010138,17,4371499,MXN,EA
100,4500000586,000030,000000000000010017,17,7478368,MXN,EA
100,4500000586,000040,000000000000010150,18,6753780,MXN,EA
100,4500000586,000050,000000000000010032,7,2424002,MXN,EA
100,4500000586,000060,000000000000010031,6,2717628,MXN,EA
100,4500000587,000010,000000000000010047,1,291833,MXN,EA
100,4500000587,000020,000000000000010115,11,720621,MXN,EA
100,4500000587,000030,000000000000010011,5,1512540,MXN,EA
100,4500000587,000040,000000000000010053,6,282258,MXN,EA
100,4500000587,000050,000000000000010144,9,4026645,MXN,EA
100,4500000588,000010,000000000000010022,4,1065468,MXN,EA
100,4500000589,000010,000000000000010094,18,1637442,MXN,EA
100,4500000589,000020,000000000000010109,1,131200,MXN,EA
100,4500000589,000030,000000000000010077,2,994176,MXN,EA
100,4500000590,000010,000000000000010076,18,4216788,USD,EA
100,4500000590,000020,000000000000010036,19,4904527,USD,EA
100,4500000590,000030,000000000000010081,17,8134704,USD,EA
100,4500000590,000040,000000000000010091,20,5663520,USD,EA
100,4500000590,000050,000000000000010131,7,2531711,USD,EA
100,4500000591,000010,000000000000010012,8,162072,USD,EA
100,4500000592,000010,000000000000010037,10,4498350,MXN,EA
100,4500000592,000020,000000000000010056,5,1583485,MXN,EA
100,4500000593,000010,000000000000010056,19,3595807,MXN,EA
100,4500000593,000020,000000000000010072,5,1916300,MXN,EA
100,4500000593,000030,000000000000010109,3,867837,MXN,EA
100,4500000593,000040,000000000000010066,9,1810467,MXN,EA
100,4500000593,000050,000000000000010042,13,3121430,MXN,EA
100,4500000594,000010,000000000000010066,14,6915090,USD,EA
100,4500000595,000010,000000000000010037,18,1940940,MXN,EA
100,4500000595,000020,000000000000010019,9,2996433,MXN,EA
100,4500000595,000030,000000000000010050,12,3558120,MXN,EA
100,4500000595,000040,000000000000010131,20,1740100,MXN,EA
100,4500000595,000050,000000000000010108,5,834315,MXN,EA
100,4500000595,000060,000000000000010112,13,189592,MXN,EA
100,4500000596,000010,000000000000010064,3,427869,MXN,EA
100,4500000596,000020,000000000000010032,18,1055988,MXN,EA
100,4500000596,000030,000000000000010141,14,498134,MXN,EA
100,4500000596,000040,000000000000010085,3,573663,MXN,EA
100,4500000596,000050,000000000000010086,9,699462,MXN,EA
100,4500000597,000010,000000000000010071,1,52352,MXN,EA
100,4500000597,000020,000000000000010097,8,1596096,MXN,EA
100,4500000598,000010,000000000000010032,6,1662144,EUR,EA
100,4500000599,000010,000000000000010079,19,8200780,MXN,EA
100,4500000599,000020,000000000000010126,4,1113308,MXN,EA
100,4500000599,000030,000000000000010090,19,8639623,MXN,EA
100,4500000599,000040,000000000000010073,18,2575980,MXN,EA
100,4500000599,000050,000000000000010026,2,181040,MXN,EA
100,4500000599,000060,000000000000010082,13,1244412,MXN,EA
100,4500000600,000010,000000000000010137,18,5629500,MXN,EA
100,4500000600,000020,000000000000010104,16,4984656,MXN,EA
100,4500000600,000030,000000000000010033,9,53811,MXN,EA
100,4500000601,000010,000000000000010132,5,1728760,MXN,EA
100,4500000601,000020,000000000000010033,5,998000,MXN,EA
100,4500000601,000030,000000000000010146,9,258444,MXN,EA
100,4500000601,000040,000000000000010095,8,2852640,MXN,EA
100,4500000601,000050,000000000000010108,15,1454985,MXN,EA
100,4500000601,000060,000000000000010113,12,5035524,MXN,EA
100,4500000602,000010,000000000000010129,10,1456100,MXN,EA
100,4500000602,000020,000000000000010110,17,8410053,MXN,EA
100,4500000602,000030,000000000000010059,10,3342550,MXN,EA
100,4500000602,000040,000000000000010023,10,2141300,MXN,EA
100,4500000603,000010,000000000000010024,3,123627,USD,EA
100,4500000603,000020,000000000000010062,3,262698,USD,EA
100,4500000603,000030,000000000000010148,2,90692,USD,EA
100,4500000604,000010,000000000000010074,18,8790696,EUR,EA
100,4500000604,000020,000000000000010127,1,498233,EUR,EA
100,4500000604,000030,000000000000010109,17,8327739,EUR,EA
100,4500000604,000040,000000000000010035,16,4191888,EUR,EA
100,4500000604,000050,000000000000010132,18,6604038,EUR,EA
100,4500000604,000060,000000000000010032,13,107731,EUR,EA
100,4500000605,000010,000000000000010049,1,375425,MXN,EA
100,4500000605,000020,000000000000010109,18,7092738,MXN,EA
100,4500000605,000030,000000000000010089,8,3107512,MXN,EA
100,4500000605,000040,000000000000010136,20,464120,MXN,EA
100,4500000605,000050,000000000000010115,6,2127858,MXN,EA
100,4500000606,000010,000000000000010058,6,242310,JPY,EA
100,4500000606,000020,000000000000010094,5,1351590,JPY,EA
100,4500000606,000030,000000000000010091,2,445256,JPY,EA
100,4500000606,000040,000000000000010127,13,1174966,JPY,EA
100,4500000606,000050,000000000000010096,4,712748,JPY,EA
100,4500000607,000010,000000000000010064,18,8046936,MXN,EA
100,4500000607,000020,000000000000010031,10,1578550,MXN,EA
100,4500000607,000030,10124,10,1398050,MXN,EA
100,4500000607,000040,000000000000010055,1,387938,MXN,EA
100,4500000607,000050,000000000000010146,13,1495169,MXN,EA
100,4500000607,000060,000000000000010079,17,7376606,MXN,EA
100,4500000608,000010,000000000008882184,20,8915600,MXN,EA
100,4500000609,000010,000000000000010015,12,49056,USD,EA
100,4500000609,000020,000000000000010118,11,1731631,USD,EA
100,4500000609,000030,000000000000010091,4,14808,USD,EA
100,4500000609,000040,000000000000010090,6,1270794,USD,EA
100,4500000610,000010,000000000000010003,4,907460,MXN,EA
100,4500000610,000020,000000000000010126,7,318010,MXN,EA
100,4500000610,000030,000000000000010136,17,8025309,MXN,EA
100,4500000611,000010,000000000000010106,4,1918928,MXN,EA
100,4500000611,000020,000000000000010125,1,82595,MXN,EA
100,4500000612,000010,000000000000010065,8,1982248,MXN,EA
100,4500000612,000020,000000000000010102,12,1894932,MXN,EA
100,4500000612,000030,000000000000010094,14,6562724,MXN,EA
100,4500000612,000040,000000000000010047,18,7676676,MXN,EA
100,4500000612,000050,000000000000010069,4,923752,MXN,EA
100,4500000612,000060,000000000000010113,6,446004,MXN,EA
100,4500000613,000010,000000000000010112,1,189343,USD,EA
100,4500000613,000020,000000000000010051,4,401548,USD,EA
100,4500000613,000030,000000000000010073,2,142172,USD,EA
100,4500000614,000010,000000000000010108,11,5207202,MXN,EA
100,4500000614,000020,000000000000010009,6,2101698,MXN,EA
100,4500000614,000030,000000000000010051,16,5596448,MXN,EA
100,4500000614,000040,000000000000010069,4,887100,MXN,EA
100,4500000615,000010,000000000000010141,16,6725376,MXN,EA
100,4500000615,000020,000000000000010033,11,4342657,MXN,EA
100,4500000615,000030,000000000000010103,17,6487710,MXN,EA
100,4500000615,000040,000000000000010100,5,292655,MXN,EA
100,4500000616,000010,000000000000010006,5,412740,MXN,EA
100,4500000617,000010,000000000008882212,1,403330,MXN,EA
100,4500000617,000020,000000000000010061,2,713258,MXN,EA
100,4500000617,000030,000000000000010088,14,4396630,MXN,EA
100,4500000618,000010,000000000000010003,14,3538626,CLP,EA
100,4500000618,000020,000000000000010075,10,2557660,CLP,EA
100,4500000618,000030,000000000000010022,14,1832460,CLP,EA
100,4500000618,000040,000000000000010040,17,1682456,CLP,EA
100,4500000618,000050,000000000000010064,9,3626874,CLP,EA
100,4500000618,000060,000000000000010030,9,3316518,CLP,EA
100,4500000619,000010,000000000000010110,7,1746192,EUR,EA
100,4500000619,000020,000000000000010027,17,5463664,EUR,EA
100,4500000620,000010,000000000000010049,19,6283832,USD,EA
100,4500000620,000020,000000000000010039,8,513248,USD,EA
100,4500000621,000010,000000000000010103,2,289164,USD,EA
100,4500000621,000020,000000000000010050,5,1122525,USD,EA
100,4500000622,000010,000000000000010052,3,1362504,MXN,EA
100,4500000623,000010,000000000000010098,14,3867304,MXN,EA
100,4500000624,000010,000000000000010060,8,1418032,MXN,EA
100,4500000624,000020,000000000000010110,16,530624,MXN,EA
100,4500000624,000030,000000000000010131,14,4740036,MXN,EA
100,4500000625,000010,000000000000010078,4,568648,EUR,EA
100,4500000626,000010,000000000000010072,12,4488900,MXN,EA
100,4500000626,000020,000000000000010108,8,1349504,MXN,EA
100,4500000626,000030,000000000000010013,6,134622,MXN,EA
100,4500000627,000010,000000000000010014,11,1233507,MXN,EA
100,4500000628,000010,000000000000010121,9,4295754,USD,EA
100,4500000628,000020,000000000000010026,14,1370726,USD,EA
100,4500000628,000030,000000000000010065,16,3065936,USD,EA
100,4500000629,000010,000000000000010078,4,207184,MXN,EA
100,4500000629,000020,000000000000010004,18,7288992,MXN,EA
100,4500000629,000030,000000000000010034,11,2090451,MXN,EA
100,4500000630,000010,000000000000010093,19,5287244,MXN,EA
100,4500000630,000020,000000000000010096,8,2735336,MXN,EA
100,4500000630,000030,000000000000010071,7,2151485,MXN,EA
100,4500000630,000040,000000000000010099,3,1398435,MXN,EA
100,4500000630,000050,000000000000010028,5,1655350,MXN,EA
100,4500000630,000060,000000000000010031,2,617054,MXN,EA
100,4500000631,000010,000000000000010049,7,2593108,EUR,EA
100,4500000631,000020,000000000000010115,4,161032,EUR,EA
100,4500000631,000030,000000000000010140,20,3615540,EUR,EA
100,4500000631,000040,000000000000010078,16,6399616,EUR,EA
100,4500000631,000050,000000000000010052,18,6820020,EUR,EA
100,4500000631,000060,000000000000010040,2,136040,EUR,EA
100,4500000632,000010,000000000000010108,18,6733512,USD,EA
100,4500000632,000020,000000000000010065,18,3295890,USD,EA
100,4500000633,000010,000000000000010115,4,1914188,JPY,EA
100,4500000633,000020,000000000000010112,3,762411,JPY,EA
100,4500000633,000030,000000000000010108,17,8317862,JPY,EA
100,4500000634,000010,000000000000010006,6,1890774,CLP,EA
100,4500000634,000020,000000000000010071,5,764315,CLP,EA
100,4500000634,000030,000000000000010012,19,624587,CLP,EA
100,4500000634,000040,000000000000010049,13,3386968,CLP,EA
100,4500000634,000050,000000000000010137,17,685338,CLP,EA
100,4500000635,000010,000000000000010113,17,3440885,EUR,EA
100,4500000635,000020,000000000000010144,13,2745080,EUR,EA
100,4500000636,000010,000000000000010070,7,682521,USD,EA
100,4500000636,000020,000000000000010001,6,1805034,USD,EA
100,4500000636,000030,000000000000010056,19,6959358,USD,EA
100,4500000636,000040,000000000000010003,17,4076294,USD,EA
100,4500000636,000050,000000000000010129,17,2323951,USD,EA
100,4500000637,000010,000000000000010057,10,3723290,MXN,EA
100,4500000637,000020,000000000000010069,18,1141992,MXN,EA
100,4500000637,000030,000000000000010044,8,199312,MXN,EA
100,4500000638,000010,000000000000010061,10,214940,MXN,EA
100,4500000638,000020,000000000000010038,9,4384296,MXN,EA
100,4500000638,000030,000000000000010035,9,4130136,MXN,EA
100,4500000638,000040,000000000000010014,8,3461632,MXN,EA
100,4500000638,000050,000000000000010054,18,1114452,MXN,EA
100,4500000639,000010,000000000000010089,20,3890400,MXN,EA
100,4500000640,000010,000000000000010022,18,2509776,MXN,EA
100,4500000640,000020,000000000000010035,14,6607804,MXN,EA
100,4500000640,000030,000000000000010076,11,341242,MXN,EA
100,4500000641,000010,000000000000010003,12,1391580,USD,EA
100,4500000641,000020,000000000000010072,6,811266,USD,EA
100,4500000641,000030,000000000000010005,18,6221214,USD,EA
100,4500000641,000040,000000000000010150,4,1519404,USD,EA
100,4500000641,000050,000000000000010098,9,4114296,USD,EA
100,4500000641,000060,000000000000010142,7,3004841,USD,EA
100,4500000642,000010,000000000000010057,11,1561175,USD,EA
100,4500000642,000020,000000000000010053,19,6292724,USD,EA
100,4500000642,000030,000000000000010102,5,1174305,USD,EA
100,4500000642,000040,000000000000010060,14,2719822,USD,EA
100,4500000643,000010,000000000000010123,3,783078,MXN,EA
100,4500000643,000020,000000000000010047,15,1470105,MXN,EA
100,4500000644,000010,000000000000010049,19,4905268,USD,EA
100,4500000644,000020,000000000000010047,10,120340,USD,EA
100,4500000645,000010,000000000000010042,6,2577630,USD,EA
100,4500000645,000020,000000000000010101,20,1989720,USD,EA
100,4500000645,000030,000000000000010018,5,193870,USD,EA
100,4500000646,000010,000000000000010063,15,7164690,CLP,EA
100,4500000646,000020,000000000000010104,4,1522980,CLP,EA
100,4500000646,000030,000000000000010135,5,1910165,CLP,EA
100,4500000646,000040,000000000000010004,20,1065740,CLP,EA
100,4500000647,000010,000000000000010099,1,58690,MXN,EA
100,4500000647,000020,000000000000010004,2,140598,MXN,EA
100,4500000647,000030,000000000000010064,3,423987,MXN,EA
100,4500000647,000040,000000000000010037,20,161520,MXN,EA
100,4500000648,000010,000000000000010028,18,6964992,MXN,EA
100,4500000649,000010,000000000000010022,7,517972,MXN,EA
100,4500000649,000020,000000000000010123,19,8908511,MXN,EA
100,4500000649,000030,000000000000010114,6,972948,MXN,EA
100,4500000650,000010,000000000000010123,5,644130,MXN,EA
100,4500000650,000020,000000000000010015,18,6548904,MXN,EA
100,4500000650,000030,000000000000010069,18,1179486,MXN,EA
100,4500000651,000010,000000000000010012,4,1146196,USD,EA
100,4500000652,000010,000000000000010027,17,7917886,CLP,EA
100,4500000652,000020,000000000000010107,5,8170,CLP,EA
100,4500000652,000030,000000000000010058,1,119843,CLP,EA
100,4500000653,000010,000000000000010099,5,931180,EUR,EA
100,4500000653,000020,000000000000010074,8,3873848,EUR,EA
100,4500000653,000030,000000000000010099,4,1035420,EUR,EA
100,4500000653,000040,000000000000010044,4,474856,EUR,EA
100,4500000654,000010,000000000000010073,12,491964,USD,EA
100,4500000655,000010,000000000000010086,4,760008,USD,EA
100,4500000655,000020,000000000000010022,2,635870,USD,EA
100,4500000655,000030,000000000000010039,6,1354344,USD,EA
100,4500000655,000040,000000000000010136,11,3469059,USD,EA
100,4500000655,000050,000000000000010047,14,1116612,USD,EA
100,4500000656,000010,000000000000010078,20,8592760,MXN,EA
100,4500000656,000020,000000000000010074,12,5519544,MXN,EA
100,4500000656,000030,000000000000010027,9,4332330,MXN,EA
100,4500000656,000040,000000000000010128,12,5881176,MXN,EA
100,4500000656,000050,000000000000010068,3,1243761,MXN,EA
100,4500000656,000060,000000000000010001,5,2043910,MXN,EA
100,4500000657,000010,000000000000010038,11,863269,USD,EA
100,4500000657,000020,000000000000010100,15,5687865,USD,EA
100,4500000657,000030,000000000000010123,3,180990,USD,EA
100,4500000657,000040,000000000000010148,14,5348056,USD,EA
100,4500000657,000050,000000000000010072,5,242100,USD,EA
100,4500000657,000060,000000000000010083,5,481765,USD,EA
100,4500000658,000010,000000000000010091,11,2861166,MXN,EA
100,4500000658,000020,000000000000010109,16,5832832,MXN,EA
100,4500000658,000030,000000000000010106,20,8340460,MXN,EA
100,4500000658,000040,000000000000010086,5,2107760,MXN,EA
100,4500000659,000010,000000000000010063,13,2866474,MXN,EA
100,4500000659,000020,000000000000010141,16,4535328,MXN,EA
100,4500000659,000030,000000000000010137,16,4482704,MXN,EA
100,4500000659,000040,000000000000010138,8,1621240,MXN,EA
100,4500000659,000050,000000000000010022,19,7140656,MXN,EA
100,4500000659,000060,000000000000010108,17,5167541,MXN,EA
100,4500000660,000010,10057,3,372924,CLP,EA
100,4500000660,000020,000000000000010093,1,107577,CLP,EA
100,4500000660,000030,000000000000010005,12,3524988,CLP,EA
100,4500000660,000040,000000000000010122,5,2419090,CLP,EA
100,4500000660,000050,000000000000010029,2,957632,CLP,EA
100,4500000660,000060,000000000000010090,12,5351880,CLP,EA
100,4500000661,000010,000000000000010076,15,1148550,EUR,EA
100,4500000661,000020,000000000000010142,14,1793932,EUR,EA
100,4500000662,000010,000000000000010058,2,785280,EUR,EA
100,4500000662,000020,000000000000010036,4,1463156,EUR,EA
100,4500000663,000010,000000000000010037,13,999999999999,MXN,EA
100,4500000663,000020,000000000000010007,14,2742166,MXN,EA
100,4500000663,000030,000000000000010014,4,1393880,MXN,EA
100,4500000663,000040,000000000000010149,3,752982,MXN,EA
100,4500000663,000050,000000000000010041,1,78010,MXN,EA
100,4500000663,000060,000000000000010094,5,212075,MXN,EA
100,4500000664,000010,000000000000010020,1,299415,MXN,EA
100,4500000664,000020,000000000000010107,5,2011495,MXN,EA
100,4500000665,000010,000000000000010121,5,1966115,MXN,EA
100,4500000665,000020,000000000000010136,10,2475120,MXN,EA
100,4500000666,000010,000000000000010087,15,6160155,MXN,EA
100,4500000666,000020,000000000000010004,10,593350,MXN,EA
100,4500000666,000030,000000000000010040,2,925960,MXN,EA
100,4500000666,000040,000000000000010009,20,7896180,MXN,EA
100,4500000667,000010,000000000000010129,6,40182,JPY,EA
100,4500000667,000020,000000000000010102,14,5004510,JPY,EA
100,4500000668,000010,000000000000010142,9,4346091,MXN,EA
100,4500000668,000020,000000000000010147,17,2744633,MXN,EA
100,4500000668,000030,000000000000010059,14,6850872,MXN,EA
100,4500000668,000040,000000000000010041,9,442809,MXN,EA
100,4500000669,000010,000000000000010097,5,1953080,JPY,EA
100,4500000669,000020,000000000000010055,13,4232241,JPY,EA
100,4500000669,000030,000000000000010015,8,1653384,JPY,EA
100,4500000669,000040,000000000000010048,18,5728266,JPY,EA
100,4500000669,000050,000000000000010020,15,3769545,JPY,EA
100,4500000670,000010,000000000000010104,13,1136395,MXN,EA
100,4500000670,000020,000000000000010014,12,4080348,MXN,EA
100,4500000670,000030,000000000000010109,7,997605,MXN,EA
100,4500000671,000010,000000000000010027,3,573480,MXN,EA
100,4500000672,000010,000000000000010086,1,126582,JPY,EA
100,4500000672,000020,000000000000010073,6,1709622,JPY,EA
100,4500000672,000030,10028,3,336303,JPY,EA
100,4500000672,000040,000000000000010003,10,994310,JPY,EA
100,4500000672,000050,000000000000010142,7,2349893,JPY,EA
100,4500000673,000010,000000000000010062,9,410265,MXN,EA
100,4500000674,000010,000000000000010145,2,593122,CLP,EA
100,4500000674,000020,000000000000010124,2,52382,CLP,EA
100,4500000674,000030,000000000000010081,3,1487010,CLP,EA
100,4500000674,000040,000000000000010080,1,187986,CLP,EA
100,4500000674,000050,000000000000010073,13,3422341,CLP,EA
100,4500000675,000010,000000000000010081,13,4959097,MXN,EA
100,4500000675,000020,000000000000010092,5,1846970,MXN,EA
100,4500000676,000010,000000000000010025,11,2359885,MXN,EA
100,4500000676,000020,000000000000010129,4,1057140,MXN,EA
100,4500000676,000030,000000000000010039,1,308849,MXN,EA
100,4500000676,000040,000000000000010098,16,4934720,MXN,EA
100,4500000676,000050,000000000000010010,10,855270,MXN,EA
100,4500000676,000060,000000000000010039,15,634335,MXN,EA
100,4500000677,000010,000000000000010024,8,3717448,USD,EA
100,4500000677,000020,000000000000010056,5,2020430,USD,EA
100,4500000677,000030,000000000000010042,17,4618730,USD,EA
100,4500000677,000040,000000000000010134,11,2591688,USD,EA
100,4500000677,000050,000000000000010034,11,1688324,USD,EA
100,4500000677,000060,000000000000010093,20,8995300,USD,EA
100,4500000678,000010,000000000000010011,13,1642706,JPY,EA
100,4500000678,000020,000000000000010054,20,6383560,JPY,EA
100,4500000678,000030,000000000000010020,5,1491095,JPY,EA
100,4500000678,000040,000000000000010128,4,1691632,JPY,EA
100,4500000679,000010,000000000000010037,10,2878560,MXN,EA
100,4500000680,000010,000000000000010128,4,957800,USD,EA
100,4500000681,000010,000000000000010044,10,856580,USD,EA
100,4500000681,000020,000000000000010018,9,2729322,USD,EA
100,4500000681,000030,000000000000010094,12,573372,USD,EA
100,4500000682,000010,000000000000010046,15,2043540,MXN,EA
100,4500000683,000010,000000000000010066,15,5129100,CLP,EA
100,4500000683,000020,000000000000010036,4,1196720,CLP,EA
100,4500000683,000030,000000000000010125,2,383128,CLP,EA
100,4500000683,000040,000000000000010074,13,2800863,CLP,EA
100,4500000684,000010,000000000000010034,15,2899095,EUR,EA
100,4500000684,000020,000000000000010132,20,3308800,EUR,EA
100,4500000684,000030,000000000000010096,3,1076007,EUR,EA
100,4500000684,000040,000000000000010106,17,4028609,EUR,EA
100,4500000684,000050,000000000000010068,2,652760,EUR,EA
100,4500000685,000010,000000000000010015,8,2942944,MXN,EA
100,4500000685,000020,000000000000010144,1,82035,MXN,EA
100,4500000685,000030,000000000000010027,10,1980380,MXN,EA
100,4500000685,000040,000000000000010041,19,3996403,MXN,EA
100,4500000685,000050,000000000000010019,8,1636320,MXN,EA
100,4500000685,000060,000000000000010119,3,551829,MXN,EA
100,4500000686,000010,000000000000010120,18,8512650,MXN,EA
100,4500000686,000020,000000000000010120,4,183980,MXN,EA
100,4500000686,000030,000000000000010047,4,1928052,MXN,EA
100,4500000686,000040,000000000000010102,14,1478120,MXN,EA
100,4500000687,000010,000000000000010085,3,502044,MXN,EA
100,4500000687,000020,000000000000010088,20,5119160,MXN,EA
100,4500000687,000030,000000000000010055,16,975024,MXN,EA
100,4500000687,000040,000000000000010072,15,316050,MXN,EA
100,4500000688,000010,000000000000010040,16,1236656,USD,EA
100,4500000688,000020,000000000000010055,11,3287933,USD,EA
100,4500000688,000030,000000000000010009,20,8138120,USD,EA
100,4500000688,000040,000000000000010098,2,983948,USD,EA
100,4500000688,000050,000000000000010093,14,3488828,USD,EA
100,4500000689,000010,000000000000010014,7,3192644,MXN,EA
100,4500000689,000020,000000000000010006,14,1994692,MXN,EA
100,4500000690,000010,000000000000010046,3,225933,MXN,EA
100,4500000690,000020,000000000000010018,9,1920348,MXN,EA
100,4500000690,000030,000000000000010021,10,4591100,MXN,EA
100,4500000691,000010,000000000000010116,14,3865876,JPY,EA
100,4500000691,000020,000000000000010055,9,877590,JPY,EA
100,4500000691,000030,000000000000010014,3,1410642,JPY,EA
100,4500000691,000040,000000000000010110,11,4354691,JPY,EA
100,4500000691,000050,000000000000010077,6,630756,JPY,EA
100,4500000691,000060,000000000000010090,14,3549140,JPY,EA
100,4500000692,000010,000000000008882465,6,2197596,MXN,EA
100,4500000692,000020,000000000000010112,12,5753568,MXN,EA
100,4500000692,000030,000000000000010147,13,5622461,MXN,EA
100,4500000692,000040,000000000000010003,18,7407990,MXN,EA
100,4500000693,000010,000000000000010051,3,1139745,MXN,EA
100,4500000693,000020,000000000000010149,20,1536420,MXN,EA
100,4500000693,000030,000000000000010083,11,92807,MXN,EA
100,4500000693,000040,000000000000010039,15,7358850,MXN,EA
100,4500000693,000050,000000000000010038,16,7266272,MXN,EA
100,4500000694,000010,000000000000010030,14,1942976,MXN,EA
100,4500000694,000020,000000000000010134,1,237222,MXN,EA
100,4500000694,000030,000000000000010033,15,5039640,MXN,EA
100,4500000695,000010,000000000000010025,2,231242,MXN,EA
100,4500000695,000020,000000000000010049,14,5125932,MXN,EA
100,4500000695,000030,000000000000010140,6,1896402,MXN,EA
100,4500000695,000040,000000000000010097,7,1284479,MXN,EA
100,4500000695,000050,000000000000010054,7,2501240,MXN,EA
100,4500000696,000010,000000000000010004,12,5131848,MXN,EA
100,4500000696,000020,000000000000010094,1,159305,MXN,EA
100,4500000696,000030,000000000000010079,17,7317106,MXN,EA
100,4500000696,000040,000000000000010032,16,5459456,MXN,EA
100,4500000696,000050,000000000000010117,14,3026240,MXN,EA
100,4500000697,000010,000000000000010091,18,4036806,MXN,EA
100,4500000697,000020,000000000000010134,11,664873,MXN,EA
100,4500000697,000030,000000000000010046,15,3383940,MXN,EA
100,4500000698,000010,000000000000010046,18,5632092,USD,EA
100,4500000698,000020,000000000000010042,18,4131432,USD,EA
100,4500000698,000030,000000000000010098,10,4440710,USD,EA
100,4500000699,000010,000000000000010112,10,3690980,MXN,EA
100,4500000699,000020,000000000000010026,3,1270632,MXN,EA
100,4500000699,000030,000000000000010027,3,1024770,MXN,EA
100,4500000699,000040,000000000000010005,20,9797920,MXN,EA
100,4500000699,000050,000000000000010106,4,1045036,MXN,EA
100,4500000699,000060,000000000000010140,4,1332596,MXN,EA
100,4500000700,000010,000000000000010129,19,8046652,MXN,EA
100,4500000700,000020,000000000000010009,10,4475380,MXN,EA
100,4500000700,000030,000000000000010108,7,824964,MXN,EA
100,4500000700,000040,000000000000010117,18,3614310,MXN,EA
100,4500000701,000010,000000000000010051,16,7989792,MXN,EA
100,4500000702,000010,000000000000010090,15,3262440,USD,EA
100,4500000703,000010,000000000000010102,1,493629,MXN,EA
100,4500000703,000020,000000000000010096,8,2136864,MXN,EA
100,4500000703,000030,000000000000010073,9,4159503,MXN,EA
100,4500000703,000040,000000000000010068,10,4406070,MXN,EA
100,4500000703,000050,000000000000010107,8,25432,MXN,EA
100,4500000703,000060,000000000000010107,2,18284,MXN,EA
100,4500000704,000010,000000000000010040,12,5301660,USD,EA
100,4500000705,000010,000000000000010082,11,993784,USD,EA
100,4500000705,000020,000000000000010147,14,1789046,USD,EA
100,4500000705,000030,000000000000010143,13,1326117,USD,EA
100,4500000705,000040,000000000000010101,2,842256,USD,EA
100,4500000705,000050,000000000000010148,14,959910,USD,EA
100,4500000706,000010,000000000000010100,6,1274100,MXN,EA
100,4500000706,000020,000000000000010082,17,1429190,MXN,EA
100,4500000706,000030,000000000000010112,8,425656,MXN,EA
100,4500000706,000040,000000000000010033,17,1072037,MXN,EA
100,4500000706,000050,000000000000010148,13,5758870,MXN,EA
100,4500000706,000060,000000000000010067,18,1519002,MXN,EA
100,4500000707,000010,000000000000010053,3,149691,CLP,EA
100,4500000707,000020,000000000000010007,14,98686,CLP,EA
100,4500000707,000030,000000000000010040,1,325062,CLP,EA
100,4500000708,000010,000000000000010140,3,902352,JPY,EA
100,4500000708,000020,000000000000010098,1,390199,JPY,EA
100,4500000708,000030,000000000000010034,15,5004615,JPY,EA
100,4500000708,000040,000000000000010092,6,760098,JPY,EA
100,4500000708,000050,000000000000010057,10,1026220,JPY,EA
100,4500000708,000060,000000000000010138,8,3054368,JPY,EA
100,4500000709,000010,000000000000010067,2,290320,MXN,EA
100,4500000709,000020,000000000000010022,5,1649790,MXN,EA
100,4500000709,000030,000000000000010006,19,8654975,MXN,EA
100,4500000709,000040,000000000000010027,4,966860,MXN,EA
100,4500000710,000010,000000000000010032,4,301448,MXN,EA
100,4500000710,000020,000000000000010073,9,4230270,MXN,EA
100,4500000710,000030,000000000000010047,3,124710,MXN,EA
100,4500000710,000040,000000000000010127,12,5754324,MXN,EA
100,4500000710,000050,000000000000010054,13,699140,MXN,EA
100,4500000711,000010,000000000000010006,14,554036,USD,EA
100,4500000711,000020,000000000000010125,3,333765,USD,EA
100,4500000711,000030,000000000000010108,13,6077058,USD,EA
100,4500000711,000040,000000000000010081,15,6373680,USD,EA
100,4500000712,000010,000000000000010047,10,63160,EUR,EA
100,4500000712,000020,000000000000010046,19,6306803,EUR,EA
100,4500000713,000010,000000000000010009,4,722924,MXN,EA
100,4500000713,000020,000000000000010089,16,5166640,MXN,EA
100,4500000713,000030,000000000000010140,1,84041,MXN,EA
100,4500000713,000040,000000000000010134,9,4381164,MXN,EA
100,4500000713,000050,000000000000010032,7,2231432,MXN,EA
100,4500000714,000010,000000000000010138,1,272578,MXN,EA
100,4500000715,000010,000000000000010040,7,3188437,MXN,EA
100,4500000715,000020,000000000000010094,4,1888440,MXN,EA
100,4500000715,000030,000000000000010056,1,172725,MXN,EA
100,4500000715,000040,000000000000010036,8,357984,MXN,EA
100,4500000715,000050,000000000000010033,9,1300320,MXN,EA
100,4500000716,000010,000000000000010052,3,551226,USD,EA
100,4500000716,000020,000000000000010142,10,2458650,USD,EA
100,4500000716,000030,000000000000010127,14,3776906,USD,EA
100,4500000716,000040,000000000000010103,7,924840,USD,EA
100,4500000717,000010,000000000000010051,9,1862577,USD,EA
100,4500000717,000020,000000000000010027,19,7919960,USD,EA
100,4500000718,000010,000000000000010080,6,2504016,JPY,EA
100,4500000718,000020,000000000000010053,16,3652208,JPY,EA
100,4500000718,000030,000000000000010115,14,4391072,JPY,EA
100,4500000718,000040,000000000000010070,11,3603424,JPY,EA
100,4500000718,000050,000000000000010028,20,4036520,JPY,EA
100,4500000719,000010,000000000000010052,19,3534551,MXN,EA
100,4500000719,000020,000000000000010096,3,709848,MXN,EA
100,4500000719,000030,000000000000010043,2,538196,MXN,EA
100,4500000719,000040,000000000000010065,19,4101283,MXN,EA
100,4500000720,000010,000000000000010136,12,2517924,USD,EA
100,4500000720,000020,000000000000010008,4,381284,USD,EA
100,4500000720,000030,000000000000010083,14,5819198,USD,EA
100,4500000721,000010,000000000000010092,8,312672,MXN,EA
100,4500000721,000020,000000000000010056,12,2352192,MXN,EA
100,4500000722,000010,000000000000010081,4,24200,MXN,EA
100,4500000722,000020,000000000000010082,1,376811,MXN,EA
100,4500000723,000010,000000000000010055,15,4477755,USD,EA
100,4500000723,000020,000000000000010083,8,2363688,USD,EA
100,4500000723,000030,000000000000010017,13,1946035,USD,EA
100,4500000724,000010,000000000000010055,17,1955221,MXN,EA
100,4500000724,000020,000000000000010027,18,2641986,MXN,EA
100,4500000724,000030,000000000000010020,19,8911247,MXN,EA
100,4500000724,000040,000000000000010108,14,2346526,MXN,EA
100,4500000724,000050,000000000000010082,7,730443,MXN,EA
100,4500000725,000010,000000000000010127,16,408512,USD,EA
100,4500000726,000010,000000000000010108,4,264240,EUR,EA
100,4500000726,000020,000000000000010116,6,1897932,EUR,EA
100,4500000726,000030,000000000000010084,19,3832813,EUR,EA
100,4500000727,000010,000000000000010148,1,150441,MXN,EA
100,4500000727,000020,000000000000010005,19,65284,MXN,EA
100,4500000728,000010,000000000000010073,5,2211315,MXN,EA
100,4500000728,000020,000000000000010104,2,941344,MXN,EA
100,4500000728,000030,000000000000010137,17,365670,MXN,EA
100,4500000728,000040,000000000000010087,1,37413,MXN,EA
100,4500000729,000010,000000000000010025,14,5322702,JPY,EA
100,4500000729,000020,000000000000010078,9,1505682,JPY,EA
100,4500000729,000030,000000000000010089,13,556660,JPY,EA
100,4500000729,000040,000000000000010143,11,2858933,JPY,EA
100,4500000730,000010,000000000000010013,13,2047110,MXN,EA
100,4500000730,000020,000000000000010117,16,7135168,MXN,EA
100,4500000730,000030,000000000000010032,12,5911512,MXN,EA
100,4500000730,000040,000000000000010027,1,118448,MXN,EA
100,4500000730,000050,000000000000010013,1,73736,MXN,EA
100,4500000731,000010,000000000000010083,14,1675352,MXN,EA
100,4500000732,000010,000000000000010023,7,2664487,CLP,EA
100,4500000732,000020,000000000000010095,18,64620,CLP,EA
100,4500000733,000010,000000000000010014,9,4177017,MXN,EA
100,4500000733,000020,000000000000010012,4,104668,MXN,EA
100,4500000733,000030,000000000000010078,3,417804,MXN,EA
100,4500000733,000040,000000000000010085,20,8320800,MXN,EA
100,4500000733,000050,000000000000010098,9,3305709,MXN,EA
100,4500000733,000060,000000000000010044,5,1534485,MXN,EA
100,4500000734,000010,000000000000010031,5,842110,MXN,EA
100,4500000734,000020,000000000000010038,19,8862778,MXN,EA
100,4500000734,000030,000000000000010106,15,5270205,MXN,EA
100,4500000734,000040,000000000000010032,17,4719336,MXN,EA
100,4500000735,000010,000000000000010148,16,5563120,MXN,EA
100,4500000735,000020,000000000000010126,9,1527966,MXN,EA
100,4500000736,000010,000000000000010124,8,393032,USD,EA
100,4500000736,000020,000000000000010068,10,3739680,USD,EA
100,4500000736,000030,000000000000010022,12,3525864,USD,EA
100,4500000736,000040,000000000000010063,7,2557527,USD,EA
100,4500000736,000050,000000000000010020,3,780945,USD,EA
100,4500000736,000060,000000000000010016,7,55174,USD,EA
100,4500000737,000010,000000000000010056,15,6452025,MXN,EA
100,4500000737,000020,000000000000010099,7,1796662,MXN,EA
100,4500000737,000030,000000000000010027,11,1214378,MXN,EA
100,4500000737,000040,000000000000010136,17,7668343,MXN,EA
100,4500000737,000050,000000000000010081,10,3724640,MXN,EA
100,4500000737,000060,000000000000010117,5,2227475,MXN,EA
100,4500000738,000010,000000000000010028,5,578530,MXN,EA
100,4500000738,000020,000000000000010094,13,3096652,MXN,EA
100,4500000738,000030,000000000000010132,7,2869685,MXN,EA
100,4500000738,000040,000000000000010103,7,258902,MXN,EA
100,4500000738,000050,000000000000010072,14,1219204,MXN,EA
100,4500000739,000010,000000000000010079,19,6477841,MXN,EA
100,4500000739,000020,000000000000010027,5,1213360,MXN,EA
100,4500000739,000030,000000000000010028,4,508496,MXN,EA
100,4500000739,000040,000000000000010005,15,1485855,MXN,EA
100,4500000739,000050,000000000000010069,1,250687,MXN,EA
100,4500000739,000060,000000000000010136,15,2782890,MXN,EA
100,4500000740,000010,000000000000010031,18,811350,EUR,EA
100,4500000740,000020,000000000000010091,14,1570562,EUR,EA
100,4500000740,000030,000000000000010039,13,3435796,EUR,EA
100,4500000741,000010,000000000000010131,11,317559,JPY,EA
100,4500000741,000020,000000000000010113,9,1753839,JPY,EA
100,4500000741,000030,000000000000010026,2,682128,JPY,EA
100,4500000741,000040,000000000000010098,14,1437464,JPY,EA
100,4500000742,000010,000000000000010049,13,1216956,MXN,EA
100,4500000742,000020,000000000000010071,17,5431109,MXN,EA
100,4500000742,000030,000000000000010127,17,3881321,MXN,EA
100,4500000743,000010,000000000000010013,8,473912,MXN,EA
100,4500000744,000010,000000000000010030,2,940536,JPY,EA
100,4500000744,000020,000000000000010010,19,2670526,JPY,EA
100,4500000745,000010,000000000000010017,18,971442,MXN,EA
100,4500000745,000020,000000000000010071,8,3709888,MXN,EA
100,4500000746,000010,000000000000010104,13,2690805,EUR,EA
100,4500000746,000020,000000000000010026,8,3086296,EUR,EA
100,4500000746,000030,000000000000010069,16,1741568,EUR,EA
100,4500000746,000040,000000000000010044,7,1282813,EUR,EA
100,4500000746,000050,000000000000010074,20,3039660,EUR,EA
100,4500000747,000010,000000000000010001,4,392136,MXN,EA
100,4500000747,000020,000000000000010129,20,5019160,MXN,EA
100,4500000747,000030,000000000000010079,8,722000,MXN,EA
100,4500000747,000040,000000000000010081,3,265110,MXN,EA
100,4500000747,000050,000000000000010048,11,5200690,MXN,EA
100,4500000747,000060,000000000000010117,5,38380,MXN,EA
100,4500000748,000010,000000000000010122,14,2465960,MXN,EA
100,4500000748,000020,000000000000010006,6,835944,MXN,EA
100,4500000748,000030,000000000000010020,6,2142582,MXN,EA
100,4500000748,000040,000000000000010003,20,3712480,MXN,EA
100,4500000748,000050,000000000000010122,19,29013,MXN,EA
100,4500000748,000060,000000000000010126,8,1990088,MXN,EA
100,4500000749,000010,10012,1,298411,USD,EA
100,4500000750,000010,000000000000010075,8,2211136,MXN,EA
100,4500000750,000020,000000000000010129,6,2380998,MXN,EA
100,4500000750,000030,000000000000010038,4,213696,MXN,EA
100,4500000750,000040,000000000000010078,11,2621311,MXN,EA
100,4500000750,000050,000000000000010126,12,3445332,MXN,EA
100,4500000750,000060,000000000000010066,16,2142816,MXN,EA
100,4500000751,000010,000000000000010118,1,434979,MXN,EA
100,4500000751,000020,000000000000010091,10,3733260,MXN,EA
100,4500000751,000030,000000000000010086,17,6920258,MXN,EA
100,4500000752,000010,000000000000010124,4,570096,MXN,EA
100,4500000752,000020,000000000000010133,1,78542,MXN,EA
100,4500000752,000030,000000000000010106,8,2773584,MXN,EA
100,4500000752,000040,000000000000010037,12,3144084,MXN,EA
100,4500000752,000050,000000000000010008,8,2430560,MXN,EA
100,4500000752,000060,000000000000010111,12,1309968,MXN,EA
100,4500000753,000010,000000000000010023,7,3385788,MXN,EA
100,4500000753,000020,000000000000010097,4,578460,MXN,EA
100,4500000753,000030,000000000000010140,15,6904860,MXN,EA
100,4500000753,000040,000000000000010135,6,840588,MXN,EA
100,4500000753,000050,000000000000010090,11,2266110,MXN,EA
100,4500000753,000060,000000000000010107,9,1468566,MXN,EA
100,4500000754,000010,000000000000010011,19,5199730,MXN,EA
100,4500000754,000020,000000000000010088,20,1309340,MXN,EA
100,4500000755,000010,000000000000010117,19,7913709,USD,EA
100,4500000755,000020,000000000000010089,10,587710,USD,EA
100,4500000755,000030,000000000000010003,16,7794192,USD,EA
100,4500000755,000040,000000000000010038,15,5369985,USD,EA
100,4500000756,000010,000000000000010134,10,3280480,USD,EA
100,4500000756,000020,000000000000010143,6,961182,USD,EA
100,4500000757,000010,000000000000010074,3,1260951,MXN,EA
100,4500000757,000020,000000000000010076,1,238952,MXN,EA
100,4500000757,000030,000000000000010011,7,1045674,MXN,EA
100,4500000757,000040,000000000000010032,2,514088,MXN,EA
100,4500000758,000010,000000000000010002,14,2599562,MXN,EA
100,4500000758,000020,000000000000010001,2,265646,MXN,EA
100,4500000758,000030,000000000000010036,12,5540436,MXN,EA
100,4500000759,000010,000000000000010129,18,1481112,MXN,EA
100,4500000759,000020,000000000000010023,9,682074,MXN,EA
100,4500000759,000030,000000000000010051,14,4309564,MXN,EA
100,4500000760,000010,000000000000010075,8,142784,MXN,EA
100,4500000761,000010,000000000000010091,8,3412552,MXN,EA
100,4500000761,000020,000000000000010099,14,2943500,MXN,EA
100,4500000761,000030,000000000000010026,9,4351014,MXN,EA
100,4500000761,000040,000000000000010078,20,3278300,MXN,EA
100,4500000762,000010,000000000000010145,14,4997314,USD,EA
100,4500000762,000020,000000000000010083,19,1405392,USD,EA
100,4500000763,000010,000000000000010052,9,649269,JPY,EA
100,4500000763,000020,10107,18,1900926,JPY,EA
100,4500000763,000030,000000000000010078,10,458770,JPY,EA
100,4500000763,000040,000000000000010077,19,9254463,JPY,EA
100,4500000763,000050,000000000000010119,18,1748502,JPY,EA
100,4500000763,000060,000000000000010097,14,718942,JPY,EA
100,4500000764,000010,000000000000010135,15,5473875,MXN,EA
100,4500000764,000020,000000000000010081,17,8349482,MXN,EA
100,4500000765,000010,000000000000010092,15,2800485,MXN,EA
100,4500000765,000020,000000000000010110,15,3321990,MXN,EA
100,4500000765,000030,000000000000010106,15,232620,MXN,EA
100,4500000765,000040,000000000000010144,1,403008,MXN,EA
100,4500000765,000050,000000000000010108,3,1191858,MXN,EA
100,4500000765,000060,000000000000010036,20,9528980,MXN,EA
100,4500000766,000010,000000000000010063,19,5121317,MXN,EA
100,4500000766,000020,000000000000010096,5,1632625,MXN,EA
100,4500000766,000030,000000000000010140,19,8763218,MXN,EA
100,4500000767,000010,000000000000010014,13,871338,MXN,EA
100,4500000767,000020,000000000000010104,1,243644,MXN,EA
100,4500000767,000030,000000000000010133,15,6614715,MXN,EA
100,4500000768,000010,000000000000010022,2,285298,MXN,EA
100,4500000769,000010,000000000000010028,11,3438655,USD,EA
100,4500000769,000020,000000000000010025,10,2974550,USD,EA
100,4500000769,000030,000000000000010124,11,4995639,USD,EA
100,4500000769,000040,000000000000010016,4,1556884,USD,EA
100,4500000769,000050,000000000000010150,17,6606863,USD,EA
100,4500000769,000060,000000000000010014,7,1901697,USD,EA
100,4500000770,000010,000000000000010144,16,1160224,MXN,EA
100,4500000770,000020,000000000000010058,5,793770,MXN,EA
100,4500000771,000010,000000000000010080,1,423375,USD,EA
100,4500000771,000020,000000000000010125,20,7231840,USD,EA
100,4500000771,000030,000000000000010052,4,144804,USD,EA
100,4500000771,000040,000000000000010001,5,1587800,USD,EA
100,4500000771,000050,000000000000010031,17,880328,USD,EA
100,4500000771,000060,000000000000010064,7,387233,USD,EA
100,4500000772,000010,000000000000010007,17,3972679,MXN,EA
100,4500000772,000020,000000000000010101,2,973026,MXN,EA
100,4500000772,000030,000000000000010032,10,2131040,MXN,EA
100,4500000772,000040,10124,6,2586348,MXN,EA
100,4500000773,000010,000000000000010140,9,3886200,MXN,EA
100,4500000773,000020,000000000000010113,20,1311800,MXN,EA
100,4500000774,000010,000000000000010038,1,97892,MXN,EA
100,4500000774,000020,000000000000010037,8,724280,MXN,EA
100,4500000774,000030,000000000000010131,18,1908738,MXN,EA
100,4500000774,000040,000000000000010122,16,2448992,MXN,EA
100,4500000775,000010,000000000000010026,19,4929645,USD,EA
100,4500000775,000020,000000000000010095,9,1854855,USD,EA
100,4500000775,000030,000000000000010099,4,977000,USD,EA
100,4500000776,000010,000000000000010109,5,78320,USD,EA
100,4500000776,000020,000000000000010073,15,959700,USD,EA
100,4500000776,000030,000000000000010145,13,88101,USD,EA
100,4500000776,000040,000000000000010149,10,188690,USD,EA
100,4500000777,000010,000000000000010114,2,954220,JPY,EA
100,4500000777,000020,000000000000010091,5,1231590,JPY,EA
100,4500000777,000030,000000000000010118,9,52029,JPY,EA
100,4500000777,000040,000000000000010041,12,3161736,JPY,EA
100,4500000777,000050,000000000000010129,7,1287223,JPY,EA
100,4500000777,000060,000000000000010135,13,3509779,JPY,EA
100,4500000778,000010,000000000000010045,5,927395,USD,EA
100,4500000779,000010,000000000000010145,11,2660900,USD,EA
100,4500000779,000020,000000000000010036,9,3712905,USD,EA
100,4500000779,000030,000000000000010078,13,477893,USD,EA
100,4500000779,000040,000000000000010124,13,3228342,USD,EA
100,4500000779,000050,000000000000010047,19,7076702,USD,EA
100,4500000779,000060,000000000000010130,17,2327453,USD,EA
100,4500000780,000010,000000000000010083,19,5803873,MXN,EA
100,4500000780,000020,000000000000010090,19,6169946,MXN,EA
100,4500000781,000010,000000000000010018,2,32954,MXN,EA
100,4500000781,000020,000000000000010041,8,412912,MXN,EA
100,4500000781,000030,000000000000010028,16,7852912,MXN,EA
100,4500000781,000040,000000000000010122,11,4393521,MXN,EA
100,4500000782,000010,000000000000010061,4,1891004,MXN,EA
100,4500000782,000020,000000000000010045,13,5164432,MXN,EA
100,4500000783,000010,000000000000010017,2,643626,CLP,EA
100,4500000783,000020,000000000000010065,4,82468,CLP,EA
100,4500000783,000030,000000000000010019,15,6018240,CLP,EA
100,4500000783,000040,000000000000010096,20,6639580,CLP,EA
100,4500000784,000010,000000000000010045,11,631895,USD,EA
100,4500000785,000010,000000000000010116,13,920959,CLP,EA
100,4500000785,000020,000000000000010147,18,1902924,CLP,EA
100,4500000785,000030,000000000000010051,9,2326311,CLP,EA
100,4500000785,000040,000000000000010113,10,1192250,CLP,EA
100,4500000785,000050,000000000000010052,6,1371444,CLP,EA
100,4500000785,000060,000000000000010136,7,322686,CLP,EA
100,4500000786,000010,000000000000010007,4,430852,MXN,EA
100,4500000786,000020,000000000000010009,5,2346705,MXN,EA
100,4500000786,000030,000000000000010002,12,4884012,MXN,EA
100,4500000786,000040,000000000000010105,19,5463735,MXN,EA
100,4500000786,000050,000000000000010019,11,1079672,MXN,EA
100,4500000787,000010,000000000000010136,16,1610976,EUR,EA
100,4500000787,000020,000000000000010054,19,8262872,EUR,EA
100,4500000787,000030,000000000000010122,17,3155268,EUR,EA
100,4500000787,000040,000000000000010092,20,9454620,EUR,EA
100,4500000787,000050,000000000000010144,5,2106335,EUR,EA
100,4500000787,000060,000000000000010018,15,3377085,EUR,EA
100,4500000788,000010,000000000000010097,3,898197,USD,EA
100,4500000788,000020,000000000000010021,5,2055980,USD,EA
100,4500000788,000030,000000000000010133,10,539070,USD,EA
100,4500000788,000040,000000000000010031,16,1950176,USD,EA
100,4500000788,000050,000000000000010014,20,5687940,USD,EA
100,4500000788,000060,000000000000010085,1,118451,USD,EA
100,4500000789,000010,000000000000010065,13,4806321,CLP,EA
100,4500000789,000020,000000000000010092,3,1375233,CLP,EA
100,4500000789,000030,000000000000010041,10,402040,CLP,EA
100,4500000790,000010,000000000000010148,8,3586560,MXN,EA
100,4500000790,000020,000000000000010133,20,5263360,MXN,EA
100,4500000790,000030,000000000000010080,13,4229524,MXN,EA
100,4500000790,000040,000000000000010015,18,6600600,MXN,EA
100,4500000790,000050,000000000000010029,19,4710632,MXN,EA
100,4500000791,000010,000000000000010008,2,356466,MXN,EA
100,4500000791,000020,000000000000010108,9,955125,MXN,EA
100,4500000791,000030,000000000000010086,2,148054,MXN,EA
100,4500000792,000010,000000000000010141,11,5340863,USD,EA
100,4500000792,000020,000000000000010016,8,2078120,USD,EA
100,4500000793,000010,000000000000010145,20,7392440,JPY,EA
100,4500000794,000010,000000000000010089,3,1497075,USD,EA
100,4500000795,000010,000000000000010021,18,4536252,EUR,EA
100,4500000795,000020,000000000000010034,9,3422097,EUR,EA
100,4500000795,000030,000000000000010011,4,78656,EUR,EA
100,4500000795,000040,000000000000010128,17,2024581,EUR,EA
100,4500000796,000010,000000000000010090,14,3519544,USD,EA
100,4500000796,000020,000000000000010078,8,97936,USD,EA
100,4500000796,000030,000000000000010015,1,406596,USD,EA
100,4500000796,000040,000000000000010051,18,5757102,USD,EA
100,4500000796,000050,000000000000010098,1,290667,USD,EA
100,4500000796,000060,000000000000010124,2,407928,USD,EA
100,4500000797,000010,000000000000010033,14,5161828,USD,EA
100,4500000797,000020,000000000000010110,18,1318158,USD,EA
100,4500000797,000030,000000000000010030,15,942930,USD,EA
100,4500000797,000040,000000000000010095,12,1230312,USD,EA
100,4500000798,000010,000000000000010112,2,251738,USD,EA
100,4500000798,000020,000000000000010060,3,928815,USD,EA
100,4500000798,000030,000000000000010003,8,1740520,USD,EA
100,4500000799,000010,000000000000010138,19,475019,MXN,EA
100,4500000799,000020,000000000000010004,8,3416376,MXN,EA
100,4500000799,000030,000000000000010015,3,92109,MXN,EA
100,4500000799,000040,000000000000010033,15,1435230,MXN,EA
100,4500000799,000050,000000000000010073,2,331384,MXN,EA
100,4500000799,000060,000000000000010090,20,6890360,MXN,EA
100,4500000800,000010,000000000000010075,5,1593915,MXN,EA
100,4500000800,000020,000000000000010102,16,5532192,MXN,EA
100,4500000801,000010,000000000000010020,3,396528,USD,EA
100,4500000802,000010,000000000000010053,16,5932096,USD,EA
100,4500000802,000020,000000000000010092,8,1868344,USD,EA
100,4500000802,000030,000000000000010078,12,4920636,USD,EA
100,4500000802,000040,000000000000010142,10,4565910,USD,EA
100,4500000802,000050,000000000000010063,17,7976009,USD,EA
100,4500000803,000010,000000000000010082,18,4769100,MXN,EA
100,4500000803,000020,000000000000010027,2,365472,MXN,EA
100,4500000803,000030,000000000000010106,20,5118240,MXN,EA
100,4500000804,000010,000000000000010021,7,3354232,MXN,EA
100,4500000804,000020,000000000000010036,17,2071739,MXN,EA
100,4500000804,000030,000000000000010079,18,2007054,MXN,EA
100,4500000805,000010,000000000000010096,5,99020,MXN,EA
100,4500000806,000010,000000000000010113,15,913395,MXN,EA
100,4500000806,000020,000000000000010006,16,7031600,MXN,EA
100,4500000807,000010,000000000000010070,9,2784663,JPY,EA
100,4500000808,000010,000000000000010077,3,96930,MXN,EA
100,4500000808,000020,000000000000010072,20,4045860,MXN,EA
100,4500000808,000030,000000000000010127,1,453341,MXN,EA
100,4500000808,000040,000000000000010098,13,3039322,MXN,EA
100,4500000809,000010,000000000000010058,7,1399132,MXN,EA
100,4500000810,000010,000000000000010111,18,511182,JPY,EA
100,4500000810,000020,000000000000010079,2,569854,JPY,EA
100,4500000811,000010,000000000000010007,20,7931260,USD,EA
100,4500000811,000020,000000000000010087,9,3832209,USD,EA
100,4500000811,000030,000000000000010056,1,179753,USD,EA
100,4500000812,000010,000000000000010112,14,5758396,MXN,EA
100,4500000812,000020,000000000000010015,4,1164340,MXN,EA
100,4500000812,000030,000000000000010100,10,4511080,MXN,EA
100,4500000812,000040,000000000000010137,15,3348165,MXN,EA
100,4500000812,000050,000000000000010147,19,7679477,MXN,EA
100,4500000812,000060,000000000000010133,9,775998,MXN,EA
100,4500000813,000010,000000000000010120,8,561112,MXN,EA
100,4500000813,000020,000000000000010004,9,3781926,MXN,EA
100,4500000813,000030,000000000000010071,3,396108,MXN,EA
100,4500000813,000040,000000000000010139,10,1779640,MXN,EA
100,4500000814,000010,000000000000010102,2,647448,MXN,EA
100,4500000814,000020,000000000000010071,12,1702812,MXN,EA
100,4500000814,000030,000000000000010065,20,149380,MXN,EA
100,4500000814,000040,000000000000010032,10,2990260,MXN,EA
100,4500000814,000050,000000000000010083,9,4008438,MXN,EA
100,4500000815,000010,000000000000010114,15,150780,EUR,EA
100,4500000815,000020,000000000000010113,1,245548,EUR,EA
100,4500000816,000010,000000000000010092,16,5365776,JPY,EA
100,4500000817,000010,000000000000010056,14,444010,USD,EA
100,4500000817,000020,000000000000010149,3,437811,USD,EA
100,4500000817,000030,000000000000010142,11,380347,USD,EA
100,4500000817,000040,000000000000010113,6,817614,USD,EA
100,4500000817,000050,000000000000010071,9,4109715,USD,EA
100,4500000818,000010,000000000000010033,8,2651824,EUR,EA
100,4500000818,000020,000000000000010045,5,2288900,EUR,EA
100,4500000818,000030,000000000000010013,8,488016,EUR,EA
100,4500000818,000040,000000000000010010,6,2159064,EUR,EA
100,4500000819,000010,000000000000010113,19,3180106,MXN,EA
100,4500000819,000020,000000000000010011,18,6787836,MXN,EA
100,4500000819,000030,000000000000010059,2,999932,MXN,EA
100,4500000819,000040,000000000000010067,9,85050,MXN,EA
100,4500000819,000050,000000000000010091,18,6796908,MXN,EA
100,4500000820,000010,000000000000010061,12,698796,JPY,EA
100,4500000821,000010,000000000000010130,15,905100,MXN,EA
100,4500000822,000010,000000000000010020,8,863808,MXN,EA
100,4500000822,000020,000000000000010084,19,3718281,MXN,EA
100,4500000822,000030,000000000000010107,3,1012599,MXN,EA
100,4500000822,000040,000000000000010110,10,999999999999,MXN,EA
100,4500000822,000050,000000000000010007,11,3511475,MXN,EA
100,4500000823,000010,000000000000010086,14,6600874,MXN,EA
100,4500000823,000020,000000000000010096,16,7922080,MXN,EA
100,4500000823,000030,000000000000010076,20,346700,MXN,EA
100,4500000824,000010,000000000000010095,2,307002,MXN,EA
100,4500000824,000020,000000000000010039,19,273353,MXN,EA
100,4500000825,000010,000000000000010055,11,2956844,MXN,EA
100,4500000826,000010,000000000000010131,19,7119927,USD,EA
100,4500000826,000020,000000000000010089,7,1397347,USD,EA
100,4500000826,000030,000000000000010150,2,690976,USD,EA
100,4500000826,000040,000000000000010039,13,5210764,USD,EA
100,4500000826,000050,000000000000010021,3,1474440,USD,EA
100,4500000826,000060,000000000000010058,19,5034544,USD,EA
100,4500000827,000010,000000000000010141,14,3970036,USD,EA
100,4500000827,000020,000000000000010032,17,7131313,USD,EA
100,4500000827,000030,000000000000010014,20,4972720,USD,EA
100,4500000827,000040,000000000000010135,17,3947740,USD,EA
100,4500000827,000050,000000000000010082,9,929232,USD,EA
100,4500000828,000010,000000000000010076,8,1386600,JPY,EA
100,4500000828,000020,000000000000010063,12,1464636,JPY,EA
100,4500000828,000030,000000000000010117,11,4325926,JPY,EA
100,4500000828,000040,000000000000010030,8,1874496,JPY,EA
100,4500000828,000050,000000000000010105,12,513360,JPY,EA
100,4500000829,000010,000000000000010144,17,698326,MXN,EA
100,4500000829,000020,000000000000010093,16,5092928,MXN,EA
100,4500000829,000030,000000000000010059,15,6198735,MXN,EA
100,4500000830,000010,000000000000010059,19,8265304,USD,EA
100,4500000830,000020,000000000000010033,18,2329578,USD,EA
100,4500000830,000030,000000000000010105,19,6652356,USD,EA
100,4500000830,000040,000000000000010036,20,2749220,USD,EA
100,4500000831,000010,000000000000010088,11,691317,JPY,EA
100,4500000831,000020,000000000000010021,14,3104318,JPY,EA
100,4500000831,000030,000000000000010130,5,1514980,JPY,EA
100,4500000832,000010,000000000000010051,6,2762928,JPY,EA
100,4500000832,000020,000000000000010117,1,88436,JPY,EA
100,4500000832,000030,000000000000010031,14,1947176,JPY,EA
100,4500000832,000040,000000000000010142,16,6247504,JPY,EA
100,4500000833,000010,000000000000010033,2,876364,MXN,EA
100,4500000834,000010,000000000000010007,6,235680,MXN,EA
100,4500000834,000020,000000000000010034,17,7743398,MXN,EA
100,4500000834,000030,000000000000010136,13,6176196,MXN,EA
100,4500000834,000040,000000000000010109,12,813864,MXN,EA
100,4500000835,000010,000000000000010143,8,2994272,MXN,EA
100,4500000835,000020,000000000000010076,4,710336,MXN,EA
100,4500000835,000030,000000000000010087,19,6083116,MXN,EA
100,4500000835,000040,000000000000010028,2,79334,MXN,EA
100,4500000836,000010,000000000000010091,15,7176825,MXN,EA
100,4500000836,000020,000000000000010105,15,5840070,MXN,EA
100,4500000836,000030,000000000000010112,10,3982320,MXN,EA
100,4500000836,000040,000000000000010123,5,1927675,MXN,EA
100,4500000836,000050,000000000000010047,19,9147113,MXN,EA
100,4500000836,000060,000000000000010131,3,242478,MXN,EA
100,4500000837,000010,000000000000010095,15,2998515,MXN,EA
100,4500000838,000010,000000000000010113,6,1606128,JPY,EA
100,4500000838,000020,000000000000010072,4,491088,JPY,EA
100,4500000838,000030,000000000000010077,16,2877488,JPY,EA
100,4500000839,000010,000000000000010145,17,8014548,MXN,EA
100,4500000840,000010,000000000000010149,17,7540061,MXN,EA
100,4500000840,000020,000000000000010110,10,1702400,MXN,EA
100,4500000840,000030,000000000000010099,11,4378473,MXN,EA
100,4500000840,000040,000000000000010046,5,114925,MXN,EA
100,4500000840,000050,000000000000010054,14,3824464,MXN,EA
100,4500000841,000010,000000000000010148,20,3316380,MXN,EA
100,4500000841,000020,000000000000010026,12,1803744,MXN,EA
100,4500000841,000030,000000000000010043,4,607648,MXN,EA
100,4500000842,000010,000000000000010125,15,1773720,USD,EA
100,4500000842,000020,000000000000010044,10,4934130,USD,EA
100,4500000842,000030,000000000000010067,20,7920680,USD,EA
100,4500000843,000010,000000000000010060,9,674334,EUR,EA
100,4500000844,000010,000000000000010053,18,7933806,MXN,EA
100,4500000845,000010,000000000000010044,1,314729,MXN,EA
100,4500000845,000020,000000000000010011,18,5094396,MXN,EA
100,4500000845,000030,000000000000010050,1,257044,MXN,EA
100,4500000845,000040,000000000000010007,12,1290048,MXN,EA
100,4500000845,000050,000000000000010073,19,4267590,MXN,EA
100,4500000846,000010,000000000000010114,17,1141601,MXN,EA
100,4500000846,000020,000000000000010117,10,4822930,MXN,EA
100,4500000846,000030,000000000000010029,4,935984,MXN,EA
100,4500000846,000040,000000000000010111,16,2222672,MXN,EA
100,4500000846,000050,000000000000010023,5,734945,MXN,EA
100,4500000846,000060,000000000000010030,12,5068068,MXN,EA
100,4500000847,000010,000000000000010057,3,517506,MXN,EA
100,4500000848,000010,000000000000010130,11,1603360,MXN,EA
100,4500000848,000020,000000000000010117,17,6007188,MXN,EA
100,4500000849,000010,000000000000010081,2,456428,MXN,EA
100,4500000850,000010,000000000000010134,11,1109053,MXN,EA
100,4500000851,000010,000000000000010010,1,129929,USD,EA
100,4500000851,000020,000000000000010036,19,3766579,USD,EA
100,4500000851,000030,000000000000010057,7,980602,USD,EA
100,4500000851,000040,000000000000010121,5,1275105,USD,EA
100,4500000851,000050,000000000000010048,16,2386608,USD,EA
100,4500000852,000010,000000000000010051,3,1498530,MXN,EA
100,4500000852,000020,000000000000010133,7,18732,MXN,EA
100,4500000853,000010,000000000000010018,16,4694624,USD,EA
100,4500000853,000020,000000000000010054,6,128094,USD,EA
100,4500000853,000030,000000000000010108,9,2903274,USD,EA
100,4500000853,000040,000000000000010098,19,2357102,USD,EA
100,4500000854,000010,000000000000010090,16,4465824,MXN,EA
100,4500000854,000020,000000000000010047,10,4417640,MXN,EA
100,4500000854,000030,000000000000010060,10,3512110,MXN,EA
100,4500000854,000040,000000000000010125,16,6699584,MXN,EA
100,4500000854,000050,000000000000010101,20,3764740,MXN,EA
100,4500000854,000060,000000000000010140,16,2494128,MXN,EA
100,4500000855,000010,000000000000010057,4,1851368,MXN,EA
100,4500000856,000010,000000000000010108,15,2574015,EUR,EA
100,4500000856,000020,000000000000010064,14,864108,EUR,EA
100,4500000856,000030,000000000000010046,15,2522970,EUR,EA
100,4500000857,000010,000000000000010030,12,4396944,JPY,EA
100,4500000857,000020,000000000000010102,5,2033160,JPY,EA
100,4500000857,000030,000000000000010124,16,5058032,JPY,EA
100,4500000857,000040,000000000000010106,8,129472,JPY,EA
100,4500000857,000050,000000000000010075,9,2403621,JPY,EA
100,4500000857,000060,000000000000010056,14,460292,JPY,EA
100,4500000858,000010,000000000000010083,9,3193992,EUR,EA
100,4500000858,000020,000000000000010082,14,2886716,EUR,EA
100,4500000858,000030,000000000000010114,14,2940308,EUR,EA
100,4500000858,000040,000000000000010067,2,283350,EUR,EA
100,4500000858,000050,000000000000010125,8,1433392,EUR,EA
100,4500000859,000010,000000000000010012,10,2356900,MXN,EA
100,4500000859,000020,000000000000010105,8,2409256,MXN,EA
100,4500000859,000030,000000000000010043,18,1963944,MXN,EA
100,4500000859,000040,000000000000010029,20,6424180,MXN,EA
100,4500000859,000050,000000000000010085,5,1590865,MXN,EA
100,4500000859,000060,000000000000010139,1,499219,MXN,EA
100,4500000860,000010,000000000000010006,13,628134,MXN,EA
100,4500000860,000020,000000000000010086,12,4836552,MXN,EA
100,4500000860,000030,000000000000010142,3,1033116,MXN,EA
100,4500000860,000040,000000000000010013,17,1892831,MXN,EA
100,4500000860,000050,000000000000010093,18,1890702,MXN,EA
100,4500000860,000060,000000000000010041,18,3750642,MXN,EA
100,4500000861,000010,000000000000010059,10,4211040,USD,EA
100,4500000861,000020,000000000000010042,12,2097624,USD,EA
100,4500000861,000030,000000000000010106,7,2036335,USD,EA
100,4500000861,000040,000000000000010064,1,19913,USD,EA
100,4500000861,000050,000000000000010006,17,930750,USD,EA
100,4500000861,000060,000000000000010129,13,5406583,USD,EA
100,4500000862,000010,000000000000010011,6,896520,MXN,EA
100,4500000862,000020,000000000000010078,1,121588,MXN,EA
100,4500000862,000030,000000000000010064,2,287692,MXN,EA
100,4500000862,000040,000000000000010032,13,4479189,MXN,EA
100,4500000863,000010,000000000000010034,9,4076343,MXN,EA
100,4500000863,000020,000000000000010022,3,119217,MXN,EA
100,4500000863,000030,000000000000010130,14,161924,MXN,EA
100,4500000863,000040,000000000000010004,18,5726286,MXN,EA
100,4500000864,000010,000000000000010025,19,7914659,EUR,EA
100,4500000864,000020,000000000000010101,7,3058510,EUR,EA
100,4500000865,000010,000000000000010080,11,2462922,USD,EA
100,4500000865,000020,000000000000010132,1,159415,USD,EA
100,4500000865,000030,000000000000010071,15,1608825,USD,EA
100,4500000865,000040,000000000000010026,9,3104631,USD,EA
100,4500000865,000050,000000000000010148,16,3174976,USD,EA
100,4500000866,000010,000000000000010110,3,352572,MXN,EA
100,4500000866,000020,000000000000010105,18,2646792,MXN,EA
100,4500000866,000030,000000000000010124,10,4768780,MXN,EA
100,4500000867,000010,000000000000010137,17,2197216,USD,EA
100,4500000867,000020,000000000000010098,1,261589,USD,EA
100,4500000867,000030,000000000000010101,12,4810488,USD,EA
100,4500000867,000040,000000000000010140,4,952476,USD,EA
100,4500000867,000050,000000000000010058,19,266950,USD,EA
100,4500000867,000060,000000000000010102,8,1883208,USD,EA
100,4500000868,000010,000000000000010123,19,1104280,USD,EA
100,4500000868,000020,000000000000010080,11,840147,USD,EA
100,4500000868,000030,000000000000010022,4,1180260,USD,EA
100,4500000869,000010,000000000000010054,16,4993872,MXN,EA
100,4500000869,000020,000000000000010064,3,225291,MXN,EA
100,4500000870,000010,000000000000010122,17,6461309,EUR,EA
100,4500000870,000020,000000000000010146,8,255176,EUR,EA
100,4500000870,000030,000000000000010127,9,1952388,EUR,EA
100,4500000870,000040,000000000000010080,11,4822675,EUR,EA
100,4500000871,000010,000000000000010010,11,3984563,EUR,EA
100,4500000871,000020,000000000000010145,20,4282820,EUR,EA
100,4500000872,000010,000000000000010069,7,2777999,MXN,EA
100,4500000873,000010,000000000000010126,18,4734846,MXN,EA
100,4500000873,000020,000000000000010081,8,1357880,MXN,EA
100,4500000873,000030,000000000000010119,16,4331360,MXN,EA
100,4500000873,000040,000000000000010143,3,1451970,MXN,EA
100,4500000873,000050,000000000000010027,14,5146554,MXN,EA
100,4500000874,000010,000000000000010097,5,1989130,MXN,EA
100,4500000875,000010,000000000000010042,17,6685165,MXN,EA
100,4500000876,000010,000000000000010043,7,1613003,MXN,EA
100,4500000877,000010,000000000000010010,14,3648666,MXN,EA
100,4500000878,000010,000000000000010135,16,1189264,EUR,EA
100,4500000878,000020,000000000000010141,14,2945642,EUR,EA
100,4500000879,000010,000000000000010076,4,917264,EUR,EA
100,4500000880,000010,000000000000010070,17,2890391,USD,EA
100,4500000880,000020,000000000000010096,19,6496138,USD,EA
100,4500000880,000030,000000000000010043,5,765730,USD,EA
100,4500000881,000010,000000000000010053,20,7511800,USD,EA
100,4500000881,000020,000000000000010096,17,5404997,USD,EA
100,4500000881,000030,000000000000010065,16,3898912,USD,EA
100,4500000881,000040,000000000000010054,11,5357616,USD,EA
100,4500000881,000050,000000000000010035,6,1655550,USD,EA
100,4500000882,000010,000000000000010122,1,167560,MXN,EA
100,4500000882,000020,000000000000010107,6,478956,MXN,EA
100,4500000882,000030,000000000000010121,3,11811,MXN,EA
100,4500000882,000040,000000000000010080,7,738311,MXN,EA
100,4500000882,000050,000000000000010025,18,4345830,MXN,EA
100,4500000882,000060,000000000000010085,4,132152,MXN,EA
100,4500000883,000010,000000000000010120,20,1660520,USD,EA
100,4500000883,000020,000000000000010018,12,4015524,USD,EA
100,4500000883,000030,000000000000010144,8,1454856,USD,EA
100,4500000883,000040,000000000000010004,7,1014713,USD,EA
100,4500000883,000050,000000000000010073,14,4304006,USD,EA
100,4500000884,000010,000000000000010079,12,3941016,EUR,EA
100,4500000884,000020,000000000000010104,9,2656656,EUR,EA
100,4500000884,000030,000000000000010139,7,291333,EUR,EA
100,4500000884,000040,000000000000010040,4,1536300,EUR,EA
100,4500000884,000050,000000000000010056,9,850437,EUR,EA
100,4500000884,000060,000000000000010068,19,1038274,EUR,EA
100,4500000885,000010,000000000000010134,19,6442444,MXN,EA
100,4500000885,000020,000000000000010099,11,3330899,MXN,EA
100,4500000886,000010,000000000000010071,20,7029680,MXN,EA
100,4500000886,000020,000000000000010122,7,623924,MXN,EA
100,4500000886,000030,000000000000010001,8,915824,MXN,EA
100,4500000886,000040,000000000000010024,20,1556060,MXN,EA
100,4500000886,000050,10037,6,1501680,MXN,EA
100,4500000887,000010,000000000000010083,3,1412211,JPY,EA
100,4500000888,000010,000000000000010036,17,7211791,USD,EA
100,4500000889,000010,000000000000010109,16,2759824,USD,EA
100,4500000889,000020,000000000000010078,17,6790854,USD,EA
100,4500000889,000030,000000000000010031,8,2357416,USD,EA
100,4500000889,000040,000000000000010101,13,5287828,USD,EA
100,4500000890,000010,000000000000010122,12,1973424,MXN,EA
100,4500000890,000020,000000000000010134,11,3071552,MXN,EA
100,4500000890,000030,10021,20,8851000,MXN,EA
100,4500000890,000040,000000000000010055,6,2980254,MXN,EA
100,4500000891,000010,000000000000010072,5,2206680,MXN,EA
100,4500000891,000020,000000000000010112,18,4185900,MXN,EA
100,4500000891,000030,000000000000010126,9,3242970,MXN,EA
100,4500000891,000040,000000000000010031,18,8509212,MXN,EA
100,4500000891,000050,000000000000010112,12,1131948,MXN,EA
100,4500000891,000060,000000000000010007,12,5393532,MXN,EA
100,4500000892,000010,000000000000010089,14,1583148,MXN,EA
100,4500000892,000020,000000000000010144,7,1410619,MXN,EA
100,4500000892,000030,000000000000010096,6,2941566,MXN,EA
100,4500000892,000040,000000000000010003,7,1629439,MXN,EA
100,4500000893,000010,000000000000010135,7,27601,MXN,EA
100,4500000893,000020,000000000000010080,11,,MXN,EA
100,4500000893,000030,000000000000010095,9,2381472,MXN,EA
100,4500000894,000010,000000000000010070,2,680656,EUR,EA
100,4500000895,000010,000000000000010123,13,312325,USD,EA
100,4500000895,000020,000000000000010065,9,2959389,USD,EA
100,4500000895,000030,000000000000010015,19,8220521,USD,EA
100,4500000896,000010,000000000000010121,20,6649500,USD,EA
100,4500000897,000010,000000000000010126,6,1495338,JPY,EA
100,4500000897,000020,000000000000010140,4,84096,JPY,EA
100,4500000897,000030,000000000000010095,1,322346,JPY,EA
100,4500000897,000040,000000000000010040,6,2745654,JPY,EA
100,4500000898,000010,000000000000010022,14,6136046,MXN,EA
100,4500000898,000020,000000000000010031,2,466914,MXN,EA
100,4500000899,000010,000000000000010016,11,573155,USD,EA
100,4500000899,000020,000000000000010140,9,4031955,USD,EA
100,4500000899,000030,000000000000010050,20,7752760,USD,EA
100,4500000899,000040,000000000000010005,11,4839692,USD,EA
100,4500000899,000050,000000000000010082,6,2855160,USD,EA
100,4500000899,000060,000000000000010094,17,143293,USD,EA
100,4500000900,000010,000000000000010104,14,6162856,MXN,EA
100,4500000900,000020,000000000000010016,3,306468,MXN,EA
100,4500000900,000030,000000000000010129,5,1915915,MXN,EA
100,4500000900,000040,000000000000010069,3,274452,MXN,EA
100,4500000900,000050,000000000000010114,2,290908,MXN,EA
100,4500000900,000060,000000000000010051,17,3664605,MXN,EA
100,4500000901,000010,000000000000010001,10,1445300,MXN,EA
100,4500000901,000020,000000000008883192,12,752592,MXN,EA
100,4500000902,000010,000000000000010120,19,8347840,USD,EA
100,4500000902,000020,000000000000010023,19,9285870,USD,EA
100,4500000902,000030,000000000000010119,3,185862,USD,EA
100,4500000903,000010,000000000000010047,3,295014,MXN,EA
100,4500000904,000010,000000000000010006,6,2487150,MXN,EA
100,4500000904,000020,000000000000010003,7,2348269,MXN,EA
100,4500000904,000030,000000000000010096,15,654165,MXN,EA
100,4500000905,000010,000000000000010064,10,4399900,USD,EA
100,4500000905,000020,000000000000010049,5,818920,USD,EA
100,4500000905,000030,000000000000010014,13,4824326,USD,EA
100,4500000905,000040,000000000000010074,6,883542,USD,EA
100,4500000905,000050,000000000000010036,19,3162246,USD,EA
100,4500000905,000060,000000000000010106,8,3511392,USD,EA
100,4500000906,000010,000000000000010070,7,656999,MXN,EA
100,4500000906,000020,000000000000010076,9,3300489,MXN,EA
100,4500000907,000010,000000000000010068,3,773523,CLP,EA
100,4500000907,000020,000000000000010091,19,3641122,CLP,EA
100,4500000907,000030,000000000000010090,17,4024886,CLP,EA
100,4500000907,000040,000000000000010044,2,997796,CLP,EA
100,4500000908,000010,000000000000010099,5,1415200,MXN,EA
100,4500000908,000020,000000000000010146,7,2584036,MXN,EA
100,4500000908,000030,000000000000010112,12,4076328,MXN,EA
100,4500000908,000040,000000000000010074,7,1262807,MXN,EA
100,4500000908,000050,000000000000010129,18,7849512,MXN,EA
100,4500000909,000010,000000000000010069,3,810306,USD,EA
100,4500000909,000020,000000000000010054,9,1038852,USD,EA
100,4500000909,000030,000000000000010120,9,157383,USD,EA
100,4500000909,000040,000000000000010030,17,5884635,USD,EA
100,4500000909,000050,000000000000010048,16,1188848,USD,EA
100,4500000909,000060,000000000000010120,19,3236460,USD,EA
100,4500000910,000010,000000000000010145,13,4499833,MXN,EA
100,4500000910,000020,000000000000010009,11,4055447,MXN,EA
100,4500000910,000030,000000000000010027,12,5481336,MXN,EA
100,4500000911,000010,000000000000010041,14,3504144,EUR,EA
100,4500000912,000010,000000000000010087,4,396400,USD,EA
100,4500000912,000020,000000000000010092,10,863250,USD,EA
100,4500000912,000030,000000000000010120,18,1774818,USD,EA
100,4500000913,000010,000000000000010113,20,4806160,MXN,EA
100,4500000914,000010,000000000000010148,14,5379220,MXN,EA
100,4500000914,000020,000000000000010103,16,7012896,MXN,EA
100,4500000914,000030,000000000000010063,9,3422295,MXN,EA
100,4500000914,000040,000000000000010096,20,3562900,MXN,EA
100,4500000914,000050,000000000000010124,13,2058901,MXN,EA
100,4500000915,000010,000000000000010060,17,978299,EUR,EA
100,4500000916,000010,000000000000010110,9,2733930,MXN,EA
100,4500000916,000020,000000000000010103,19,303449,MXN,EA
100,4500000916,000030,000000000000010042,17,1499961,MXN,EA
100,4500000916,000040,000000000000010077,20,7335180,MXN,EA
100,4500000917,000010,000000000000010051,19,7508515,MXN,EA
100,4500000917,000020,000000000000010036,5,1744080,MXN,EA
100,4500000917,000030,000000000000010086,2,96788,MXN,EA
100,4500000917,000040,000000000000010080,5,2106055,MXN,EA
100,4500000917,000050,000000000000010089,15,3129210,MXN,EA
100,4500000918,000010,000000000000010118,1,346300,MXN,EA
100,4500000918,000020,000000000000010038,7,3247454,MXN,EA
100,4500000919,000010,000000000000010078,10,431390,MXN,EA
100,4500000919,000020,000000000000010048,8,3605712,MXN,EA
100,4500000920,000010,000000000000010112,3,1141962,MXN,EA
100,4500000920,000020,000000000000010063,5,1799935,MXN,EA
100,4500000921,000010,000000000000010096,1,251265,MXN,EA
100,4500000921,000020,000000000000010041,12,640596,MXN,EA
100,4500000921,000030,000000000000010121,18,6499314,MXN,EA
100,4500000921,000040,000000000000010101,7,3357109,MXN,EA
100,4500000921,000050,000000000000010121,13,5679245,MXN,EA
100,4500000922,000010,000000000000010063,4,816800,EUR,EA
100,4500000922,000020,000000000000010033,11,4411594,EUR,EA
100,4500000922,000030,000000000000010035,13,5283343,EUR,EA
100,4500000922,000040,000000000000010084,10,4308060,EUR,EA
100,4500000923,000010,000000000000010109,20,4149820,MXN,EA
100,4500000923,000020,000000000000010137,3,548574,MXN,EA
100,4500000923,000030,000000000000010126,19,286919,MXN,EA
100,4500000923,000040,000000000000010057,20,1888140,MXN,EA
100,4500000923,000050,000000000000010061,12,2291268,MXN,EA
100,4500000923,000060,000000000000010088,17,7354421,MXN,EA
100,4500000924,000010,000000000000010102,3,1018404,JPY,EA
100,4500000925,000010,000000000000010036,16,1592800,MXN,EA
100,4500000925,000020,000000000000010012,7,1115114,MXN,EA
100,4500000926,000010,000000000000010024,11,2225971,MXN,EA
100,4500000926,000020,000000000000010047,14,1120490,MXN,EA
100,4500000926,000030,000000000000010073,10,2038020,MXN,EA
100,4500000926,000040,000000000000010124,2,275698,MXN,EA
100,4500000927,000010,000000000000010046,6,1258674,MXN,EA
100,4500000927,000020,000000000000010133,4,979012,MXN,EA
100,4500000927,000030,000000000000010022,12,4328340,MXN,EA
100,4500000927,000040,000000000000010026,13,5489783,MXN,EA
100,4500000928,000010,000000000000010042,11,753456,MXN,EA
100,4500000929,000010,000000000000010130,13,4690634,USD,EA
100,4500000929,000020,000000000000010117,1,255877,USD,EA
100,4500000929,000030,000000000000010103,14,5675796,USD,EA
100,4500000929,000040,000000000000010014,10,2238120,USD,EA
100,4500000929,000050,000000000000010067,4,1269916,USD,EA
100,4500000930,000010,000000000000010129,12,4925640,MXN,EA
100,4500000930,000020,000000000000010122,11,4879457,MXN,EA
100,4500000930,000030,000000000000010137,12,714576,MXN,EA
100,4500000930,000040,000000000000010046,14,3916780,MXN,EA
100,4500000931,000010,000000000000010021,5,23235,MXN,EA
100,4500000931,000020,000000000000010087,19,2587420,MXN,EA
100,4500000931,000030,000000000000010051,17,7261703,MXN,EA
100,4500000931,000040,000000000000010117,14,370300,MXN,EA
100,4500000932,000010,000000000000010073,2,129454,JPY,EA
100,4500000932,000020,000000000000010126,15,2902020,JPY,EA
100,4500000932,000030,000000000000010013,20,7217280,JPY,EA
100,4500000932,000040,000000000000010095,9,2017710,JPY,EA
100,4500000933,000010,000000000000010076,1,285556,MXN,EA
100,4500000933,000020,000000000000010069,6,928452,MXN,EA
100,4500000933,000030,000000000000010092,14,142576,MXN,EA
100,4500000934,000010,000000000000010084,10,3344380,USD,EA
100,4500000934,000020,000000000000010010,20,1191080,USD,EA
100,4500000934,000030,000000000000010092,2,559074,USD,EA
100,4500000934,000040,000000000000010102,8,742976,USD,EA
100,4500000935,000010,000000000000010137,4,268352,MXN,EA
100,4500000936,000010,000000000000010038,16,3632320,MXN,EA
100,4500000936,000020,000000000000010071,12,2893680,MXN,EA
100,4500000936,000030,000000000000010063,17,5089035,MXN,EA
100,4500000936,000040,000000000000010118,2,82252,MXN,EA
100,4500000936,000050,000000000000010084,12,252876,MXN,EA
100,4500000936,000060,000000000000010038,20,7609700,MXN,EA
100,4500000937,000010,000000000000010026,13,3506958,MXN,EA
100,4500000937,000020,000000000000010021,11,5359695,MXN,EA
100,4500000937,000030,000000000000010078,14,2955428,MXN,EA
100,4500000937,000040,000000000000010006,6,2995566,MXN,EA
100,4500000937,000050,000000000000010066,3,1319256,MXN,EA
100,4500000937,000060,000000000000010111,4,1668392,MXN,EA
100,4500000938,000010,000000000000010147,9,1439676,MXN,EA
100,4500000938,000020,000000000000010132,18,8079642,MXN,EA
100,4500000939,000010,000000000000010013,12,3619116,MXN,EA
100,4500000939,000020,000000000000010122,7,2798845,MXN,EA
100,4500000940,000010,000000000000010071,6,876906,MXN,EA
100,4500000940,000020,000000000000010129,2,635992,MXN,EA
100,4500000940,000030,000000000000010103,6,2139456,MXN,EA
100,4500000940,000040,000000000000010073,9,32832,MXN,EA
100,4500000941,000010,000000000000010054,1,411019,USD,EA
100,4500000941,000020,000000000000010107,5,725285,USD,EA
100,4500000941,000030,000000000000010069,15,4726350,USD,EA
100,4500000941,000040,000000000000010082,4,468148,USD,EA
100,4500000942,000010,000000000000010005,11,1285867,MXN,EA
100,4500000942,000020,000000000000010017,20,3038120,MXN,EA
100,4500000943,000010,000000000000010118,19,4210419,USD,EA
100,4500000943,000020,000000000000010085,18,3689424,USD,EA
100,4500000943,000030,000000000000010122,18,136584,USD,EA
100,4500000943,000040,000000000000010088,11,1854424,USD,EA
100,4500000943,000050,000000000000010089,15,1208625,USD,EA
100,4500000943,000060,000000000000010119,16,1782944,USD,EA
100,4500000944,000010,000000000000010044,13,1755728,MXN,EA
100,4500000944,000020,000000000000010104,2,694792,MXN,EA
100,4500000944,000030,000000000000010147,3,996081,MXN,EA
100,4500000944,000040,000000000000010125,18,3276648,MXN,EA
100,4500000944,000050,000000000000010022,7,2752211,MXN,EA
100,4500000945,000010,000000000000010095,10,1539990,USD,EA
100,4500000945,000020,000000000000010081,15,5319480,USD,EA
100,4500000945,000030,000000000000010120,1,82736,USD,EA
100,4500000945,000040,000000000000010150,6,1969764,USD,EA
100,4500000945,000050,000000000000010091,19,4317674,USD,EA
100,4500000946,000010,000000000000010006,10,2927340,MXN,EA
100,4500000946,000020,000000000000010126,8,1582056,MXN,EA
100,4500000946,000030,000000000000010138,5,997025,MXN,EA
100,4500000946,000040,000000000000010032,4,833944,MXN,EA
100,4500000947,000010,000000000000010055,4,1200936,EUR,EA
100,4500000947,000020,000000000000010075,6,2726718,EUR,EA
100,4500000948,000010,000000000000010103,18,3873240,MXN,EA
100,4500000948,000020,000000000000010091,7,1541722,MXN,EA
100,4500000949,000010,000000000000010072,11,4454593,MXN,EA
100,4500000949,000020,000000000000010093,4,1397000,MXN,EA
100,4500000949,000030,000000000000010082,17,4790974,MXN,EA
100,4500000949,000040,000000000000010137,13,1547208,MXN,EA
100,4500000949,000050,000000000000010104,16,6364720,MXN,EA
100,4500000950,000010,000000000000010074,15,1249440,MXN,EA
100,4500000950,000020,000000000000010046,13,1978704,MXN,EA
100,4500000950,000030,000000000000010001,18,7849584,MXN,EA
100,4500000950,000040,000000000000010086,15,5175480,MXN,EA
100,4500000951,000010,000000000000010026,13,3967197,MXN,EA
100,4500000951,000020,10108,14,3025568,MXN,EA
100,4500000952,000010,000000000000010008,20,2370820,MXN,EA
100,4500000952,000020,000000000000010036,20,6520320,MXN,EA
100,4500000953,000010,000000000000010021,20,6003000,USD,EA
100,4500000953,000020,000000000000010105,1,171404,USD,EA
100,4500000953,000030,000000000000010064,6,1796880,USD,EA
100,4500000953,000040,000000000000010121,3,585423,USD,EA
100,4500000953,000050,000000000000010006,20,9284280,USD,EA
100,4500000954,000010,000000000000010100,18,4843566,CLP,EA
100,4500000954,000020,000000000000010050,6,1446012,CLP,EA
100,4500000954,000030,000000000000010095,8,742888,CLP,EA
100,4500000954,000040,000000000000010121,7,1191400,CLP,EA
100,4500000954,000050,000000000000010034,10,349800,CLP,EA
100,4500000954,000060,000000000000010008,7,2126803,CLP,EA
100,4500000955,000010,000000000000010118,8,2875520,MXN,EA
100,4500000955,000020,000000000000010114,8,3349824,MXN,EA
100,4500000955,000030,000000000000010046,15,3948840,MXN,EA
100,4500000955,000040,000000000000010029,20,8805760,MXN,EA
100,4500000956,000010,000000000000010041,8,1946656,EUR,EA
100,4500000956,000020,000000000000010018,1,393486,EUR,EA
100,4500000956,000030,000000000000010009,14,6378260,EUR,EA
100,4500000957,000010,000000000000010121,13,492583,USD,EA
100,4500000957,000020,000000000000010107,9,4177197,USD,EA
100,4500000957,000030,000000000000010138,4,1505128,USD,EA
100,4500000957,000040,000000000000010137,1,230911,USD,EA
100,4500000957,000050,000000000000010124,2,309194,USD,EA
100,4500000958,000010,000000000000010011,12,2524992,MXN,EA
100,4500000958,000020,000000000000010131,15,3385545,MXN,EA
100,4500000958,000030,000000000000010032,4,310148,MXN,EA
100,4500000958,000040,000000000000010068,19,7525729,MXN,EA
100,4500000959,000010,000000000000010044,12,2609688,MXN,EA
100,4500000960,000010,000000000000010087,5,2398305,EUR,EA
100,4500000960,000020,000000000000010063,16,1778320,EUR,EA
100,4500000960,000030,000000000000010068,4,696112,EUR,EA
100,4500000960,000040,000000000000010019,15,7086555,EUR,EA
100,4500000960,000050,000000000000010126,8,3183000,EUR,EA
100,4500000960,000060,000000000000010067,11,1713998,EUR,EA
100,4500000961,000010,000000000000010114,11,4551910,MXN,EA
100,4500000961,000020,000000000000010116,9,2690244,MXN,EA
100,4500000961,000030,000000000000010071,20,394800,MXN,EA
100,4500000961,000040,000000000000010036,5,1372810,MXN,EA
100,4500000961,000050,000000000000010074,1,116878,MXN,EA
100,4500000961,000060,000000000000010095,19,3632249,MXN,EA
100,4500000962,000010,000000000000010075,10,4963430,MXN,EA
100,4500000962,000020,000000000000010041,19,6333517,MXN,EA
100,4500000962,000030,000000000000010079,16,5997728,MXN,EA
100,4500000962,000040,000000000000010113,10,819710,MXN,EA
100,4500000962,000050,000000000000010033,5,1597390,MXN,EA
100,4500000962,000060,000000000000010075,13,1766726,MXN,EA
100,4500000963,000010,000000000000010059,1,447126,MXN,EA
100,4500000963,000020,000000000000010055,19,3036884,MXN,EA
100,4500000963,000030,000000000000010038,19,139194,MXN,EA
100,4500000963,000040,000000000000010067,12,4549008,MXN,EA
100,4500000963,000050,000000000000010131,17,3634243,MXN,EA
100,4500000963,000060,000000000000010123,20,9457220,MXN,EA
100,4500000964,000010,000000000000010089,5,1544140,USD,EA
100,4500000964,000020,000000000000010129,11,3029169,USD,EA
100,4500000965,000010,000000000000010097,16,5454976,MXN,EA
100,4500000965,000020,000000000000010044,17,4313478,MXN,EA
100,4500000965,000030,000000000000010045,16,7541696,MXN,EA
100,4500000966,000010,000000000000010004,3,541494,EUR,EA
100,4500000966,000020,000000000000010058,10,1092280,EUR,EA
100,4500000966,000030,000000000000010058,5,734585,EUR,EA
100,4500000966,000040,000000000000010031,7,1315363,EUR,EA
100,4500000967,000010,000000000000010118,19,9110842,EUR,EA
100,4500000967,000020,000000000000010004,17,8021977,EUR,EA
100,4500000967,000030,000000000000010059,7,1341270,EUR,EA
100,4500000967,000040,000000000000010009,13,4282395,EUR,EA
100,4500000968,000010,000000000000010085,17,615910,USD,EA
100,4500000969,000010,000000000000010142,18,8007570,EUR,EA
100,4500000969,000020,000000000000010138,3,1258014,EUR,EA
100,4500000969,000030,000000000000010015,15,4471725,EUR,EA
100,4500000970,000010,000000000000010064,8,1082040,MXN,EA
100,4500000970,000020,000000000000010047,8,965720,MXN,EA
100,4500000970,000030,000000000000010117,6,132558,MXN,EA
100,4500000970,000040,000000000000010069,18,2636586,MXN,EA
100,4500000970,000050,000000000000010024,7,2698353,MXN,EA
100,4500000971,000010,000000000000010034,17,2715461,USD,EA
100,4500000972,000010,000000000000010054,8,1031160,MXN,EA
100,4500000973,000010,000000000000010149,16,3910576,JPY,EA
100,4500000973,000020,000000000000010026,18,8338194,JPY,EA
100,4500000973,000030,000000000000010014,11,4567145,JPY,EA
100,4500000973,000040,000000000000010019,7,1762362,JPY,EA
100,4500000973,000050,000000000000010030,15,670770,JPY,EA
100,4500000974,000010,000000000000010051,4,1141428,MXN,EA
100,4500000974,000020,000000000000010056,20,5128980,MXN,EA
100,4500000974,000030,000000000000010077,19,114646,MXN,EA
100,4500000974,000040,000000000000010149,14,6334776,MXN,EA
100,4500000975,000010,000000000000010114,7,2168404,CLP,EA
100,4500000976,000010,000000000000010117,1,132988,USD,EA
100,4500000976,000020,000000000000010105,20,2858940,USD,EA
100,4500000976,000030,000000000000010127,6,1039806,USD,EA
100,4500000976,000040,000000000000010130,16,4329424,USD,EA
100,4500000976,000050,000000000000010073,10,1395160,USD,EA
100,4500000976,000060,000000000000010137,8,1438848,USD,EA
100,4500000977,000010,000000000008883459,17,2769334,MXN,EA
100,4500000977,000020,000000000000010113,4,1590728,MXN,EA
100,4500000977,000030,000000000000010047,16,70656,MXN,EA
100,4500000978,000010,000000000000010131,16,4174960,JPY,EA
100,4500000978,000020,000000000000010042,6,212232,JPY,EA
100,4500000978,000030,000000000000010111,10,505800,JPY,EA
100,4500000979,000010,000000000000010088,18,7780626,USD,EA
100,4500000979,000020,000000000000010047,7,2865177,USD,EA
100,4500000979,000030,000000000000010028,8,902288,USD,EA
100,4500000979,000040,000000000000010079,17,2738853,USD,EA
100,4500000980,000010,000000000000010136,16,879328,MXN,EA
100,4500000980,000020,000000000000010077,20,2225060,MXN,EA
100,4500000980,000030,000000000000010147,5,853730,MXN,EA
100,4500000981,000010,000000000000010050,13,5368883,JPY,EA
100,4500000981,000020,000000000000010044,6,1925280,JPY,EA
100,4500000982,000010,000000000000010041,11,2989547,JPY,EA
100,4500000982,000020,000000000000010122,20,8290620,JPY,EA
100,4500000982,000030,000000000000010107,9,1088253,JPY,EA
100,4500000982,000040,000000000000010068,16,7853712,JPY,EA
100,4500000982,000050,000000000000010078,12,924168,JPY,EA
100,4500000982,000060,000000000000010079,11,4202055,JPY,EA
100,4500000983,000010,000000000000010081,15,2437335,MXN,EA
100,4500000983,000020,000000000000010109,19,3939251,MXN,EA
100,4500000983,000030,000000000000010107,1,400624,MXN,EA
100,4500000984,000010,000000000000010015,14,2609516,JPY,EA
100,4500000984,000020,000000000000010036,15,6047310,JPY,EA
100,4500000984,000030,000000000000010071,1,430147,JPY,EA
100,4500000984,000040,000000000000010052,7,2436749,JPY,EA
100,4500000985,000010,000000000000010066,10,4374960,USD,EA
100,4500000985,000020,000000000000010096,1,169739,USD,EA
100,4500000985,000030,000000000000010110,13,2232776,USD,EA
100,4500000985,000040,000000000000010143,18,6992226,USD,EA
100,4500000985,000050,000000000000010052,7,2273439,USD,EA
100,4500000985,000060,000000000000010129,15,6750030,USD,EA
100,4500000986,000010,000000000000010028,3,385422,USD,EA
100,4500000986,000020,000000000000010042,11,4179791,USD,EA
100,4500000986,000030,000000000000010123,19,4699612,USD,EA
100,4500000987,000010,000000000000010100,16,2111856,USD,EA
100,4500000988,000010,000000000000010097,2,108366,MXN,EA
100,4500000988,000020,000000000000010015,11,1602997,MXN,EA
100,4500000988,000030,000000000000010138,12,2768436,MXN,EA
100,4500000989,000010,000000000000010029,16,1142448,USD,EA
100,4500000989,000020,000000000000010019,11,4481950,USD,EA
100,4500000989,000030,000000000000010106,5,2296005,USD,EA
100,4500000990,000010,000000000000010077,19,2011226,MXN,EA
100,4500000990,000020,10144,3,692325,MXN,EA
100,4500000991,000010,000000000000010084,19,5463792,JPY,EA
100,4500000991,000020,000000000000010067,18,5029398,JPY,EA
100,4500000992,000010,000000000000010006,5,2029015,USD,EA
100,4500000992,000020,000000000000010018,11,4932884,USD,EA
100,4500000992,000030,000000000000010093,15,5891790,USD,EA
100,4500000993,000010,000000000000010048,11,2711907,EUR,EA
100,4500000993,000020,000000000000010059,15,2863485,EUR,EA
100,4500000994,000010,000000000000010051,9,1213929,MXN,EA
100,4500000994,000020,000000000000010006,5,317450,MXN,EA
100,4500000994,000030,000000000000010106,14,2922906,MXN,EA
100,4500000995,000010,000000000000010013,17,554319,MXN,EA
100,4500000995,000020,000000000000010132,12,113928,MXN,EA
100,4500000995,000030,000000000000010145,14,249494,MXN,EA
100,4500000995,000040,000000000000010130,11,4567849,MXN,EA
100,4500000996,000010,000000000000010126,10,3023680,MXN,EA
100,4500000996,000020,000000000000010086,3,1158162,MXN,EA
100,4500000996,000030,000000000000010020,19,936871,MXN,EA
100,4500000996,000040,000000000000010143,4,1119184,MXN,EA
100,4500000996,000050,000000000000010041,17,7559968,MXN,EA
100,4500000997,000010,000000000000010147,15,4812480,MXN,EA
100,4500000998,000010,000000000000010049,3,1209567,USD,EA
100,4500000998,000020,000000000000010111,9,2206512,USD,EA
100,4500000998,000030,000000000000010116,5,1710095,USD,EA
100,4500000998,000040,000000000000010085,3,288747,USD,EA
100,4500000998,000050,000000000000010148,11,2629561,USD,EA
100,4500000998,000060,000000000000010136,14,6542200,USD,EA
100,4500000999,000010,000000000000010103,19,2945817,MXN,EA
100,4500001000,000010,000000000000010100,1,5476,USD,EA
100,4500000372,000020,000000000000010068,7,162600,MXN,EA
100,4500000359,000020,000000000000010105,13,4237788,MXN,EA
100,4500000261,000020,000000000000010055,18,4102406,MXN,EA
100,4500000754,000020,000000000000010088,21,1309340,MXN,EA
100,4500000235,000030,000000000000010076,11,888220,MXN,EA
100,7770000000,000010,000000000000010052,1,159822,MXN,EA
100,7770000001,000010,000000000000010042,1,223446,MXN,EA
100,7770000002,000010,000000000000010070,1,123148,MXN,EA
100,7770000003,000010,000000000000010056,1,405931,MXN,EA
100,7770000004,000010,000000000000010091,1,15311,MXN,EA
100,7770000005,000010,000000000000010036,1,461134,MXN,EA
100,7770000006,000010,000000000000010113,1,65545,MXN,EA
100,7770000007,000010,000000000000010097,1,14329,MXN,EA
100,7770000008,000010,000000000000010114,1,455837,MXN,EA
100,7770000009,000010,000000000000010054,1,200447,MXN,EA
100,7770000010,000010,000000000000010013,1,235258,MXN,EA
100,7770000011,000010,000000000000010113,1,210284,MXN,EA
