MANDT,ACCT,ITEM_NO,POST_DATE,VALUT,AMOUNT,WAERS,DC_IND,TEXT
100,000050000001,000001,20221231,20240225,609828,MXN,H,Deposito
100,000050000001,000002,20210322,20200101,609645,MXN,S,Transferencia
100,000050000001,000003,20200319,20241123,2772269,MXN,S,Retiro
100,000050000001,000004,20230422,20230422,3422094,MXN,H,Pago
100,000050000001,000005,20220711,20211127,2838364,MXN,S,Comision
100,000050000001,000006,20221213,20240110,2972629,MXN,H,Pago
100,000050000001,000007,20220815,20231009,1803407,MXN,S,Deposito
100,000050000001,000008,20211026,20210816,2542006,MXN,S,Deposito
100,000050000001,000009,20230801,20241117,1075815,MXN,H,Comision
100,000050000001,000010,20241111,20240304,3513930,MXN,H,Deposito
100,000050000001,000011,20210109,20240327,248713,MXN,S,Pago
100,000050000001,000012,20200429,20210601,1558860,MXN,S,Retiro
100,000050000002,000001,20211021,20220608,3804788,MXN,S,Transferencia
100,000050000002,000002,20220101,20240124,3809707,MXN,H,Transferencia
100,000050000002,000003,20220705,20211217,1411938,MXN,S,Pago
100,000050000002,000004,20200119,20231228,757485,MXN,H,Retiro
100,000050000002,000005,20220515,20210321,4399587,MXN,S,Comision
100,000050000002,000006,20210724,20210622,2369373,MXN,S,Comision
100,000050000002,000007,20220325,20210222,2825593,MXN,S,Comision
100,000050000003,000001,20240611,20231121,3220710,MXN,H,Deposito
100,000050000003,000002,20231203,20210212,4674088,MXN,S,Deposito
100,000050000003,000003,20201127,20200606,670633,MXN,H,Deposito
100,000050000003,000004,20240624,20210418,2776660,MXN,S,Retiro
100,000050000003,000005,20210619,20200121,3986492,MXN,S,Transferencia
100,000050000003,000006,20240420,20220620,4728141,MXN,S,Transferencia
100,000050000003,000007,20211014,20200604,2548802,MXN,H,Pago
100,000050000003,000008,20200318,20230128,3914860,MXN,H,Comision
100,000050000003,000009,20221230,20200516,2900631,MXN,S,Deposito
100,000050000003,000010,20240416,20210723,4737781,MXN,S,Comision
100,000050000003,000011,20230323,20220909,335383,MXN,S,Pago
100,000050000003,000012,20240619,20220330,1711238,MXN,H,Retiro
100,000050000003,000013,20230417,20211027,4543348,MXN,H,Transferencia
100,000050000003,000014,20240731,20210908,1976425,MXN,S,Deposito
100,000050000003,000015,20210811,20231031,4520830,MXN,S,Pago
100,000050000003,000016,20200818,20210917,4289623,MXN,H,Transferencia
100,000050000004,000001,20210405,20240703,4891593,MXN,S,Transferencia
100,000050000004,000002,20220704,20240910,483165,MXN,S,Transferencia
100,000050000004,000003,20211007,20210812,2586042,MXN,S,Pago
100,000050000004,000004,20231012,20210710,1045141,MXN,H,Deposito
100,000050000004,000005,20200312,20241126,3470511,MXN,H,Deposito
100,000050000004,000006,20210417,20240816,324749,MXN,H,Deposito
100,000050000004,000007,20210104,20220630,2806930,MXN,S,Pago
100,000050000004,000008,20210512,20200612,3744847,MXN,H,Deposito
100,000050000004,000009,20230504,20240212,1683476,MXN,S,Deposito
100,000050000005,000001,20210616,20210725,2417864,MXN,H,Retiro
100,000050000005,000002,20221119,20210817,3049568,MXN,S,Pago
100,000050000005,000003,20220205,20200110,3736675,MXN,H,Retiro
100,000050000005,000004,20200816,20200524,1278400,MXN,H,Comision
100,000050000005,000005,20200127,20200112,4046117,MXN,H,Comision
100,000050000005,000006,20210319,20211025,4056416,MXN,H,Pago
100,000050000005,000007,20201007,20201107,4321633,MXN,S,Deposito
100,000050000005,000008,20210909,20201031,1618504,MXN,S,Transferencia
100,000050000005,000009,20220824,20220503,3024315,MXN,H,Transferencia
100,000050000005,000010,20220818,20221230,3614409,MXN,S,Comision
100,000050000005,000011,20230802,20200804,3239769,MXN,S,Retiro
100,000050000005,000012,20240118,20201223,974433,MXN,S,Retiro
100,000050000005,000013,20241127,20240119,2237812,MXN,H,Comision
100,000050000005,000014,20200810,20200820,190241,MXN,S,Deposito
100,000050000005,000015,20200228,20240926,4565476,MXN,S,Retiro
100,000050000006,000001,20220914,20200525,1017155,USD,S,Comision
100,000050000006,000002,20230116,20240129,833876,USD,S,Transferencia
100,000050000006,000003,20201031,20200831,3389575,USD,H,Deposito
100,000050000006,000004,20240520,20220128,3345109,USD,S,Retiro
100,000050000006,000005,20211224,20200628,1438429,USD,H,Transferencia
100,000050000006,000006,20211021,20230122,4573219,USD,H,Retiro
100,000050000006,000007,20201222,20220411,4695542,USD,H,Pago
100,000050000006,000008,20220420,20230219,2311515,USD,S,Retiro
100,000050000006,000009,20221117,20210915,4051196,USD,S,Comision
100,000050000006,000010,20240929,20220511,3165999,USD,H,Comision
100,000050000006,000011,20240609,20211122,3836394,USD,H,Pago
100,000050000007,000001,20201002,20240526,4815485,USD,H,Comision
100,000050000007,000002,20210514,20220604,1593510,USD,H,Transferencia
100,000050000007,000003,20231207,20230522,3810897,USD,S,Retiro
100,000050000007,000004,20231019,20230316,4928499,USD,S,Deposito
100,50000007,000005,20240630,20240118,529591,USD,H,Retiro
100,000050000007,000006,20221207,20200406,4374195,USD,H,Comision
100,000050000007,000007,20200918,20221216,4777857,USD,S,Transferencia
100,000050000008,000001,20240914,20230403,1863856,MXN,S,Retiro
100,000050000008,000002,20240716,20230206,4076903,MXN,S,Transferencia
100,000050000008,000003,20200401,20220419,2273567,MXN,H,Transferencia
100,000050000008,000004,20210101,20241129,3843347,MXN,S,Pago
100,000050000008,000005,20210103,20200329,486218,MXN,S,Comision
100,000050000008,000006,20200731,20241127,188294,MXN,S,Deposito
100,000050000008,000007,20210604,20230516,1374640,MXN,S,Deposito
100,000050000008,000008,20240522,20211130,913530,MXN,H,Comision
100,000050000008,000009,20230914,20240831,501229,MXN,S,Retiro
100,000050000008,000010,20220316,20210306,2631477,MXN,S,Deposito
100,000050000008,000011,20230714,20211102,680481,MXN,H,Comision
100,000050000008,000012,20200117,20230127,2108863,MXN,H,Comision
100,000050000008,000013,20220215,20210924,4976865,MXN,H,Comision
100,000050000008,000014,20230628,20220817,1464894,MXN,H,Comision
100,000050000008,000015,20230701,20200611,893719,MXN,H,Comision
100,000050000008,000016,20240628,20230330,2836865,MXN,S,Comision
100,000050000009,000001,20210916,20240822,1929956,MXN,S,Retiro
100,000050000009,000002,20240911,20210723,545124,MXN,H,Pago
100,000050000009,000003,20230627,20240604,1928113,MXN,H,Deposito
100,000050000009,000004,20201220,20200617,963013,MXN,S,Deposito
100,000050000009,000005,20241126,20240221,1642641,MXN,H,Transferencia
100,000050000009,000006,20230211,20231105,4803988,MXN,S,Pago
100,000050000009,000007,20200124,20230812,2456609,MXN,H,Comision
100,000050000009,000008,20220729,20240721,306060,MXN,S,Transferencia
100,000050000009,000009,20200309,20201022,4523472,MXN,S,Deposito
100,000050000009,000010,20200612,20200825,4164145,MXN,S,Retiro
100,000050000009,000011,20210809,20210214,1276134,MXN,S,Deposito
100,000050000009,000012,20210717,20210508,4512557,MXN,S,Deposito
100,000050000009,000013,20200529,20230222,1050077,MXN,H,Deposito
100,000050000009,000014,20240211,20200913,1426698,MXN,H,Deposito
100,000050000010,000001,20200617,20220516,326753,MXN,H,Pago
100,000050000010,000002,20240929,20210423,4851132,MXN,H,Retiro
100,000050000010,000003,20230807,20220211,3171784,MXN,S,Pago
100,000050000010,000004,20211113,20200813,235328,MXN,H,Retiro
100,000050000010,000005,20240109,20200424,4466481,MXN,S,Retiro
100,000050000010,000006,20200416,20240504,2118449,MXN,S,Comision
100,000050000010,000007,20211104,20231221,3848211,MXN,S,Deposito
100,000099000114,000008,20210324,20201023,4618125,MXN,S,Comision
100,000050000010,000009,20220124,20240606,2203526,MXN,H,Transferencia
100,000050000010,000010,20200315,20240322,313830,MXN,H,Deposito
100,000050000010,000011,20201013,20200706,1450125,MXN,H,Pago
100,000050000010,000012,20200329,20240408,2898927,MXN,S,Pago
100,000050000010,000013,20220507,20221130,4011569,MXN,H,Pago
100,000050000010,000014,20201120,20200316,1266866,MXN,S,Retiro
100,000050000010,000015,20230616,20220522,520180,MXN,H,Retiro
100,000050000010,000016,20201204,20200320,2612499,MXN,H,Retiro
100,000050000011,000001,20201209,20200528,1462816,MXN,S,Comision
100,000050000011,000002,20210122,20220703,300098,MXN,H,Comision
100,000050000011,000003,20240105,20220727,880693,MXN,S,Deposito
100,000050000011,000004,20241029,20240304,747518,MXN,S,Transferencia
100,000050000011,000005,20221122,20220712,2325857,MXN,S,Pago
100,000050000011,000006,20221113,20220314,3180042,MXN,H,Retiro
100,000050000011,000007,20200202,20200519,4270078,MXN,H,Retiro
100,000050000011,000008,20240422,20210520,1962660,MXN,H,Transferencia
100,000050000011,000009,20230429,20240109,1851533,MXN,H,Transferencia
100,000050000011,000010,20201106,20241008,3695641,MXN,S,Comision
100,000050000011,000011,20240423,20221205,3915597,MXN,S,Pago
100,000050000011,000012,20230208,20230627,1884446,MXN,H,Comision
100,000050000011,000013,20230401,20240824,199043,MXN,S,Deposito
100,000050000012,000001,20210817,20210508,4381950,USD,H,Comision
100,000050000012,000002,20211221,20210319,428944,USD,H,Transferencia
100,000050000012,000003,20201126,20210904,4367982,USD,H,Comision
100,000050000012,000004,20230731,20230804,694559,USD,H,Transferencia
100,000050000012,000005,20240110,20200828,478832,USD,S,Comision
100,000050000012,000006,20200110,20210531,3415185,USD,S,Comision
100,000050000012,000007,20220413,20220409,418300,USD,H,Comision
100,000050000012,000008,20210320,20200605,4926446,USD,S,Retiro
100,000050000012,000009,20210409,20211218,2405911,USD,H,Retiro
100,000050000013,000001,20200323,20220114,2717115,MXN,H,Retiro
100,000050000013,000002,20211102,20201231,1752421,MXN,S,Retiro
100,000050000013,000003,20210107,20200501,1491341,MXN,S,Comision
100,000050000013,000004,20211123,20240731,437804,MXN,H,Comision
100,000050000013,000005,20211020,20200304,28588,MXN,H,Comision
100,000050000014,000001,20201016,20210113,1862771,MXN,H,Retiro
100,000050000014,000002,20231010,20210420,3919970,MXN,S,Deposito
100,000050000014,000003,20240321,20201124,751617,MXN,S,Transferencia
100,000050000014,000004,20220427,20240725,3262746,MXN,H,Deposito
100,000050000014,000005,20210313,20221026,1271729,MXN,H,Pago
100,000050000014,000006,20210406,20240118,2339090,MXN,S,Transferencia
100,000050000014,000007,20240612,20230802,1212248,MXN,S,Comision
100,000050000014,000008,20230910,20210802,1079454,MXN,H,Transferencia
100,000050000014,000009,20200602,20230306,4324865,MXN,H,Retiro
100,000050000014,000010,20240122,20230702,1388660,MXN,S,Deposito
100,000050000014,000011,20221231,20211008,2385664,MXN,S,Pago
100,000050000014,000012,20220913,20230403,4396714,MXN,S,Comision
100,000050000014,000013,20230313,20200404,2760818,MXN,H,Pago
100,000050000015,000001,20230719,20210816,418382,MXN,S,Retiro
100,000050000015,000002,20210528,20230420,2135711,MXN,H,Transferencia
100,000050000015,000003,20210609,20220523,3321536,MXN,S,Comision
100,000050000015,000004,20230925,20210106,2960918,MXN,S,Pago
100,000050000015,000005,20240505,20240813,4802647,MXN,H,Deposito
100,000050000015,000006,20200325,20240503,2297775,MXN,S,Pago
100,000050000015,000007,20200618,20221115,2615324,MXN,S,Deposito
100,000050000015,000008,20240417,20210505,3307745,MXN,S,Deposito
100,000050000015,000009,20230922,20220528,1682139,MXN,S,Pago
100,000050000015,000010,20200906,20200306,3103088,MXN,S,Pago
100,000050000015,000011,20230116,20210410,2561882,MXN,S,Pago
100,000050000016,000001,20240209,20200524,3896808,MXN,S,Comision
100,000050000016,000002,20200628,20221130,4629281,MXN,H,Retiro
100,000050000016,000003,20240826,20220803,2076248,MXN,H,Deposito
100,000050000016,000004,20201004,20200126,4403581,MXN,H,Pago
100,000050000016,000005,20200817,20231007,4571693,MXN,S,Retiro
100,000050000016,000006,20231230,20220502,2059250,MXN,H,Pago
100,000050000016,000007,20231229,20210819,3910193,MXN,H,Retiro
100,000050000016,000008,20220329,20210704,1500430,MXN,H,Pago
100,000050000016,000009,20210906,20240720,3575849,MXN,H,Retiro
100,000050000016,000010,20231010,20200829,2849050,MXN,S,Deposito
100,000050000016,000011,20230410,20210423,1563543,MXN,S,Transferencia
100,000050000016,000012,20240102,20241018,548621,MXN,H,Transferencia
100,000050000016,000013,20200513,20230915,1408050,MXN,H,Deposito
100,000050000016,000014,20240228,20211103,4800636,MXN,S,Comision
100,000050000017,000001,20230611,20220824,1885842,MXN,H,Transferencia
100,000050000017,000002,20240428,20211216,70234,MXN,H,Retiro
100,000050000017,000003,20240503,20241026,4310223,MXN,H,Retiro
100,000050000017,000004,20230826,20230423,3232518,MXN,H,Retiro
100,000050000017,000005,20240429,20240110,2011107,MXN,S,Deposito
100,000050000017,000006,20210724,20230208,1386039,MXN,H,Comision
100,000050000017,000007,20240124,20210521,4423257,MXN,H,Pago
100,000050000017,000008,20231101,20220403,4692220,MXN,S,Deposito
100,000050000017,000009,20230915,20210816,4640932,MXN,S,Retiro
100,000050000017,000010,20200320,20201119,3908959,MXN,S,Transferencia
100,000050000018,000001,20201212,20210606,4285198,MXN,H,Retiro
100,000050000018,000002,20201130,20220107,3379228,MXN,S,Comision
100,000050000018,000003,20210130,20210829,543128,MXN,H,Deposito
100,000050000018,000004,20240922,20220504,4098592,MXN,S,Comision
100,000050000018,000005,20200403,20231213,2087857,MXN,S,Pago
100,000050000018,000006,20200907,20241204,4839291,MXN,S,Retiro
100,000050000018,000007,20211031,20240512,2189014,MXN,S,Deposito
100,000050000018,000008,20210215,20211028,3262238,MXN,S,Deposito
100,000050000018,000009,20200319,20240323,2265324,MXN,H,Retiro
100,000050000018,000010,20240806,20230225,3272888,MXN,S,Transferencia
100,000050000019,000001,20220502,20240307,2961998,MXN,H,Retiro
100,000050000019,000002,20210621,20210319,3179103,MXN,S,Transferencia
100,000050000019,000003,20201227,20220120,1531042,MXN,S,Pago
100,000050000019,000004,20221022,20210128,320298,MXN,S,Retiro
100,000050000019,000005,20220907,20230726,4219779,MXN,H,Comision
100,000050000019,000006,20230620,20210406,4451389,MXN,S,Pago
100,000050000019,000007,20220324,20220227,4044407,MXN,S,Transferencia
100,000050000019,000008,20231106,20221204,2171412,MXN,H,Pago
100,000050000019,000009,20230316,20200307,1864115,MXN,H,Comision
100,000050000019,000010,20220822,20220611,1410335,MXN,S,Transferencia
100,000050000020,000001,20230609,20200414,3120701,MXN,S,Pago
100,000050000020,000002,20240324,20240815,2606460,MXN,S,Deposito
100,000050000020,000003,20220213,20200220,28059,MXN,H,Transferencia
100,000050000020,000004,20220520,20240313,1454660,MXN,S,Retiro
100,000050000020,000005,20230321,20221213,4260451,MXN,S,Pago
100,000050000020,000006,20230426,20210222,1666932,MXN,H,Pago
100,000050000020,000007,20200917,20240723,78725,MXN,S,Retiro
100,000050000020,000008,20200727,20241106,4495225,MXN,S,Pago
100,000050000020,000009,20220321,20240626,2036666,MXN,S,Comision
100,000050000021,000001,20220212,20221223,2512236,MXN,S,Transferencia
100,000050000021,000002,20240706,20240103,3313303,MXN,S,Transferencia
100,000050000021,000003,20240625,20210331,2420368,MXN,H,Transferencia
100,000050000021,000004,20210706,20240422,1241367,MXN,H,Retiro
100,000050000021,000005,20230305,20211124,3695230,MXN,H,Retiro
100,000050000021,000006,20231111,20230325,4074949,MXN,H,Comision
100,000050000021,000007,20201001,20210518,4032266,MXN,S,Pago
100,000050000021,000008,20230315,20240202,951799,MXN,S,Deposito
100,000050000021,000009,20200418,20200713,2316256,MXN,S,Pago
100,000050000021,000010,20200921,20241021,4414115,MXN,S,Retiro
100,000050000021,000011,20210401,20240318,2200995,MXN,H,Pago
100,000050000021,000012,20200511,20221225,1828127,MXN,H,Comision
100,000050000021,000013,20210526,20210330,2256243,MXN,H,Comision
100,000050000021,000014,20240828,20200410,2886001,MXN,S,Deposito
100,000050000021,000015,20200623,20200630,3200229,MXN,H,Pago
100,000050000022,000001,20200827,20211203,3307772,MXN,S,Pago
100,000050000022,000002,20211227,20220621,3156586,MXN,H,Retiro
100,000050000022,000003,20240825,20210713,3548145,MXN,S,Comision
100,000050000022,000004,20241027,20200521,2536851,MXN,S,Deposito
100,000050000022,000005,20240717,20220813,1980589,MXN,H,Comision
100,000050000022,000006,20210122,20200202,620083,MXN,S,Retiro
100,000050000022,000007,20200720,20220420,2973127,MXN,S,Retiro
100,000050000022,000008,20201121,20200611,3232056,MXN,S,Pago
100,000050000022,000009,20240103,20210608,967692,MXN,S,Deposito
100,000050000022,000010,20221024,20240318,996556,MXN,H,Retiro
100,000050000022,000011,20240727,20210416,4934192,MXN,H,Deposito
100,000050000022,000012,20220730,20230617,3516737,MXN,H,Deposito
100,000050000022,000013,20240718,20220211,4088306,MXN,S,Transferencia
100,000050000022,000014,20200624,20241124,432566,MXN,H,Pago
100,000050000022,000015,20231125,20220216,1423010,MXN,H,Pago
100,000050000022,000016,20221116,20210916,85996,MXN,S,Deposito
100,000050000022,000017,20210311,20210727,1106566,MXN,S,Retiro
100,000050000022,000018,20210611,20221003,4473828,MXN,S,Comision
100,000050000022,000019,20220321,20200216,2332812,MXN,H,Deposito
100,000050000023,000001,20220804,20200128,3613732,USD,H,Comision
100,000050000023,000002,20211005,20230929,1577106,USD,H,Pago
100,000050000023,000003,20200927,20221207,3942976,USD,H,Deposito
100,000050000023,000004,20210729,20211125,236652,USD,H,Retiro
100,000050000023,000005,20220407,20201208,555034,USD,H,Pago
100,000050000023,000006,20230405,20200321,139821,USD,H,Pago
100,000050000023,000007,20240630,20230223,1406712,USD,S,Transferencia
100,000050000023,000008,20230729,20210226,2811045,USD,H,Transferencia
100,000050000023,000009,20230611,20220708,3492208,USD,S,Deposito
100,000050000023,000010,20200623,20220807,452318,USD,H,Retiro
100,000050000023,000011,20210415,20220830,2623424,USD,S,Comision
100,000050000023,000012,20211017,20230120,215601,USD,S,Deposito
100,000050000024,000001,20220522,20231021,847386,MXN,H,Retiro
100,000050000024,000002,20230604,20211013,3013808,MXN,S,Pago
100,000050000024,000003,20230622,20200708,83532,MXN,H,Transferencia
100,000050000024,000004,20210411,20220223,1886768,MXN,H,Retiro
100,000050000024,000005,20231120,20241003,4724975,MXN,S,Retiro
100,000050000024,000006,20230721,20240827,317752,MXN,S,Transferencia
100,000050000024,000007,20230219,20210128,1006891,MXN,S,Retiro
100,000050000024,000008,20210413,20220815,3543534,MXN,S,Transferencia
100,000050000024,000009,20211108,20240624,37518,MXN,H,Deposito
100,000050000024,000010,20230310,20210316,2219780,MXN,S,Pago
100,000050000024,000011,20200126,20240212,3285853,MXN,S,Comision
100,000050000024,000012,20210920,20240316,1882974,MXN,S,Pago
100,000050000024,000013,20201004,20240807,3758717,MXN,H,Pago
100,000050000024,000014,20230522,20220106,2193573,MXN,S,Deposito
100,000050000024,000015,20200608,20201126,3516407,MXN,H,Comision
100,000050000024,000016,20200705,20200614,2529720,MXN,S,Transferencia
100,000050000024,000017,20201104,20210909,4145130,MXN,H,Transferencia
100,000050000024,000018,20240721,20220207,4985494,MXN,S,Pago
100,000050000025,000001,20201127,20240614,4615131,MXN,S,Pago
100,000050000025,000002,20200501,20220103,2489274,MXN,S,Transferencia
100,000050000025,000003,20201107,20230830,4950152,MXN,S,Transferencia
100,000050000025,000004,20210928,20220410,499364,MXN,S,Retiro
100,000050000025,000005,20230106,20210612,4448840,MXN,H,Transferencia
100,000050000025,000006,20220623,20231128,2343332,MXN,H,Pago
100,000050000025,000007,20230901,20220214,341327,MXN,S,Transferencia
100,000050000025,000008,20230730,20240819,1124081,MXN,H,Retiro
100,000050000025,000009,20220320,20240703,1045802,MXN,S,Deposito
100,000050000025,000010,20220804,20210830,253817,MXN,S,Pago
100,000050000025,000011,20210507,20201221,4199217,MXN,H,Retiro
100,000050000025,000012,20241119,20240323,785047,MXN,S,Deposito
100,000050000025,000013,20210701,20220709,2263487,MXN,H,Retiro
100,000050000025,000014,20200912,20230614,2852320,MXN,S,Pago
100,000050000025,000015,20200214,20240211,2524919,MXN,S,Retiro
100,000050000025,000016,20240416,20241024,3842703,MXN,S,Comision
100,000050000025,000017,20241121,20231216,2420650,MXN,H,Pago
100,000050000026,000001,20210711,20200115,1532230,USD,S,Pago
100,000050000026,000002,20200925,20230610,3029601,USD,H,Retiro
100,000050000026,000003,20240513,20240621,1085946,USD,S,Transferencia
100,000050000026,000004,20240718,20240912,4009616,USD,H,Retiro
100,000050000026,000005,20210605,20240625,1772028,USD,S,Pago
100,000050000026,000006,20210113,20220322,4110789,USD,S,Pago
100,000050000026,000007,20230520,20220228,1139408,USD,H,Transferencia
100,000050000026,000008,20230112,20240409,1751912,USD,S,Retiro
100,000050000026,000009,20220817,20230122,2415886,USD,S,Deposito
100,000050000026,000010,20221006,20240630,3850870,USD,H,Pago
100,000050000026,000011,20200915,20210928,1966272,USD,H,Deposito
100,000050000026,000012,20220124,20231107,2809433,USD,S,Deposito
100,000050000026,000013,20241026,20200215,226845,USD,H,Comision
100,000050000026,000014,20210924,20220605,3672680,USD,H,Pago
100,000050000027,000001,20200202,20220115,3014162,MXN,S,Retiro
100,000050000027,000002,20240922,20220123,2382939,MXN,H,Retiro
100,000050000027,000003,20220223,20240607,4051870,MXN,S,Retiro
100,000050000027,000004,20240107,20230612,3627387,MXN,H,Transferencia
100,000050000027,000005,20200226,20240417,449507,MXN,S,Deposito
100,000050000027,000006,20230718,20201027,4829850,MXN,S,Deposito
100,000050000027,000007,20220109,20200218,3553344,MXN,S,Pago
100,000050000027,000008,20240224,20220615,4190625,MXN,H,Transferencia
100,000050000027,000009,20200603,20210805,4661853,MXN,H,Comision
100,000050000027,000010,20240629,20200706,120596,MXN,S,Deposito
100,000050000027,000011,20241119,20210522,1273402,MXN,H,Retiro
100,000050000027,000012,20230307,20200206,3215163,MXN,H,Deposito
100,000050000027,000013,20200807,20200411,638845,MXN,S,Retiro
100,000050000027,000014,20220218,20200305,1910357,MXN,H,Comision
100,000050000028,000001,20200215,20200302,2267906,MXN,H,Deposito
100,000050000028,000002,20230524,20210810,244945,MXN,S,Deposito
100,000050000028,000003,20230723,20200128,4007978,MXN,H,Retiro
100,000050000028,000004,20230310,20200212,1890003,MXN,H,Pago
100,000050000028,000005,20200629,20200811,3786239,MXN,H,Transferencia
100,000050000028,000006,20230823,20210903,3141858,MXN,H,Retiro
100,000050000028,000007,20210628,20230729,1429351,MXN,H,Deposito
100,000050000029,000001,20210717,20210924,3079996,JPY,S,Pago
100,000050000029,000002,20240322,20200520,3259156,JPY,H,Deposito
100,000050000029,000003,20220427,20230222,2696353,JPY,S,Pago
100,000050000029,000004,20201018,20221212,1132396,JPY,H,Transferencia
100,000050000029,000005,20231226,20231219,4542584,JPY,H,Retiro
100,000050000029,000006,20230805,20211008,3133174,JPY,S,Transferencia
100,000050000029,000007,20200512,20200311,4309896,JPY,S,Transferencia
100,000050000029,000008,20200206,20230403,2858620,JPY,H,Transferencia
100,000050000029,000009,20220603,20220621,2529995,JPY,H,Transferencia
100,000050000029,000010,20200625,20230411,4215139,JPY,H,Comision
100,000050000029,000011,20210719,20230528,898171,JPY,H,Retiro
100,000050000029,000012,20221103,20230207,1075013,JPY,S,Retiro
100,000050000029,000013,20210908,20220322,3589653,JPY,H,Deposito
100,000050000029,000014,20200902,20240226,1523971,JPY,H,Pago
100,000050000029,000015,20210827,20220703,4556268,JPY,H,Transferencia
100,000050000029,000016,20210211,20210501,2834553,JPY,H,Comision
100,000050000029,000017,20220102,20231001,1744918,JPY,H,Pago
100,000050000029,000018,20220218,20230424,3725529,JPY,S,Pago
100,000050000029,000019,20240528,20210628,4602464,JPY,H,Retiro
100,000050000030,000001,20210306,20210526,1215602,MXN,H,Transferencia
100,000050000030,000002,20220126,20240928,666603,MXN,S,Deposito
100,000050000030,000003,20210506,20201003,55366,MXN,S,Comision
100,000050000030,000004,20241102,20210207,3772275,MXN,S,Transferencia
100,000050000030,000005,20230228,20211220,3432699,MXN,S,Retiro
100,000050000030,000006,20200812,20230507,3966903,MXN,H,Transferencia
100,000050000030,000007,20230121,20200605,1165741,MXN,H,Retiro
100,000050000030,000008,20210907,20211214,4672470,MXN,S,Retiro
100,000050000031,000001,20220331,20220428,3144829,MXN,H,Transferencia
100,000050000032,000001,20230710,20240808,1477903,CLP,S,Deposito
100,000050000032,000002,20211210,20240325,1739461,CLP,H,Transferencia
100,000050000032,000003,20220512,20200615,2655710,CLP,S,Deposito
100,000050000032,000004,20210815,20220727,166042,CLP,S,Pago
100,000050000032,000005,20230122,20210804,2924710,CLP,H,Deposito
100,000050000032,000006,20200706,20211016,577074,CLP,S,Retiro
100,000050000032,000007,20231011,20240921,1011732,CLP,H,Retiro
100,000050000032,000008,20230331,20230826,2416090,CLP,H,Pago
100,000050000032,000009,20200212,20200129,3333800,CLP,S,Transferencia
100,000050000032,000010,20220907,20230808,4170276,CLP,H,Comision
100,000050000032,000011,20230423,20240127,268988,CLP,S,Comision
100,000050000032,000012,20230816,20240818,2448407,CLP,S,Deposito
100,000050000032,000013,20240308,20200505,3395510,CLP,H,Pago
100,000050000032,000014,20210124,20210210,302500,CLP,H,Retiro
100,000050000033,000001,20240207,20200523,1788093,MXN,S,Transferencia
100,000099000386,000002,20220131,20240514,1256408,MXN,S,Deposito
100,000050000033,000003,20240719,20200207,498196,MXN,S,Transferencia
100,000050000033,000004,20231011,20240813,2664578,MXN,S,Pago
100,000050000033,000005,20210708,20221218,1532483,MXN,H,Pago
100,000050000033,000006,20200824,20231007,1732758,MXN,S,Retiro
100,000050000033,000007,20200206,20210702,4791020,MXN,H,Transferencia
100,000050000033,000008,20220314,20231104,186868,MXN,H,Transferencia
100,000050000033,000009,20240131,20230917,4517785,MXN,H,Transferencia
100,000050000033,000010,20220501,20200722,4392251,MXN,H,Pago
100,000050000033,000011,20240505,20200207,3274835,MXN,H,Retiro
100,000050000033,000012,20210324,20200929,58872,MXN,H,Comision
100,000050000033,000013,20220610,20230423,1449117,MXN,H,Pago
100,000050000033,000014,20211022,20200605,1544440,MXN,S,Pago
100,000050000033,000015,20241101,20230526,1030170,MXN,S,Pago
100,000050000033,000016,20240427,20200101,2489391,MXN,S,Retiro
100,000050000033,000017,20221003,20210420,2330499,MXN,S,Comision
100,000050000033,000018,20230307,20210908,4563538,MXN,H,Pago
100,000050000033,000019,20240413,20240818,4036101,MXN,H,Deposito
100,000050000034,000001,20220131,20230904,2851046,CLP,H,Deposito
100,000050000034,000002,20201121,20220811,846421,CLP,S,Comision
100,000050000034,000003,20201128,20241031,739893,CLP,H,Comision
100,000050000034,000004,20220810,20220321,2739709,CLP,S,Transferencia
100,000050000034,000005,20210723,20230126,538022,CLP,S,Pago
100,000050000034,000006,20210531,20200724,3790211,CLP,S,Pago
100,000050000034,000007,20221113,20220408,3830259,CLP,H,Retiro
100,000050000034,000008,20220819,20200506,2216299,CLP,S,Pago
100,000050000035,000001,20240720,20230706,66823,MXN,S,Deposito
100,000050000035,000002,20220724,20200903,891761,MXN,H,Retiro
100,000050000035,000003,20211020,20241114,3889626,MXN,H,Pago
100,000050000035,000004,20231203,20230511,3668250,MXN,S,Deposito
100,000050000035,000005,20210417,20200602,4169769,MXN,H,Retiro
100,000050000035,000006,20230517,20231025,1290577,MXN,H,Comision
100,000050000035,000007,20220626,20230429,853221,MXN,H,Pago
100,000050000035,000008,20240110,20230422,4293889,MXN,S,Comision
100,000050000035,000009,20240831,20220305,4136005,MXN,H,Comision
100,000050000035,000010,20231007,20220128,1350871,MXN,H,Transferencia
100,000050000035,000011,20200110,20241108,3324946,MXN,H,Retiro
100,000050000036,000001,20220329,20220812,4443532,MXN,H,Comision
100,000050000036,000002,20211014,20220720,3853092,MXN,H,Comision
100,000050000036,000003,20210422,20231005,447013,MXN,S,Transferencia
100,000050000036,000004,20230905,20200502,1318003,MXN,S,Comision
100,000050000036,000005,20230803,20221022,2180058,MXN,H,Transferencia
100,000050000036,000006,20240115,20231111,682774,MXN,S,Deposito
100,000050000036,000007,20240421,20220909,4199430,MXN,H,Pago
100,000050000036,000008,20241124,20240905,2033257,MXN,H,Comision
100,000050000036,000009,20220309,20210307,1549907,MXN,H,Deposito
100,000050000036,000010,20230223,20210422,1295068,MXN,S,Retiro
100,50000036,000011,20240123,20240505,4768604,MXN,H,Transferencia
100,000050000036,000012,20231110,20201006,2446097,MXN,S,Deposito
100,000050000037,000001,20230314,20230419,4427121,MXN,S,Transferencia
100,000050000037,000002,20201203,20200623,4870456,MXN,S,Retiro
100,000050000037,000003,20210705,20230102,4961051,MXN,S,Deposito
100,000050000037,000004,20210519,20200714,3462705,MXN,S,Transferencia
100,000050000037,000005,20201109,20240409,4108329,MXN,S,Pago
100,000050000037,000006,20220206,20241127,1967740,MXN,S,Transferencia
100,000050000037,000007,20210410,20221217,1243942,MXN,S,Deposito
100,000050000037,000008,20231117,20240512,135249,MXN,S,Comision
100,000050000038,000001,20211128,20200824,3752518,MXN,H,Deposito
100,000050000038,000002,20201123,20200701,4744888,MXN,S,Comision
100,000050000038,000003,20220427,20230404,52953,MXN,S,Deposito
100,000050000038,000004,20240303,20210926,4326353,MXN,S,Transferencia
100,000050000038,000005,20230807,20210526,1872002,MXN,H,Retiro
100,000050000038,000006,20210315,20211010,3200747,MXN,S,Transferencia
100,000050000038,000007,20240330,20230901,2387439,MXN,S,Deposito
100,000050000038,000008,20200811,20210802,2052422,MXN,S,Transferencia
100,000050000038,000009,20230815,20240917,2866292,MXN,S,Transferencia
100,000050000038,000010,20220113,20210513,2795437,MXN,S,Deposito
100,000050000038,000011,20210810,20211106,1084942,MXN,H,Comision
100,000050000039,000001,20230515,20230817,590763,MXN,S,Retiro
100,000050000039,000002,20240328,20240225,3581253,MXN,S,Transferencia
100,000050000039,000003,20230419,20220323,4488956,MXN,H,Retiro
100,000050000039,000004,20210601,20220307,3852680,MXN,H,Pago
100,000050000039,000005,20211114,20230330,4069342,MXN,H,Pago
100,000050000039,000006,20240914,20220405,562138,MXN,H,Comision
100,000050000039,000007,20241017,20201028,856087,MXN,S,Deposito
100,000050000039,000008,20210110,20240209,806648,MXN,S,Retiro
100,000050000039,000009,20230513,20240522,3051719,MXN,S,Deposito
100,000050000039,000010,20210523,20220929,3928207,MXN,S,Pago
100,000050000039,000011,20230303,20220410,2632887,MXN,S,Pago
100,000050000039,000012,20201018,20221223,3497862,MXN,S,Pago
100,000050000039,000013,20240714,20210211,2533317,MXN,H,Transferencia
100,000050000039,000014,20230517,20240512,242197,MXN,H,Pago
100,000050000040,000001,20240807,20200829,487694,MXN,H,Deposito
100,000050000040,000002,20220219,20240411,997273,MXN,H,Pago
100,000050000040,000003,20200803,20240318,772619,MXN,H,Pago
100,000050000040,000004,20240404,20240604,120064,MXN,H,Deposito
100,000050000040,000005,20230131,20240216,2772945,MXN,H,Deposito
100,000050000040,000006,20230216,20220624,93327,MXN,S,Transferencia
100,000050000040,000007,20211126,20240205,4040764,MXN,H,Retiro
100,000050000040,000008,20201018,20220412,4560374,MXN,H,Comision
100,000050000041,000001,20210324,20200712,721147,MXN,S,Comision
100,000050000041,000002,20210516,20200506,4055478,MXN,S,Deposito
100,000050000041,000003,20200721,20201113,3120666,MXN,H,Pago
100,000050000041,000004,20230530,20210927,4602598,MXN,H,Comision
100,000050000041,000005,20201016,20210515,4761220,MXN,H,Retiro
100,000050000042,000001,20210908,20240617,814923,MXN,S,Transferencia
100,000050000042,000002,20240302,20220608,2215987,MXN,S,Retiro
100,000050000042,000003,20200327,20200726,4543974,MXN,H,Deposito
100,000050000042,000004,20210218,20201029,4574389,MXN,H,Retiro
100,000050000042,000005,20231110,20230902,2376935,MXN,S,Retiro
100,000050000042,000006,20211206,20210916,4478368,MXN,H,Deposito
100,000050000042,000007,20200118,20240728,3719159,MXN,S,Comision
100,000050000042,000008,20231109,20210420,3896957,MXN,S,Pago
100,000050000042,000009,20210820,20210923,2021090,MXN,S,Deposito
100,000050000042,000010,20231117,20210212,3252518,MXN,S,Pago
100,000050000042,000011,20200825,20220830,4181457,MXN,S,Retiro
100,000050000042,000012,20220604,20240513,3278775,MXN,H,Retiro
100,000050000042,000013,20231226,20210313,4533257,MXN,S,Pago
100,000050000042,000014,20231127,20221021,3594529,MXN,S,Retiro
100,000050000042,000015,20240326,20240908,4267273,MXN,S,Comision
100,000050000043,000001,20220415,20221219,1228910,MXN,H,Comision
100,000050000043,000002,20200602,20221210,3710867,MXN,S,Transferencia
100,000050000043,000003,20200108,20211103,295939,MXN,H,Retiro
100,000050000043,000004,20200621,20220419,4122615,MXN,S,Retiro
100,000050000043,000005,20200124,20220709,1082288,MXN,S,Retiro
100,000050000043,000006,20210816,20221017,3709857,MXN,H,Deposito
100,000050000043,000007,20240106,20210523,2097124,MXN,S,Transferencia
100,000050000043,000008,20211223,20220403,1158433,MXN,S,Deposito
100,000050000043,000009,20220511,20240522,4365471,MXN,S,Comision
100,000050000043,000010,20210911,20230403,2240496,MXN,H,Comision
100,000050000043,000011,20230918,20220209,3642427,MXN,S,Pago
100,000050000043,000012,20231020,20221127,3980973,MXN,S,Deposito
100,000050000043,000013,20240419,20240305,1184830,MXN,S,Retiro
100,000050000043,000014,20200602,20210929,2400904,MXN,S,Transferencia
100,000050000043,000015,20230602,20240130,3144118,MXN,H,Comision
100,000050000043,000016,20240412,20200418,424110,MXN,H,Comision
100,000050000044,000001,20220613,20200103,4854404,MXN,H,Deposito
100,000050000044,000002,20230904,20221029,2542688,MXN,S,Transferencia
100,000050000044,000003,20231026,20230704,4350018,MXN,S,Transferencia
100,000050000044,000004,20210209,20210513,4525069,MXN,H,Retiro
100,000050000044,000005,20200523,20200131,4907412,MXN,S,Transferencia
100,000050000044,000006,20211207,20200615,2679023,MXN,S,Deposito
100,000050000044,000007,20240713,20210329,4478311,MXN,S,Comision
100,000050000044,000008,20240313,20200313,2864784,MXN,S,Deposito
100,000050000044,000009,20231108,20201031,2246062,MXN,H,Retiro
100,000050000044,000010,20210518,20211028,1331137,MXN,H,Pago
100,000050000044,000011,20200815,20230203,4597675,MXN,H,Pago
100,000050000044,000012,20220313,20211227,1243192,MXN,H,Transferencia
100,000050000044,000013,20230214,20200630,4567338,MXN,S,Deposito
100,000050000044,000014,20240602,20220418,3848513,MXN,S,Retiro
100,000050000045,000001,20220309,20240715,2209707,MXN,S,Deposito
100,000050000045,000002,20200524,20220411,2774526,MXN,H,Comision
100,000050000045,000003,20231218,20230527,2364305,MXN,H,Comision
100,000050000045,000004,20210223,20210626,3482124,MXN,H,Pago
100,000050000045,000005,20221019,20201111,1297471,MXN,H,Transferencia
100,000050000045,000006,20211011,20230604,3240347,MXN,H,Retiro
100,000050000045,000007,20220801,20210218,1110138,MXN,H,Deposito
100,000050000045,000008,20211216,20240518,3718469,MXN,S,Retiro
100,000050000045,000009,20240509,20220119,1618674,MXN,H,Pago
100,000050000045,000010,20230811,20201019,4082030,MXN,S,Retiro
100,000050000045,000011,20200528,20200105,2727981,MXN,S,Pago
100,000050000045,000012,20221119,20240505,1282222,MXN,H,Comision
100,000050000045,000013,20230322,20221001,1254075,MXN,H,Transferencia
100,000050000046,000001,20210406,20200105,1872065,MXN,H,Comision
100,000050000046,000002,20211205,20230305,769096,MXN,S,Comision
100,000050000046,000003,20230202,20240506,2679979,MXN,H,Deposito
100,000050000046,000004,20240709,20210730,1573215,MXN,H,Deposito
100,000050000046,000005,20230630,20210315,4176484,MXN,S,Retiro
100,000050000046,000006,20201003,20200201,4645499,MXN,H,Retiro
100,000050000046,000007,20211231,20200521,4138559,MXN,H,Retiro
100,000050000046,000008,20231115,20220802,2399496,MXN,S,Transferencia
100,000050000046,000009,20230529,20221220,3989027,MXN,H,Transferencia
100,000050000046,000010,20221021,20200308,2144366,MXN,S,Retiro
100,000050000046,000011,20240225,20220928,1884776,MXN,H,Retiro
100,000050000046,000012,20240828,20231213,3131433,MXN,H,Comision
100,000050000047,000001,20240327,20200305,2670998,USD,H,Pago
100,000050000047,000002,20230529,20210513,3474592,USD,S,Pago
100,000050000047,000003,20240320,20220629,1783912,USD,S,Retiro
100,000050000047,000004,20240106,20201018,1768218,USD,H,Retiro
100,000050000047,000005,20231028,20220107,704284,USD,S,Retiro
100,000050000047,000006,20200507,20230915,3101113,USD,S,Pago
100,000050000047,000007,20200326,20200527,1256513,USD,S,Transferencia
100,000050000047,000008,20201006,20231209,2625237,USD,H,Pago
100,000050000047,000009,20200430,20200213,3733763,USD,H,Transferencia
100,000050000047,000010,20220315,20230311,208583,USD,H,Retiro
100,000050000047,000011,20240709,20220111,2076596,USD,H,Retiro
100,000050000047,000012,20201022,20200529,1447406,USD,S,Transferencia
100,000050000047,000013,20240401,20240927,1242135,USD,H,Deposito
100,000050000048,000001,20241031,20200614,1114593,MXN,S,Transferencia
100,000050000048,000002,20200413,20240612,3128058,MXN,H,Retiro
100,000050000048,000003,20221226,20200213,3480684,MXN,H,Comision
100,000050000048,000004,20220213,20200401,375710,MXN,H,Deposito
100,000050000048,000005,20240720,20210708,911315,MXN,H,Pago
100,000050000048,000006,20200205,20211023,2611505,MXN,H,Deposito
100,000050000048,000007,20221129,20210401,4933290,MXN,S,Comision
100,000050000048,000008,20240122,20200609,4132556,MXN,H,Pago
100,000050000048,000009,20231109,20210412,888615,MXN,S,Transferencia
100,000050000048,000010,20210521,20221010,2482515,MXN,H,Deposito
100,000050000048,000011,20240108,20220324,3992734,MXN,S,Retiro
100,000050000048,000012,20231223,20200207,375769,MXN,S,Retiro
100,000050000048,000013,20210501,20220318,1540855,MXN,S,Retiro
100,000050000048,000014,20220131,20240326,4619488,MXN,S,Deposito
100,000050000048,000015,20200205,20220713,4809119,MXN,H,Retiro
100,000050000049,000001,20201124,20201109,1366281,MXN,H,Retiro
100,000050000049,000002,20230521,20240219,3231415,MXN,H,Pago
100,000050000049,000003,20221021,20220317,2394951,MXN,H,Transferencia
100,000050000049,000004,20210218,20210723,4443176,MXN,S,Pago
100,000050000049,000005,20241010,20211221,3157478,MXN,S,Pago
100,000050000049,000006,20240621,20220316,4403895,MXN,S,Deposito
100,000050000049,000007,20230830,20231223,3507965,MXN,S,Retiro
100,000050000049,000008,20220818,20230310,1211161,MXN,S,Retiro
100,000050000050,000001,20220928,20240819,1123881,MXN,S,Deposito
100,000050000050,000002,20230619,20200418,945476,MXN,H,Deposito
100,000050000050,000003,20200530,20200615,1969509,MXN,S,Transferencia
100,000050000050,000004,20200712,20200107,437157,MXN,S,Retiro
100,000050000050,000005,20221224,20200724,1956320,MXN,H,Transferencia
100,000050000050,000006,20220526,20221130,381195,MXN,H,Deposito
100,000050000050,000007,20220527,20230521,734719,MXN,H,Deposito
100,000050000050,000008,20240416,20230105,506595,MXN,H,Pago
100,000050000050,000009,20221113,20241109,1181075,MXN,H,Deposito
100,000050000050,000010,20240410,20200904,4376742,MXN,S,Pago
100,000050000050,000011,20200621,20230416,4399874,MXN,H,Comision
100,000050000050,000012,20230718,20201117,421779,MXN,S,Retiro
100,000050000051,000001,20231220,20231005,1743988,MXN,S,Pago
100,000050000051,000002,20230927,20211014,1839354,MXN,H,Transferencia
100,000050000051,000003,20230406,20230323,1869635,MXN,S,Transferencia
100,000050000051,000004,20210217,20200801,2033261,MXN,S,Retiro
100,000050000051,000005,20211203,20210725,155189,MXN,H,Comision
100,000050000051,000006,20230815,20210923,329128,MXN,H,Deposito
100,000050000051,000007,20200715,20220322,3609406,MXN,H,Deposito
100,000050000051,000008,20200820,20240615,977347,MXN,H,Transferencia
100,000050000051,000009,20230407,20210409,1425427,MXN,H,Pago
100,000050000052,000001,20200324,20200713,1579082,MXN,H,Deposito
100,000050000052,000002,20211208,20200527,4945898,MXN,S,Transferencia
100,000050000052,000003,20241109,20200104,1724936,MXN,H,Pago
100,000050000052,000004,20241113,20240830,1657544,MXN,S,Comision
100,000050000052,000005,20220702,20230831,877484,MXN,S,Transferencia
100,000050000053,000001,20211205,20230624,2706218,CLP,S,Retiro
100,000050000053,000002,20220907,20240801,4852166,CLP,H,Deposito
100,000050000053,000003,20220226,20220208,4453661,CLP,H,Deposito
100,000050000053,000004,20220423,20210614,648394,CLP,H,Deposito
100,000050000053,000005,20210328,20200328,3198020,CLP,H,Deposito
100,000050000053,000006,20211217,20230906,135470,CLP,S,Retiro
100,000050000053,000007,20240612,20231109,4773114,CLP,H,Pago
100,000050000053,000008,20220302,20200615,4424388,CLP,S,Deposito
100,000050000053,000009,20230508,20221225,1146320,CLP,S,Comision
100,000050000053,000010,20231117,20230915,3703758,CLP,H,Pago
100,000050000053,000011,20200202,20210213,911350,CLP,H,Retiro
100,000050000053,000012,20220109,20230427,4107941,CLP,H,Comision
100,000050000053,000013,20240926,20210908,2263814,CLP,S,Transferencia
100,000050000054,000001,20200906,20211109,1535032,USD,H,Transferencia
100,000050000054,000002,20210609,20200522,704456,USD,S,Deposito
100,000050000054,000003,20241114,20210821,4836088,USD,H,Deposito
100,000050000054,000004,20241104,20241024,2224338,USD,S,Retiro
100,000099000630,000005,20230922,20240327,4309224,USD,S,Transferencia
100,000050000054,000006,20220728,20200827,4304949,USD,H,Pago
100,000050000054,000007,20210626,20220104,1787327,USD,S,Deposito
100,000050000054,000008,20221019,20220206,1059532,USD,H,Transferencia
100,000050000054,000009,20211003,20220808,2937182,USD,H,Deposito
100,000050000054,000010,20240727,20210630,1421933,USD,H,Transferencia
100,000050000054,000011,20220929,20231229,981917,USD,H,Transferencia
100,000050000055,000001,20201014,20230913,2773377,MXN,S,Retiro
100,000050000055,000002,20211202,20211002,3924885,MXN,H,Retiro
100,000050000055,000003,20240920,20211212,2311882,MXN,H,Transferencia
100,000050000055,000004,20240215,20230810,2030431,MXN,H,Pago
100,000050000055,000005,20230502,20230626,2259066,MXN,H,Deposito
100,000050000055,000006,20210403,20220804,4263035,MXN,S,Pago
100,000050000055,000007,20200527,20210803,1245905,MXN,S,Comision
100,000050000055,000008,20200128,20200123,4202346,MXN,S,Transferencia
100,000050000055,000009,20210126,20200712,1087777,MXN,H,Comision
100,000050000055,000010,20221025,20200425,1623886,MXN,H,Deposito
100,000050000055,000011,20220430,20210123,4699407,MXN,S,Comision
100,000050000055,000012,20210819,20240222,3008273,MXN,H,Comision
100,000050000055,000013,20231001,20240827,3930237,MXN,S,Retiro
100,000050000056,000001,20231015,20201213,2335126,MXN,H,Pago
100,000050000056,000002,20200829,20220816,2769774,MXN,S,Transferencia
100,000050000056,000003,20220703,20210204,3052571,MXN,H,Comision
100,000050000056,000004,20211108,20240513,2032416,MXN,S,Deposito
100,000050000056,000005,20211203,20241015,4137692,MXN,H,Deposito
100,000050000056,000006,20230718,20240615,4930158,MXN,S,Transferencia
100,000050000056,000007,20220413,20210101,3934685,MXN,H,Deposito
100,000050000056,000008,20241129,20240405,4051960,MXN,S,Deposito
100,000050000056,000009,20220309,20211227,868202,MXN,H,Retiro
100,000050000056,000010,20240626,20200925,4031749,MXN,H,Deposito
100,000050000056,000011,20200510,20221211,1216450,MXN,H,Comision
100,000050000056,000012,20210708,20220206,2730048,MXN,H,Deposito
100,000050000056,000013,20240218,20231205,1758301,MXN,S,Pago
100,000050000056,000014,20210502,20200123,703624,MXN,H,Retiro
100,000050000056,000015,20230916,20210707,634507,MXN,S,Transferencia
100,000050000057,000001,20210224,20200831,3698709,MXN,S,Pago
100,000050000057,000002,20200710,20240826,4836147,MXN,H,Deposito
100,000050000057,000003,20221015,20210213,1864306,MXN,H,Comision
100,000050000057,000004,20240824,20200623,1293129,MXN,S,Pago
100,000050000057,000005,20210406,20210129,1520266,MXN,H,Comision
100,000050000057,000006,20210907,20200615,2619461,MXN,H,Comision
100,000050000058,000001,20200915,20220324,1206752,USD,H,Retiro
100,000050000058,000002,20230207,20230830,4517579,USD,S,Deposito
100,000050000058,000003,20230326,20220717,3533800,USD,S,Comision
100,000050000058,000004,20201111,20220413,997375,USD,H,Transferencia
100,000050000058,000005,20220106,20230206,1346830,USD,H,Retiro
100,000050000058,000006,20200622,20201127,3630377,USD,S,Pago
100,000050000058,000007,20210720,20220529,4914414,USD,S,Retiro
100,000050000058,000008,20210820,20210719,2344702,USD,S,Transferencia
100,000050000058,000009,20231227,20241012,3182093,USD,S,Transferencia
100,000050000059,000001,20211102,20210429,105669,USD,H,Transferencia
100,000050000059,000002,20221107,20230717,3069412,USD,S,Comision
100,000050000059,000003,20231126,20240211,1697549,USD,S,Transferencia
100,000050000059,000004,20240429,20220522,93224,USD,S,Transferencia
100,000050000059,000005,20240225,20240428,2345300,USD,H,Deposito
100,000050000059,000006,20200407,20201104,4329848,USD,H,Comision
100,000050000059,000007,20230124,20231006,4146129,USD,H,Deposito
100,000050000060,000001,20210120,20240430,751739,MXN,H,Retiro
100,000050000060,000002,20240726,20201228,4527985,MXN,H,Comision
100,000050000060,000003,20201214,20241122,79600,MXN,H,Transferencia
100,000050000060,000004,20230724,20220325,1452322,MXN,H,Transferencia
100,000050000060,000005,20210906,20230418,1608357,MXN,S,Retiro
100,000050000060,000006,20221122,20210923,2339197,MXN,H,Pago
100,000050000060,000007,20210929,20221010,4080334,MXN,H,Retiro
100,000050000060,000008,20230330,20240312,3348312,MXN,S,Pago
100,000050000060,000009,20210821,20240430,3461400,MXN,S,Transferencia
100,000050000060,000010,20240330,20241023,3694583,MXN,S,Comision
100,000050000060,000011,20230904,20211129,1355913,MXN,S,Transferencia
100,000050000060,000012,20220829,20210316,3228070,MXN,H,Comision
100,000050000060,000013,20201112,20230818,3401336,MXN,H,Deposito
100,000050000060,000014,20240919,20210905,858006,MXN,H,Transferencia
100,000050000060,000015,20200611,20210725,1781670,MXN,H,Deposito
100,000050000060,000016,20230627,20200615,2669774,MXN,H,Pago
100,000050000060,000017,20200506,20230524,1358106,MXN,H,Retiro
100,000050000060,000018,20231217,20201103,2149083,MXN,S,Pago
100,000050000060,000019,20240111,20221011,1034255,MXN,H,Deposito
100,000050000060,000020,20201003,20210826,2904789,MXN,S,Retiro
100,000050000061,000001,20221223,20210923,2547223,MXN,S,Comision
100,000050000061,000002,20240924,20210417,1945062,MXN,H,Transferencia
100,000050000061,000003,20210926,20230624,4204830,MXN,S,Pago
100,000050000061,000004,20220325,20221227,3827429,MXN,H,Comision
100,000050000061,000005,20241020,20220324,156674,MXN,S,Deposito
100,000050000061,000006,20221114,20230704,2367937,MXN,H,Retiro
100,000050000061,000007,20240619,20240304,1056145,MXN,S,Transferencia
100,000050000061,000008,20200830,20220316,51536,MXN,H,Retiro
100,000050000062,000001,20210407,20231013,2000816,MXN,H,Deposito
100,000050000062,000002,20200718,20210218,333069,MXN,S,Pago
100,000050000062,000003,20220401,20220529,4654533,MXN,H,Comision
100,000050000062,000004,20210702,20240202,2481340,MXN,S,Deposito
100,000050000062,000005,20200630,20210301,2371904,MXN,S,Comision
100,000050000062,000006,20220222,20220324,4301894,MXN,S,Pago
100,000050000062,000007,20241105,20210520,3128996,MXN,H,Pago
100,000050000062,000008,20240324,20230527,4262887,MXN,S,Comision
100,000050000062,000009,20220505,20200110,4217125,MXN,H,Pago
100,000050000062,000010,20201215,20241109,1070097,MXN,S,Retiro
100,000050000062,000011,20240206,20230423,1644444,MXN,H,Pago
100,000050000063,000001,20230424,20240415,3445675,MXN,S,Retiro
100,000050000063,000002,20240220,20230607,2465494,MXN,S,Retiro
100,000050000063,000003,20201229,20230831,1067326,MXN,H,Retiro
100,000050000063,000004,20221009,20211115,1647737,MXN,H,Retiro
100,000050000063,000005,20201128,20210406,1848626,MXN,H,Retiro
100,000050000063,000006,20221114,20230423,1924528,MXN,H,Transferencia
100,000050000063,000007,20221225,20230116,1491265,MXN,H,Pago
100,000050000063,000008,20220926,20200919,2279870,MXN,S,Retiro
100,000050000063,000009,20221116,20230517,4401633,MXN,H,Comision
100,000050000063,000010,20230801,20211118,4299299,MXN,S,Retiro
100,000050000063,000011,20220411,20240707,1335912,MXN,S,Deposito
100,000050000063,000012,20230930,20230414,3371078,MXN,H,Pago
100,000050000063,000013,20201107,20241030,857813,MXN,H,Retiro
100,000050000064,000001,20200303,20201220,4767206,USD,H,Pago
100,50000064,000002,20240926,20220702,4711227,USD,H,Comision
100,000050000064,000003,20210915,20200801,2164862,USD,S,Retiro
100,000050000064,000004,20210930,20230824,2438516,USD,H,Deposito
100,000050000064,000005,20220223,20240126,4553716,USD,S,Retiro
100,000050000064,000006,20240628,20200107,410417,USD,S,Transferencia
100,000050000064,000007,20240805,20211216,1369746,USD,S,Deposito
100,000050000064,000008,20230110,20240523,943942,USD,H,Retiro
100,000050000064,000009,20240309,20210115,1697514,USD,H,Transferencia
100,000050000064,000010,20230726,20201107,2313068,USD,H,Comision
100,000050000064,000011,20220930,20230703,1522745,USD,H,Deposito
100,000050000064,000012,20231003,20220701,4389897,USD,H,Transferencia
100,000050000064,000013,20240131,20230921,1747103,USD,H,Pago
100,000050000064,000014,20230730,20200304,4256604,USD,H,Pago
100,000050000065,000001,20240526,20240106,1949966,MXN,S,Deposito
100,000050000065,000002,20220320,20211207,1025709,MXN,S,Deposito
100,000050000065,000003,20210621,20211015,2454365,MXN,H,Pago
100,000050000065,000004,20201210,20200711,1740758,MXN,S,Retiro
100,000050000066,000001,20200901,20241011,794526,USD,H,Pago
100,000050000066,000002,20240831,20231221,1599117,USD,S,Deposito
100,000050000066,000003,20240208,20220203,3233714,USD,H,Retiro
100,000050000066,000004,20241103,20240323,3837748,USD,S,Comision
100,000050000066,000005,20220611,20200802,4583013,USD,H,Deposito
100,000050000066,000006,20200109,20240607,3986995,USD,S,Retiro
100,000050000066,000007,20210903,20220926,1410849,USD,S,Deposito
100,000050000066,000008,20200119,20240120,1734915,USD,S,Pago
100,000050000066,000009,20231203,20210205,1053811,USD,H,Deposito
100,000050000066,000010,20200530,20220829,4507480,USD,H,Retiro
100,000050000066,000011,20230323,20231014,881792,USD,H,Retiro
100,000050000066,000012,20201218,20221008,2175319,USD,H,Pago
100,000050000066,000013,20240728,20210825,4525568,USD,S,Pago
100,000050000066,000014,20230228,20241016,1533649,USD,S,Deposito
100,000050000066,000015,20210206,20210929,1609668,USD,H,Deposito
100,000050000066,000016,20240509,20230202,1141582,USD,S,Comision
100,000050000066,000017,20240403,20201204,3373524,USD,S,Retiro
100,000050000067,000001,20210412,20220502,4433556,MXN,S,Pago
100,000050000067,000002,20230912,20210302,1856777,MXN,S,Pago
100,000050000067,000003,20241020,20230216,1557627,MXN,S,Retiro
100,000050000067,000004,20201113,20200427,3088921,MXN,H,Retiro
100,000050000067,000005,20221119,20200823,4422136,MXN,S,Deposito
100,000050000067,000006,20240712,20220801,1236665,MXN,S,Transferencia
100,000050000067,000007,20211012,20200127,2749374,MXN,S,Deposito
100,000050000067,000008,20210406,20210423,455453,MXN,H,Retiro
100,000050000067,000009,20230516,20230814,1687569,MXN,H,Retiro
100,000050000067,000010,20230210,20230930,2006922,MXN,S,Comision
100,000050000067,000011,20230507,20240427,1684786,MXN,S,Comision
100,000050000067,000012,20210811,20200522,4212529,MXN,S,Retiro
100,000050000067,000013,20200319,20230117,1825044,MXN,S,Retiro
100,000050000067,000014,20220810,20211104,4522382,MXN,S,Deposito
100,000050000067,000015,20240115,20200413,2393945,MXN,H,Pago
100,000050000067,000016,20220503,20220614,1128368,MXN,S,Transferencia
100,000050000067,000017,20210422,20240606,870158,MXN,H,Comision
100,000050000067,000018,20220522,20240408,1154898,MXN,S,Transferencia
100,000050000067,000019,20220307,20200303,4615307,MXN,H,Comision
100,000050000068,000001,20231130,20210520,2787046,MXN,H,Comision
100,000050000068,000002,20230330,20231010,790806,MXN,S,Transferencia
100,000050000068,000003,20201120,20241123,3847279,MXN,H,Retiro
100,000050000068,000004,20240714,20200424,1249726,MXN,S,Comision
100,000050000068,000005,20210622,20220911,4815014,MXN,S,Comision
100,000050000068,000006,20201226,20210424,4137705,MXN,H,Transferencia
100,000050000068,000007,20221113,20230224,4321630,MXN,H,Pago
100,000050000068,000008,20241008,20230507,2752823,MXN,H,Retiro
100,000050000068,000009,20220730,20210419,3158028,MXN,H,Retiro
100,000050000068,000010,20200914,20240912,299490,MXN,S,Transferencia
100,000050000068,000011,20240531,20220702,4996253,MXN,S,Deposito
100,000050000069,000001,20240415,20211024,593708,CLP,S,Transferencia
100,000050000069,000002,20220109,20200508,300910,CLP,H,Transferencia
100,000050000069,000003,20211027,20230119,2968535,CLP,S,Comision
100,000050000069,000004,20200818,20220428,1021686,CLP,H,Pago
100,000050000069,000005,20210721,20200604,2080077,CLP,H,Retiro
100,000050000069,000006,20210824,20240925,4479646,CLP,S,Retiro
100,000050000069,000007,20200203,20200816,1004797,CLP,H,Deposito
100,000050000069,000008,20220825,20200606,4003352,CLP,H,Deposito
100,000050000069,000009,20200214,20210130,4487775,CLP,H,Deposito
100,000050000069,000010,20240221,20230807,3593746,CLP,S,Deposito
100,000050000069,000011,20200608,20210303,2170019,CLP,H,Pago
100,000050000069,000012,20201123,20230102,4019755,CLP,H,Transferencia
100,000050000069,000013,20210703,20230511,1656234,CLP,S,Pago
100,000050000069,000014,20240908,20240724,4502899,CLP,H,Deposito
100,000050000069,000015,20200825,20240731,2266061,CLP,H,Comision
100,000050000069,000016,20210627,20200315,4998202,CLP,S,Deposito
100,000050000070,000001,20220312,20200612,1612305,MXN,H,Comision
100,000050000070,000002,20240808,20211229,564476,MXN,H,Pago
100,000050000070,000003,20211109,20221014,581339,MXN,H,Deposito
100,000050000070,000004,20220226,20240823,4499335,MXN,H,Pago
100,000050000070,000005,20220327,20241126,3032317,MXN,H,Comision
100,000050000070,000006,20240523,20240622,4854313,MXN,S,Transferencia
100,000050000070,000007,20221017,20221007,503092,MXN,H,Retiro
100,000050000070,000008,20230526,20221219,4477920,MXN,S,Pago
100,000050000070,000009,20211225,20201028,2462097,MXN,S,Pago
100,000050000070,000010,20210513,20211230,537089,MXN,S,Deposito
100,000050000070,000011,20210511,20210412,1734604,MXN,H,Deposito
100,000050000071,000001,20211112,20220821,1635413,CLP,H,Comision
100,000050000071,000002,20220829,20200131,2774215,CLP,S,Deposito
100,000050000071,000003,20221207,20200822,4240621,CLP,H,Retiro
100,000050000071,000004,20230819,20240218,466515,CLP,S,Comision
100,000050000071,000005,20210418,20200319,4289200,CLP,H,Pago
100,000050000071,000006,20210416,20240125,2909306,CLP,S,Comision
100,000050000071,000007,20230922,20240616,4301980,CLP,S,Retiro
100,000050000071,000008,20210603,20220708,2907894,CLP,S,Deposito
100,000050000072,000001,20231109,20230829,2892984,MXN,H,Pago
100,000050000072,000002,20240312,20210606,162882,MXN,H,Retiro
100,000050000072,000003,20200305,20200923,417374,MXN,S,Transferencia
100,000050000072,000004,20221004,20240715,1509047,MXN,S,Retiro
100,000050000072,000005,20200323,20200916,3732388,MXN,S,Pago
100,000050000072,000006,20230309,20220512,4392507,MXN,S,Transferencia
100,000050000072,000007,20220125,20230604,3552802,MXN,H,Comision
100,000050000072,000008,20200724,20220429,384498,MXN,H,Comision
100,000050000072,000009,20230811,20241002,3019873,MXN,H,Deposito
100,000050000072,000010,20211024,20241012,3917019,MXN,H,Retiro
100,000050000072,000011,20200428,20231101,1986412,MXN,H,Transferencia
100,000050000073,000001,20201002,20200522,3032482,MXN,H,Transferencia
100,000050000073,000002,20230804,20200615,4310330,MXN,H,Deposito
100,000050000073,000003,20240424,20231007,634981,MXN,H,Comision
100,000050000073,000004,20200403,20220713,1532214,MXN,H,Transferencia
100,000050000073,000005,20210619,20221222,3311487,MXN,H,Deposito
100,000050000073,000006,20240312,20240128,3824244,MXN,H,Deposito
100,000050000073,000007,20210514,20201119,2646379,MXN,H,Retiro
100,000050000073,000008,20241103,20230627,2160590,MXN,H,Transferencia
100,000050000073,000009,20210625,20200212,2952554,MXN,S,Deposito
100,000050000074,000001,20230619,20231030,2473720,MXN,H,Deposito
100,000050000074,000002,20210711,20211031,3907965,MXN,H,Retiro
100,000050000074,000003,20240105,20230816,1863048,MXN,H,Deposito
100,000050000074,000004,20241022,20221228,106931,MXN,H,Deposito
100,000050000074,000005,20220630,20211024,1710488,MXN,S,Transferencia
100,000050000074,000006,20200409,20200904,1985569,MXN,S,Retiro
100,000050000074,000007,20240717,20200918,3463116,MXN,H,Transferencia
100,000050000074,000008,20210116,20200925,2304951,MXN,S,Retiro
100,000050000074,000009,20220930,20231214,4114266,MXN,H,Deposito
100,000050000074,000010,20230504,20220721,389046,MXN,S,Transferencia
100,000050000074,000011,20210525,20220628,3913714,MXN,H,Comision
100,000050000074,000012,20231118,20200330,2875728,MXN,S,Retiro
100,000050000075,000001,20210810,20210517,3890198,USD,S,Transferencia
100,000050000075,000002,20220910,20220121,2894004,USD,S,Retiro
100,000050000075,000003,20240201,20211209,3806232,USD,S,Retiro
100,000050000075,000004,20200310,20211212,1156349,USD,S,Deposito
100,000050000075,000005,20240602,20200703,437403,USD,H,Retiro
100,000050000075,000006,20230209,20210617,464598,USD,S,Pago
100,000050000075,000007,20221011,20240417,656111,USD,H,Comision
100,000050000075,000008,20210816,20200624,1355962,USD,S,Comision
100,000050000075,000009,20220320,20200416,4726044,USD,S,Deposito
100,000050000075,000010,20231128,20230619,187914,USD,S,Transferencia
100,000050000075,000011,20210220,20240315,4922559,USD,H,Deposito
100,000050000075,000012,20211105,20200824,1032483,USD,S,Deposito
100,000050000075,000013,20211021,20231117,1287826,USD,S,Deposito
100,000050000075,000014,20210205,20210101,2094146,USD,H,Retiro
100,000050000075,000015,20240229,20241114,2552459,USD,S,Pago
100,000050000076,000001,20210511,20200212,4773583,MXN,S,Pago
100,000050000076,000002,20220518,20221229,3479259,MXN,H,Transferencia
100,000050000076,000003,20210331,20230904,2499998,MXN,S,Comision
100,000050000076,000004,20240403,20240525,953764,MXN,H,Comision
100,000050000076,000005,20210410,20220130,2404328,MXN,S,Retiro
100,000050000076,000006,20240222,20241201,4594984,MXN,H,Transferencia
100,000050000076,000007,20200826,20211121,4181329,MXN,H,Pago
100,000050000076,000008,20240524,20240829,768157,MXN,H,Transferencia
100,000050000076,000009,20200831,20230301,2022410,MXN,S,Transferencia
100,000050000076,000010,20221024,20210724,4234307,MXN,S,Pago
100,000050000076,000011,20220711,20240223,163176,MXN,H,Deposito
100,000050000077,000001,20220710,20220301,2751218,JPY,H,Deposito
100,000050000077,000002,20241028,20211204,3393348,JPY,S,Comision
100,000050000077,000003,20221106,20240217,698426,JPY,H,Transferencia
100,000050000077,000004,20220529,20221123,365231,JPY,H,Retiro
100,000050000077,000005,20221231,20220829,1726119,JPY,H,Comision
100,000050000077,000006,20240305,20211025,1098099,JPY,H,Transferencia
100,000050000077,000007,20240630,20220226,1436418,JPY,H,Transferencia
100,000050000077,000008,20220612,20200908,904536,JPY,S,Comision
100,000050000077,000009,20200828,20211021,1967409,JPY,H,Deposito
100,000050000077,000010,20200401,20210124,947779,JPY,S,Transferencia
100,000050000077,000011,20220629,20220825,4337296,JPY,S,Retiro
100,000050000077,000012,20200305,20230409,1833619,JPY,S,Retiro
100,000050000077,000013,20210416,20240622,1559434,JPY,H,Pago
100,000050000078,000001,20220306,20201201,526270,MXN,S,Transferencia
100,000050000078,000002,20231118,20220507,2679867,MXN,H,Deposito
100,000050000078,000003,20230316,20240727,3175901,MXN,S,Comision
100,000050000078,000004,20240828,20240627,1944952,MXN,H,Transferencia
100,000050000078,000005,20230604,20240224,3011139,MXN,S,Transferencia
100,000050000078,000006,20230224,20210623,1620872,MXN,H,Pago
100,000050000079,000001,20200520,20240218,3218653,MXN,S,Pago
100,000050000079,000002,20240110,20220131,2572295,MXN,H,Comision
100,000050000079,000003,20200108,20230314,4634803,MXN,H,Pago
100,000050000079,000004,20200921,20240929,3012601,MXN,S,Deposito
100,000050000079,000005,20221101,20211029,695879,MXN,H,Comision
100,000050000079,000006,20230728,20220514,2925845,MXN,S,Pago
100,000050000079,000007,20241126,20200615,902295,MXN,S,Retiro
100,000050000079,000008,20201011,20221205,2457882,MXN,S,Comision
100,000050000079,000009,20210324,20200328,818256,MXN,H,Comision
100,000050000079,000010,20220218,20220813,1071317,MXN,H,Pago
100,000050000079,000011,20240109,20231010,762631,MXN,H,Comision
100,000050000080,000001,20220126,20230712,3566531,JPY,S,Comision
100,000050000080,000002,20210503,20220101,2649250,JPY,H,Deposito
100,000050000080,000003,20220624,20200506,3057610,JPY,H,Retiro
100,000050000080,000004,20240829,20240829,4564939,JPY,H,Transferencia
100,000050000080,000005,20230531,20240620,2600443,JPY,H,Comision
100,000050000080,000006,20201105,20210305,1691221,JPY,H,Retiro
100,000050000081,000001,20220321,20220117,416882,MXN,H,Comision
100,000050000081,000002,20221009,20240810,2465437,MXN,S,Transferencia
100,000050000081,000003,20210721,20200716,550011,MXN,H,Pago
100,000050000081,000004,20210525,20240916,2780868,MXN,H,Transferencia
100,000050000081,000005,20200701,20210201,1338921,MXN,H,Retiro
100,000050000081,000006,20231005,20211123,4803268,MXN,S,Retiro
100,000050000081,000007,20240905,20240306,4970810,MXN,S,Pago
100,000050000081,000008,20231019,20240802,1797913,MXN,H,Pago
100,000050000081,000009,20220717,20220419,312011,MXN,S,Comision
100,000050000081,000010,20230907,20200609,681725,MXN,H,Retiro
100,000050000081,000011,20230718,20240821,610892,MXN,S,Pago
100,000050000082,000001,20230403,20210719,3606575,MXN,H,Retiro
100,000050000082,000002,20200923,20240807,1991304,MXN,H,Retiro
100,000050000082,000003,20201201,20201102,2318749,MXN,S,Retiro
100,000050000082,000004,20200407,20210205,2299364,MXN,H,Comision
100,000050000082,000005,20200817,20220627,4728769,MXN,S,Transferencia
100,000099000949,000006,20210113,20240305,2394368,MXN,S,Transferencia
100,000050000082,000007,20221108,20231016,1982426,MXN,H,Retiro
100,000050000082,000008,20220621,20240619,2518613,MXN,S,Comision
100,000050000082,000009,20220326,20230906,2959261,MXN,H,Pago
100,000050000082,000010,20211109,20230429,1238675,MXN,S,Comision
100,000050000082,000011,20211216,20220215,1562740,MXN,S,Deposito
100,000050000082,000012,20230822,20200714,2705604,MXN,H,Pago
100,000050000082,000013,20210406,20210317,1293183,MXN,H,Deposito
100,000050000082,000014,20240225,20230221,2113054,MXN,H,Pago
100,000050000083,000001,20210602,20200929,2856053,USD,S,Retiro
100,000050000083,000002,20220727,20220716,164761,USD,S,Retiro
100,000050000083,000003,20200306,20200124,542974,USD,H,Pago
100,000050000083,000004,20240406,20210608,2173503,USD,H,Comision
100,000050000083,000005,20220731,20231130,4660369,USD,H,Retiro
100,000050000083,000006,20220409,20230410,4561014,USD,H,Deposito
100,000050000083,000007,20200425,20230803,851428,USD,S,Comision
100,000050000084,000001,20220326,20210107,4267543,MXN,S,Deposito
100,000050000084,000002,20240404,20240818,4050829,MXN,S,Comision
100,000050000084,000003,20240103,20231010,2636030,MXN,H,Pago
100,000050000084,000004,20221024,20220909,2690186,MXN,H,Deposito
100,000050000084,000005,20240316,20230304,,MXN,S,Deposito
100,000050000084,000006,20200606,20210130,19676,MXN,H,Transferencia
100,000050000084,000007,20220418,20210924,3824947,MXN,S,Pago
100,000050000084,000008,20240407,20221118,308229,MXN,S,Retiro
100,000050000084,000009,20240211,20220428,2396270,MXN,S,Retiro
100,000050000084,000010,20221008,20240503,3699407,MXN,S,Deposito
100,000050000084,000011,20221122,20230204,374716,MXN,S,Comision
100,000050000084,000012,20221107,20221020,1093742,MXN,H,Comision
100,000050000084,000013,20210823,20210403,3108683,MXN,H,Pago
100,000050000084,000014,20220616,20210618,725017,MXN,S,Pago
100,000050000084,000015,20240810,20210414,3459547,MXN,S,Comision
100,000050000085,000001,20220219,20240101,3035289,JPY,S,Transferencia
100,000050000085,000002,20200316,20220418,2406874,JPY,S,Transferencia
100,000050000085,000003,20210722,20210128,1274428,JPY,S,Retiro
100,000050000085,000004,20230519,20240430,1884013,JPY,H,Comision
100,000050000085,000005,20231019,20220220,970190,JPY,S,Transferencia
100,000050000085,000006,20240604,20200225,4644824,JPY,H,Retiro
100,000050000085,000007,20230322,20221111,148089,JPY,H,Transferencia
100,000050000085,000008,20240916,20240608,746792,JPY,H,Pago
100,000050000085,000009,20200621,20240723,1593747,JPY,H,Comision
100,000050000085,000010,20220926,20240226,2551513,JPY,H,Deposito
100,000050000085,000011,20200407,20210610,3169398,JPY,S,Transferencia
100,000050000085,000012,20210309,20241005,4176949,JPY,H,Deposito
100,000050000086,000001,20230710,20200425,937045,MXN,H,Deposito
100,000050000086,000002,20221108,20230121,2032833,MXN,S,Deposito
100,000050000086,000003,20220617,20211021,2418229,MXN,H,Pago
100,000050000086,000004,20240317,20220419,4734485,MXN,S,Deposito
100,000050000086,000005,20220309,20230318,4638312,MXN,S,Transferencia
100,000050000086,000006,20210907,20201002,4246307,MXN,H,Retiro
100,000050000086,000007,20240704,20230128,747513,MXN,H,Pago
100,000050000087,000001,20240430,20231108,975623,MXN,S,Deposito
100,000050000087,000002,20210123,20210509,3115951,MXN,S,Deposito
100,000050000087,000003,20200808,20240702,609056,MXN,H,Pago
100,000050000087,000004,20220528,20200130,2210885,MXN,S,Comision
100,000050000087,000005,20240316,20200126,311271,MXN,S,Comision
100,000050000087,000006,20211007,20240627,4988771,MXN,S,Transferencia
100,000050000087,000007,20240418,20220816,3141633,MXN,S,Pago
100,000050000087,000008,20240612,20240602,3509712,MXN,H,Retiro
100,000050000087,000009,20211121,20240220,855046,MXN,H,Deposito
100,000050000087,000010,20230429,20210205,3342399,MXN,S,Retiro
100,000050000087,000011,20210816,20240617,1774093,MXN,H,Deposito
100,000050000087,000012,20220130,20241119,1626932,MXN,H,Comision
100,000050000088,000001,20231103,20240712,1159225,USD,S,Transferencia
100,000050000088,000002,20210909,20201109,4533678,USD,H,Pago
100,000050000088,000003,20221031,20240501,1144594,USD,H,Comision
100,000050000088,000004,20230926,20200416,1639520,USD,S,Comision
100,000050000088,000005,20210507,20230824,3478771,USD,H,Pago
100,000050000088,000006,20220102,20240101,3267565,USD,S,Deposito
100,000050000088,000007,20210316,20211126,443032,USD,H,Retiro
100,000050000088,000008,20221021,20231121,1885022,USD,S,Retiro
100,000050000088,000009,20221014,20210615,529747,USD,S,Deposito
100,000050000088,000010,20210902,20240627,243055,USD,S,Retiro
100,000050000088,000011,20200714,20231204,4354885,USD,H,Pago
100,000050000088,000012,20240707,20241025,1996061,USD,H,Retiro
100,000050000088,000013,20220816,20201228,2284575,USD,S,Deposito
100,000050000088,000014,20210129,20231009,1346013,USD,S,Pago
100,000050000089,000001,20230611,20201206,2022116,CLP,S,Retiro
100,000050000089,000002,20200420,20221111,594709,CLP,H,Retiro
100,000050000089,000003,20221201,20220113,4700596,CLP,S,Pago
100,000050000089,000004,20230707,20221221,4275987,CLP,H,Pago
100,000050000089,000005,20200302,20241014,310517,CLP,S,Pago
100,000050000089,000006,20240423,20241005,3404998,CLP,H,Comision
100,000050000089,000007,20210618,20210403,3116011,CLP,S,Retiro
100,000050000089,000008,20201105,20220311,2340717,CLP,H,Transferencia
100,000050000089,000009,20201122,20241003,3476118,CLP,S,Deposito
100,000050000089,000010,20200713,20210312,3614785,CLP,S,Transferencia
100,000050000089,000011,20241127,20240813,2916329,CLP,H,Deposito
100,000050000089,000012,20210830,20230411,557579,CLP,H,Deposito
100,000050000089,000013,20201104,20200612,3289596,CLP,S,Deposito
100,50000089,000014,20200920,20210515,833162,CLP,H,Deposito
100,000050000089,000015,20240528,20210530,1942149,CLP,S,Transferencia
100,000050000090,000001,20231006,20220514,301550,USD,S,Transferencia
100,000050000090,000002,20220919,20240109,231452,USD,S,Transferencia
100,000050000090,000003,20221007,20240312,3500272,USD,H,Transferencia
100,000050000090,000004,20220731,20200706,762594,USD,H,Deposito
100,000050000090,000005,20210705,20211128,23833,USD,H,Comision
100,000050000090,000006,20240206,20240406,4638446,USD,S,Comision
100,000050000090,000007,20201107,20210106,3954545,USD,S,Deposito
100,000050000090,000008,20231021,20221014,2525131,USD,S,Pago
100,000050000090,000009,20220530,20240717,3959319,USD,H,Deposito
100,000050000090,000010,20241022,20230126,1121693,USD,H,Comision
100,000050000090,000011,20200108,20201008,4429593,USD,H,Deposito
100,000050000090,000012,20241019,20220424,4316341,USD,H,Retiro
100,000050000090,000013,20231227,20200625,776695,USD,H,Comision
100,000050000090,000014,20221201,20210902,1342949,USD,S,Comision
100,000050000090,000015,20220405,20210315,62570,USD,S,Pago
100,000050000090,000016,20220327,20211029,3115592,USD,S,Comision
100,000050000091,000001,20241130,20240604,719892,JPY,S,Pago
100,000050000091,000002,20210405,20241119,3044839,JPY,S,Pago
100,000050000091,000003,20241028,20210903,1243657,JPY,H,Comision
100,000050000091,000004,20200302,20231007,4075464,JPY,S,Retiro
100,000050000091,000005,20240905,20220419,1294959,JPY,H,Transferencia
100,000050000091,000006,20230312,20200112,1313183,JPY,H,Comision
100,000050000091,000007,20241205,20241108,2362802,JPY,S,Deposito
100,000050000091,000008,20230901,20240821,1169365,JPY,H,Retiro
100,000050000091,000009,20210817,20211217,2894631,JPY,H,Deposito
100,000050000091,000010,20220213,20200501,4373818,JPY,H,Pago
100,000050000091,000011,20240805,20210528,4680872,JPY,S,Retiro
100,000050000092,000001,20230806,20230718,177339,MXN,H,Deposito
100,000050000092,000002,20240625,20240323,66864,MXN,S,Pago
100,000050000092,000003,20221130,20230624,335179,MXN,H,Comision
100,000050000092,000004,20201030,20210101,1253130,MXN,H,Comision
100,50000092,000005,20240211,20241007,2757363,MXN,H,Transferencia
100,000050000092,000006,20231117,20200822,4571915,MXN,H,Pago
100,000050000092,000007,20230923,20231114,2796568,MXN,H,Pago
100,000050000092,000008,20240507,20220413,918899,MXN,H,Transferencia
100,000050000092,000009,20230722,20200226,3053518,MXN,S,Deposito
100,000050000092,000010,20240617,20211107,4136374,MXN,H,Transferencia
100,000050000092,000011,20240105,20200919,2759771,MXN,S,Comision
100,000050000092,000012,20230729,20210414,3795690,MXN,S,Comision
100,000050000092,000013,20230129,20231203,538198,MXN,S,Transferencia
100,000050000092,000014,20240117,20240801,4311359,MXN,S,Deposito
100,000050000092,000015,20230407,20240712,3251783,MXN,H,Comision
100,000050000092,000016,20230728,20230813,2805038,MXN,S,Deposito
100,000050000092,000017,20211118,20200620,3372726,MXN,S,Pago
100,000050000093,000001,20220315,20201204,12342,CLP,S,Comision
100,000050000093,000002,20201112,20240501,3499171,CLP,S,Transferencia
100,000050000093,000003,20240210,20240318,1501599,CLP,S,Retiro
100,000050000093,000004,20230731,20230813,208197,CLP,S,Retiro
100,000050000093,000005,20230723,20220627,4379075,CLP,S,Deposito
100,000050000093,000006,20230704,20200913,3152577,CLP,S,Pago
100,000050000093,000007,20210726,20210927,987496,CLP,S,Transferencia
100,000050000093,000008,20210106,20211112,2515430,CLP,H,Retiro
100,000099001092,000009,20210806,20240704,3258929,CLP,S,Retiro
100,000050000093,000010,20220730,20201203,4189391,CLP,S,Retiro
100,000050000094,000001,20220723,20240324,2397297,USD,H,Comision
100,000050000094,000002,20200208,20220519,1608126,USD,S,Pago
100,000050000094,000003,20210131,20230318,1742625,USD,H,Pago
100,000050000094,000004,20220224,20230609,408647,USD,S,Comision
100,000050000094,000005,20201201,20221003,4432739,USD,H,Retiro
100,000050000094,000006,20241111,20200219,3443490,USD,S,Deposito
100,000050000094,000007,20240630,20200620,1880429,USD,S,Deposito
100,000050000094,000008,20211011,20231113,3311722,USD,S,Comision
100,000050000094,000009,20240323,20241118,4596652,USD,S,Retiro
100,000050000094,000010,20200701,20240712,1681883,USD,H,Pago
100,000050000094,000011,20201214,20220609,1453798,USD,S,Deposito
100,000050000094,000012,20240303,20200709,3740762,USD,S,Comision
100,000050000094,000013,20220111,20200514,2931809,USD,S,Retiro
100,000050000095,000001,20231010,20221204,1260518,MXN,H,Transferencia
100,000050000095,000002,20211210,20200926,4082616,MXN,S,Pago
100,000050000095,000003,20220216,20240318,3721800,MXN,S,Deposito
100,000050000095,000004,20241202,20230330,2259451,MXN,H,Transferencia
100,000050000095,000005,20220902,20240708,2323631,MXN,S,Transferencia
100,000050000095,000006,20230715,20231102,4957752,MXN,S,Comision
100,000050000096,000001,20210520,20201222,4868076,USD,S,Retiro
100,000050000096,000002,20210524,20210816,1758862,USD,H,Retiro
100,000050000096,000003,20221127,20201201,4358517,USD,S,Comision
100,000050000096,000004,20210510,20230801,414594,USD,H,Comision
100,000050000096,000005,20220127,20240129,2768096,USD,H,Transferencia
100,000050000096,000006,20200520,20220708,2364790,USD,S,Pago
100,000050000096,000007,20210810,20240317,3374978,USD,S,Comision
100,000050000097,000001,20200805,20210114,1179581,MXN,S,Deposito
100,000050000097,000002,20221121,20200619,4468022,MXN,H,Pago
100,000050000097,000003,20240512,20240318,11634,MXN,S,Deposito
100,000050000097,000004,20201206,20210123,1386145,MXN,H,Deposito
100,000050000097,000005,20241116,20200601,4458521,MXN,S,Transferencia
100,000050000097,000006,20230819,20210708,3900054,MXN,H,Pago
100,000050000097,000007,20210614,20210907,3966955,MXN,S,Transferencia
100,000050000097,000008,20200213,20230711,3513160,MXN,H,Comision
100,000050000097,000009,20240926,20200815,455814,MXN,H,Retiro
100,000050000098,000001,20211004,20220121,453655,MXN,H,Transferencia
100,000050000098,000002,20200620,20220303,4537440,MXN,H,Pago
100,000050000098,000003,20241123,20230929,1854777,MXN,S,Comision
100,000050000098,000004,20210502,20211221,4964615,MXN,S,Comision
100,000050000098,000005,20220730,20220224,2210624,MXN,S,Pago
100,000050000098,000006,20231027,20241129,2553433,MXN,H,Retiro
100,000050000098,000007,20230612,20220629,4923638,MXN,S,Deposito
100,000050000098,000008,20200816,20210504,3669558,MXN,S,Comision
100,000050000098,000009,20240229,20241127,2473625,MXN,S,Transferencia
100,000050000099,000001,20231023,20230624,2225188,USD,S,Comision
100,000050000099,000002,20241107,20200430,3687208,USD,S,Transferencia
100,000050000099,000003,20230301,20220104,590006,USD,S,Retiro
100,000050000099,000004,20220606,20241024,1487855,USD,H,Pago
100,000050000099,000005,20201009,20230530,2312502,USD,S,Transferencia
100,000050000099,000006,20200203,20231028,2522898,USD,S,Transferencia
100,000050000099,000007,20211206,20210923,242262,USD,S,Deposito
100,000050000099,000008,20221022,20210328,3804074,USD,S,Retiro
100,000050000099,000009,20240405,20211202,4476081,USD,S,Deposito
100,000050000099,000010,20231026,20200129,2935319,USD,S,Transferencia
100,000050000099,000011,20240312,20240502,1234475,USD,S,Pago
100,000050000099,000012,20221221,20200529,3506197,USD,H,Transferencia
100,000050000099,000013,20200208,20221216,3284015,USD,S,Retiro
100,000050000099,000014,20240318,20200829,824043,USD,H,Transferencia
100,000050000099,000015,20210905,20240605,4104437,USD,H,Deposito
100,000050000099,000016,20210823,20241116,3170910,USD,S,Deposito
100,000050000099,000017,20220818,20200521,3181327,USD,S,Pago
100,000050000099,000018,20241114,20231227,3683098,USD,H,Transferencia
100,000050000099,000019,20230126,20220227,2343747,USD,S,Deposito
100,000050000099,000020,20241106,20241204,2545193,USD,H,Transferencia
100,000050000100,000001,20230119,20210726,2141454,MXN,S,Deposito
100,000050000100,000002,20220128,20230415,3537266,MXN,S,Comision
100,000050000100,000003,20211202,20241118,1019528,MXN,S,Pago
100,000050000100,000004,20220822,20210206,2451619,MXN,H,Retiro
100,000050000100,000005,20241004,20231206,2705047,MXN,S,Comision
100,000050000100,000006,20240605,20220531,3878536,MXN,S,Pago
100,000050000101,000001,20201205,20220603,960093,USD,H,Pago
100,000050000101,000002,20240222,20201006,2015908,USD,S,Comision
100,000050000101,000003,20230803,20240830,4730955,USD,S,Transferencia
100,000050000101,000004,20210914,20210329,842423,USD,H,Deposito
100,000050000101,000005,20240317,20230823,3000381,USD,H,Retiro
100,000050000102,000001,20230523,20210206,3824444,MXN,H,Pago
100,000050000102,000002,20200614,20231201,382449,MXN,H,Comision
100,000050000102,000003,20210311,20210122,1138309,MXN,S,Deposito
100,000050000102,000004,20231016,20230531,730453,MXN,H,Retiro
100,000050000102,000005,20210125,20211109,3547609,MXN,S,Transferencia
100,000050000102,000006,20200225,20221121,2429194,MXN,S,Deposito
100,000050000102,000007,20231024,20220615,3572010,MXN,H,Retiro
100,000050000102,000008,20211122,20241129,1922217,MXN,H,Transferencia
100,000050000102,000009,20230902,20211206,4423458,MXN,H,Pago
100,000050000103,000001,20221222,20240325,4836811,MXN,H,Deposito
100,000050000103,000002,20240319,20230729,2784610,MXN,H,Comision
100,000050000103,000003,20240601,20210609,3931810,MXN,S,Comision
100,000050000103,000004,20240525,20200409,26724,MXN,S,Transferencia
100,000050000103,000005,20220827,20240407,3147345,MXN,S,Transferencia
100,000050000103,000006,20220128,20231206,3829326,MXN,H,Transferencia
100,000050000103,000007,20220102,20230215,2988216,MXN,S,Transferencia
100,000050000103,000008,20240513,20240410,2584286,MXN,S,Comision
100,000050000103,000009,20210802,20230123,2253212,MXN,H,Deposito
100,000050000103,000010,20230602,20230127,1461884,MXN,H,Pago
100,000050000103,000011,20241105,20221008,156970,MXN,H,Comision
100,000050000103,000012,20230916,20200122,341299,MXN,S,Comision
100,000050000104,000001,20221007,20240504,1116938,MXN,H,Deposito
100,000050000104,000002,20220823,20240416,3568509,MXN,S,Deposito
100,000050000104,000003,20220827,20200309,4301772,MXN,S,Retiro
100,000050000104,000004,20230827,20220418,1259494,MXN,H,Pago
100,000050000104,000005,20200524,20211005,964766,MXN,S,Comision
100,000050000104,000006,20221226,20230504,4776893,MXN,H,Pago
100,000050000104,000007,20230523,20240728,4264679,MXN,H,Deposito
100,000050000104,000008,20211029,20220705,1650973,MXN,H,Deposito
100,000050000104,000009,20220811,20240212,2302773,MXN,S,Pago
100,000050000104,000010,20230722,20210429,3830435,MXN,S,Retiro
100,000050000105,000001,20240522,20240113,4079303,MXN,H,Comision
100,000050000105,000002,20231214,20220125,1304923,MXN,S,Comision
100,000050000105,000003,20231021,20201006,1669692,MXN,H,Pago
100,000050000105,000004,20230721,20220917,17944,MXN,H,Pago
100,000050000105,000005,20201115,20231216,2223848,MXN,H,Retiro
100,000050000105,000006,20220605,20231201,1846721,MXN,H,Pago
100,000050000105,000007,20200425,20240629,1676514,MXN,H,Transferencia
100,000050000106,000001,20240927,20241101,4773099,USD,H,Pago
100,000050000106,000002,20240618,20240821,4482520,USD,S,Deposito
100,000050000106,000003,20211216,20230208,182440,USD,H,Deposito
100,000050000106,000004,20220424,20220308,2991066,USD,H,Pago
100,000050000106,000005,20210525,20230122,532989,USD,H,Comision
100,000050000106,000006,20230327,20230417,1542878,USD,H,Deposito
100,000050000106,000007,20240427,20220115,156031,USD,H,Pago
100,000050000106,000008,20221123,20220805,2692380,USD,S,Comision
100,000050000106,000009,20230209,20220317,3360709,USD,S,Transferencia
100,000050000106,000010,20210302,20230503,1727568,USD,S,Retiro
100,000050000106,000011,20221029,20200427,2455201,USD,S,Deposito
100,000050000106,000012,20230103,20211229,2015180,USD,S,Comision
100,000050000106,000013,20200921,20241003,4672240,USD,H,Transferencia
100,000050000106,000014,20200922,20241012,913886,USD,S,Comision
100,000050000107,000001,20230423,20210607,2754555,MXN,H,Deposito
100,000050000107,000002,20230909,20240124,1257965,MXN,S,Transferencia
100,000050000107,000003,20240727,20230402,1820191,MXN,S,Comision
100,000050000107,000004,20220118,20230202,1787487,MXN,H,Deposito
100,000050000107,000005,20220106,20220304,2557422,MXN,H,Pago
100,000050000107,000006,20210926,20231018,175328,MXN,S,Retiro
100,000050000107,000007,20210921,20201128,3870101,MXN,S,Comision
100,000050000108,000001,20200709,20220317,3861409,CLP,H,Deposito
100,000050000108,000002,20200909,20230703,2621966,CLP,S,Retiro
100,000050000108,000003,20240504,20220726,612526,CLP,S,Comision
100,000050000108,000004,20231021,20200124,3017808,CLP,H,Deposito
100,000050000108,000005,20240408,20230815,2059408,CLP,H,Comision
100,000050000108,000006,20210606,20220316,779476,CLP,H,Comision
100,000050000108,000007,20200714,20240119,3190260,CLP,H,Retiro
100,000050000108,000008,20231009,20230101,4202400,CLP,H,Comision
100,000050000108,000009,20210801,20240710,3630806,CLP,H,Comision
100,000050000108,000010,20200925,20240601,4106335,CLP,H,Deposito
100,000050000109,000001,20210209,20200912,3082660,MXN,S,Comision
100,000050000109,000002,20230126,20220823,442917,MXN,H,Deposito
100,000050000109,000003,20230116,20230724,932227,MXN,S,Deposito
100,000050000109,000004,20201101,20240221,1012969,MXN,H,Retiro
100,000050000109,000005,20211003,20210319,4513898,MXN,S,Comision
100,000050000109,000006,20220219,20221104,927563,MXN,H,Retiro
100,000050000109,000007,20221123,20231019,3393289,MXN,S,Retiro
100,000050000109,000008,20231006,20200501,3974811,MXN,H,Pago
100,000050000109,000009,20220704,20200916,2799040,MXN,H,Deposito
100,000050000109,000010,20240913,20200810,2127710,MXN,S,Transferencia
100,000050000109,000011,20230321,20220722,729363,MXN,S,Deposito
100,000050000109,000012,20240210,20200902,1044585,MXN,H,Comision
100,000050000109,000013,20210319,20211220,2162073,MXN,S,Comision
100,000050000109,000014,20230909,20221128,4747882,MXN,H,Retiro
100,000050000109,000015,20200904,20220621,1679699,MXN,H,Transferencia
100,50000109,000016,20231204,20220319,3863319,MXN,H,Comision
100,000050000110,000001,20201106,20240316,1230541,MXN,S,Retiro
100,000050000110,000002,20230804,20220821,963576,MXN,H,Deposito
100,000050000110,000003,20240523,20240210,3060732,MXN,S,Comision
100,000050000110,000004,20210910,20230613,2599217,MXN,H,Retiro
100,000050000110,000005,20240929,20210718,4056618,MXN,H,Comision
100,000050000110,000006,20221130,20200426,3324712,MXN,S,Pago
100,000050000110,000007,20200708,20221229,200538,MXN,S,Transferencia
100,000050000110,000008,20210917,20200930,2192739,MXN,S,Transferencia
100,000050000110,000009,20220812,20200702,939351,MXN,H,Retiro
100,000050000110,000010,20230201,20220613,738545,MXN,S,Transferencia
100,000050000111,000001,20220529,20200516,509095,MXN,S,Pago
100,000050000111,000002,20230912,20200315,367218,MXN,S,Deposito
100,000050000111,000003,20220225,20200629,3676131,MXN,H,Retiro
100,000050000111,000004,20220930,20210917,3100111,MXN,H,Comision
100,000050000111,000005,20230522,20220622,3983813,MXN,S,Retiro
100,000050000111,000006,20220324,20210712,3788901,MXN,S,Deposito
100,000050000111,000007,20211019,20231111,959306,MXN,S,Retiro
100,000050000111,000008,20211228,20210105,865270,MXN,S,Comision
100,000050000111,000009,20200602,20221216,1670279,MXN,S,Deposito
100,000050000111,000010,20231119,20230313,871563,MXN,H,Comision
100,000050000112,000001,20220625,20201029,516601,MXN,S,Deposito
100,000050000112,000002,20211231,20231107,1080774,MXN,S,Transferencia
100,000050000112,000003,20220822,20231026,1090839,MXN,S,Retiro
100,000050000112,000004,20201006,20241106,4117253,MXN,H,Deposito
100,000050000112,000005,20210731,20241130,1183567,MXN,S,Transferencia
100,000050000112,000006,20230318,20241013,2943358,MXN,H,Pago
100,000050000112,000007,20200805,20240219,4724066,MXN,H,Comision
100,000050000112,000008,20210923,20200505,1933162,MXN,S,Comision
100,000050000113,000001,20230115,20211212,531525,MXN,S,Comision
100,000050000113,000002,20210721,20240209,1611627,MXN,H,Transferencia
100,000050000113,000003,20220520,20200413,4617421,MXN,S,Comision
100,000050000113,000004,20210223,20211224,1780792,MXN,S,Comision
100,000050000113,000005,20230308,20220614,2838306,MXN,S,Deposito
100,000050000113,000006,20230219,20221219,142608,MXN,S,Pago
100,000050000113,000007,20240903,20210709,2575506,MXN,H,Retiro
100,000050000113,000008,20220814,20200316,1222324,MXN,S,Retiro
100,000050000113,000009,20240804,20230917,4182541,MXN,H,Pago
100,000050000113,000010,20210714,20210321,1240588,MXN,S,Deposito
100,000050000113,000011,20230702,20240617,1221264,MXN,S,Retiro
100,000050000113,000012,20200814,20200329,337185,MXN,S,Deposito
100,000050000113,000013,20230621,20230225,3172918,MXN,S,Transferencia
100,000050000113,000014,20200810,20231112,717322,MXN,H,Comision
100,000050000113,000015,20220117,20200719,4917600,MXN,H,Deposito
100,000050000113,000016,20200206,20200525,1230799,MXN,S,Deposito
100,000050000113,000017,20200627,20241006,2729207,MXN,H,Retiro
100,000050000113,000018,20220804,20200227,1619745,MXN,S,Deposito
100,000050000113,000019,20210111,20200523,4898875,MXN,S,Comision
100,000050000114,000001,20220711,20230409,3311745,MXN,H,Comision
100,000050000114,000002,20220214,20211003,3353686,MXN,S,Comision
100,000050000114,000003,20200603,20230603,2652937,MXN,S,Comision
100,000050000114,000004,20231220,20210522,1787127,MXN,S,Retiro
100,000050000114,000005,20210819,20200505,1289747,MXN,S,Comision
100,000050000114,000006,20231124,20241019,43694,MXN,S,Retiro
100,000050000114,000007,20211130,20240601,2818814,MXN,S,Comision
100,000050000114,000008,20240129,20200626,4604864,MXN,S,Pago
100,000050000114,000009,20240926,20241021,1360820,MXN,S,Transferencia
100,000050000114,000010,20210620,20200727,4998542,MXN,H,Comision
100,000050000115,000001,20240119,20241107,4717769,JPY,S,Comision
100,000050000115,000002,20220113,20221114,3831555,JPY,S,Retiro
100,000050000115,000003,20240630,20230503,3872199,JPY,S,Pago
100,000050000115,000004,20220808,20221125,3871777,JPY,S,Deposito
100,000050000115,000005,20210327,20210916,2786136,JPY,H,Deposito
100,000050000115,000006,20220508,20240224,2849354,JPY,H,Transferencia
100,000050000115,000007,20200810,20200310,3945288,JPY,S,Pago
100,000050000115,000008,20230911,20230624,1441190,JPY,S,Retiro
100,000050000115,000009,20231031,20220623,3782582,JPY,S,Comision
100,000050000115,000010,20230121,20220707,548091,JPY,S,Retiro
100,000050000115,000011,20221114,20230415,1390885,JPY,S,Comision
100,000050000115,000012,20241105,20221117,2823362,JPY,S,Retiro
100,000050000116,000001,20200402,20220608,4129846,MXN,H,Retiro
100,000050000116,000002,20230122,20210211,3191219,MXN,H,Deposito
100,000050000116,000003,20231212,20200325,4457603,MXN,S,Pago
100,000050000116,000004,20230529,20201209,3145317,MXN,H,Pago
100,000050000116,000005,20230609,20210710,4471599,MXN,S,Retiro
100,000050000116,000006,20220930,20220323,554688,MXN,H,Retiro
100,000050000116,000007,20211212,20231028,2516503,MXN,S,Retiro
100,000050000116,000008,20240215,20201001,270476,MXN,S,Deposito
100,000050000116,000009,20200126,20220414,4033635,MXN,S,Comision
100,000050000116,000010,20220314,20241128,1253768,MXN,S,Comision
100,000050000116,000011,20220125,20201207,3477380,MXN,S,Deposito
100,000050000116,000012,20240312,20200424,2886796,MXN,H,Retiro
100,000050000116,000013,20240901,20240213,570742,MXN,H,Comision
100,000050000116,000014,20200315,20210420,2560999,MXN,S,Comision
100,000050000116,000015,20210818,20220611,2756230,MXN,H,Retiro
100,000050000116,000016,20210514,20210812,3456285,MXN,S,Pago
100,000050000117,000001,20220718,20200121,893556,MXN,S,Pago
100,000050000117,000002,20200311,20220907,1096963,MXN,S,Pago
100,000050000117,000003,20220226,20210704,3212886,MXN,S,Retiro
100,000050000117,000004,20230513,20240416,4396052,MXN,H,Deposito
100,000050000117,000005,20201003,20201225,1902207,MXN,H,Comision
100,000050000117,000006,20220509,20240225,4042236,MXN,H,Deposito
100,000050000117,000007,20220416,20200731,1774862,MXN,S,Pago
100,000050000117,000008,20220623,20230906,2781090,MXN,H,Pago
100,000050000118,000001,20220801,20210126,962318,JPY,S,Retiro
100,000050000118,000002,20230311,20220109,2231331,JPY,S,Retiro
100,000050000118,000003,20210307,20220125,4413931,JPY,S,Transferencia
100,000050000118,000004,20240324,20201013,1059596,JPY,S,Deposito
100,000050000118,000005,20200420,20210509,4892344,JPY,H,Deposito
100,000050000118,000006,20230907,20220804,4596663,JPY,S,Retiro
100,000050000118,000007,20231018,20201030,3998961,JPY,H,Transferencia
100,000050000118,000008,20200825,20200815,3108569,JPY,S,Pago
100,000050000118,000009,20221108,20210103,261599,JPY,H,Retiro
100,000050000119,000001,20240301,20210505,3524118,MXN,H,Comision
100,000050000119,000002,20241101,20200208,3110671,MXN,S,Retiro
100,000050000119,000003,20220729,20211208,2229260,MXN,H,Comision
100,000050000119,000004,20220322,20221228,2392909,MXN,H,Pago
100,000050000119,000005,20240102,20211010,4690987,MXN,H,Deposito
100,000050000119,000006,20201220,20210225,4443525,MXN,S,Deposito
100,000050000119,000007,20200706,20231226,3004766,MXN,H,Retiro
100,000050000119,000008,20200701,20201017,4812424,MXN,S,Deposito
100,000050000119,000009,20210818,20221004,689186,MXN,S,Deposito
100,000050000120,000001,20200928,20240625,1682655,MXN,H,Retiro
100,000050000120,000002,20220107,20210409,3952870,MXN,H,Retiro
100,000050000120,000003,20201129,20240107,1160260,MXN,S,Pago
100,000050000120,000004,20210224,20231114,143097,MXN,H,Comision
100,000050000120,000005,20220716,20210211,4729510,MXN,H,Comision
100,000050000120,000006,20230711,20230503,253305,MXN,H,Deposito
100,000050000120,000007,20230809,20240501,3577389,MXN,S,Retiro
100,000050000120,000008,20200913,20200929,3585939,MXN,S,Retiro
100,000050000120,000009,20241026,20221009,693713,MXN,H,Transferencia
100,000050000120,000010,20200116,20240424,611853,MXN,S,Retiro
100,000050000121,000001,20220623,20240131,638989,MXN,S,Transferencia
100,000050000121,000002,20210306,20220403,2818321,MXN,S,Retiro
100,000050000121,000003,20240923,20200622,3076570,MXN,H,Deposito
100,000050000121,000004,20201229,20230308,2762841,MXN,S,Pago
100,000050000121,000005,20211106,20230108,1878416,MXN,H,Comision
100,000050000121,000006,20220913,20240618,3847364,MXN,H,Retiro
100,000050000121,000007,20220115,20240610,3598575,MXN,S,Pago
100,000050000121,000008,20201122,20201108,1214220,MXN,H,Retiro
100,000050000121,000009,20210701,20241019,1779730,MXN,H,Deposito
100,000050000121,000010,20230615,20230216,2622161,MXN,S,Transferencia
100,000050000121,000011,20220429,20220311,1232079,MXN,S,Retiro
100,000050000121,000012,20200703,20201010,3542793,MXN,H,Transferencia
100,000050000121,000013,20211025,20221016,3479930,MXN,S,Pago
100,000050000122,000001,20240615,20230101,2008942,MXN,H,Transferencia
100,000050000122,000002,20241011,20201112,4559527,MXN,H,Transferencia
100,000050000122,000003,20220720,20220711,3298155,MXN,H,Pago
100,000050000122,000004,20220730,20200322,3598245,MXN,S,Deposito
100,000050000122,000005,20201224,20201222,2012033,MXN,H,Comision
100,000050000122,000006,20230119,20220928,1074514,MXN,H,Retiro
100,000050000122,000007,20220224,20240510,1313928,MXN,H,Transferencia
100,000050000122,000008,20241015,20210206,3914831,MXN,S,Pago
100,000050000122,000009,20230425,20241101,576122,MXN,H,Comision
100,000050000122,000010,20240501,20220410,2304696,MXN,S,Comision
100,000050000123,000001,20230327,20220130,2967019,MXN,H,Retiro
100,000050000123,000002,20241020,20201030,4068876,MXN,S,Comision
100,000050000123,000003,20211021,20231205,940091,MXN,S,Pago
100,000050000123,000004,20241201,20200227,199296,MXN,S,Comision
100,000050000123,000005,20220923,20220610,4651109,MXN,S,Deposito
100,000050000123,000006,20210828,20230915,805163,MXN,H,Deposito
100,000050000123,000007,20230816,20240717,4511994,MXN,H,Retiro
100,000050000123,000008,20220110,20230927,2073109,MXN,H,Deposito
100,000050000123,000009,20210820,20240918,486110,MXN,S,Deposito
100,000050000124,000001,20220325,20221108,2895031,MXN,S,Comision
100,000050000124,000002,20241004,20221001,3477154,MXN,S,Deposito
100,000050000124,000003,20240122,20211012,64331,MXN,H,Comision
100,50000124,000004,20200127,20200506,3734696,MXN,H,Pago
100,000050000124,000005,20240628,20220119,,MXN,H,Comision
100,000050000124,000006,20230805,20210907,4572170,MXN,H,Retiro
100,000050000124,000007,20241102,20221221,4188364,MXN,H,Retiro
100,000050000124,000008,20200704,20231228,4755208,MXN,H,Deposito
100,000050000124,000009,20231026,20240530,4135523,MXN,H,Pago
100,000050000125,000001,20200729,20220712,1173108,MXN,S,Transferencia
100,000050000125,000002,20201112,20201215,97836,MXN,S,Deposito
100,000050000125,000003,20220928,20240503,2846928,MXN,H,Deposito
100,000050000125,000004,20201217,20201103,587140,MXN,S,Pago
100,000050000125,000005,20231223,20220601,3563295,MXN,H,Transferencia
100,000050000125,000006,20230111,20210716,2411031,MXN,H,Pago
100,000050000125,000007,20220324,20231023,4942321,MXN,S,Transferencia
100,000050000125,000008,20220123,20221023,1598904,MXN,H,Comision
100,000050000125,000009,20230628,20210731,1052832,MXN,H,Transferencia
100,000050000125,000010,20200302,20230629,4866279,MXN,H,Retiro
100,000050000125,000011,20240507,20240607,3877875,MXN,S,Pago
100,000050000126,000001,20210510,20241204,2114491,MXN,H,Pago
100,000050000126,000002,20211109,20221019,2246933,MXN,H,Retiro
100,000050000126,000003,20241004,20230420,452370,MXN,H,Transferencia
100,000050000126,000004,20230127,20240222,4864905,MXN,S,Pago
100,000050000126,000005,20220416,20220808,4722584,MXN,H,Comision
100,000050000126,000006,20210325,20200428,4550721,MXN,S,Comision
100,000050000126,000007,20201101,20220130,2574345,MXN,H,Retiro
100,000050000126,000008,20230925,20200311,3386671,MXN,H,Transferencia
100,000050000126,000009,20221114,20240621,1858967,MXN,S,Pago
100,000050000126,000010,20240625,20230506,1919984,MXN,H,Pago
100,000050000126,000011,20220911,20211228,1885741,MXN,H,Deposito
100,000050000126,000012,20220924,20200720,1518522,MXN,H,Retiro
100,000050000126,000013,20230215,20230810,869662,MXN,S,Comision
100,000050000126,000014,20220909,20230524,2873865,MXN,S,Comision
100,000050000127,000001,20210221,20230924,3965540,JPY,H,Deposito
100,000050000127,000002,20211010,20210220,4087285,JPY,H,Transferencia
100,000050000127,000003,20210306,20220425,419632,JPY,S,Comision
100,000050000127,000004,20240709,20230420,4777750,JPY,S,Deposito
100,000050000127,000005,20220411,20231218,1781323,JPY,S,Transferencia
100,000050000127,000006,20200118,20210928,2322368,JPY,H,Comision
100,000050000127,000007,20230424,20231108,811529,JPY,H,Pago
100,000050000128,000001,20220123,20210105,4661805,USD,H,Retiro
100,000050000128,000002,20211026,20201028,3611030,USD,S,Retiro
100,000050000128,000003,20241126,20240718,744793,USD,S,Pago
100,000050000128,000004,20200710,20240511,4458508,USD,H,Retiro
100,000050000128,000005,20210329,20230320,2738079,USD,S,Retiro
100,000050000128,000006,20210927,20240918,4530256,USD,S,Retiro
100,000050000128,000007,20211212,20220705,289313,USD,H,Transferencia
100,000050000128,000008,20230102,20240410,1439850,USD,H,Comision
100,000050000128,000009,20200112,20230130,1274747,USD,H,Retiro
100,000050000128,000010,20240117,20220109,3847720,USD,H,Retiro
100,000050000128,000011,20220220,20230907,3518081,USD,H,Transferencia
100,000050000128,000012,20230324,20211110,399613,USD,S,Comision
100,000050000128,000013,20220402,20211121,4450243,USD,H,Deposito
100,000050000128,000014,20240124,20220731,2991869,USD,S,Pago
100,000050000128,000015,20201113,20230908,1214788,USD,H,Comision
100,000050000128,000016,20240125,20230719,4773606,USD,S,Retiro
100,000050000128,000017,20200405,20241127,4021097,USD,H,Pago
100,000050000128,000018,20221106,20210112,123005,USD,S,Pago
100,000050000129,000001,20220704,20210616,2783164,MXN,H,Pago
100,000050000129,000002,20201013,20210205,1994464,MXN,S,Comision
100,000050000129,000003,20240222,20200908,1673359,MXN,H,Pago
100,000050000129,000004,20220115,20221130,198893,MXN,H,Comision
100,000050000129,000005,20240421,20240922,4181116,MXN,S,Transferencia
100,000050000129,000006,20221228,20210427,4697125,MXN,S,Pago
100,000050000129,000007,20240826,20210505,4932387,MXN,H,Pago
100,000050000129,000008,20230222,20210502,983920,MXN,S,Deposito
100,000050000129,000009,20220408,20230122,4975515,MXN,H,Deposito
100,000050000129,000010,20200829,20211129,1122538,MXN,H,Transferencia
100,000050000129,000011,20220605,20221116,3388649,MXN,H,Retiro
100,000050000129,000012,20211125,20211112,1655817,MXN,S,Comision
100,000050000129,000013,20230820,20220202,2073066,MXN,H,Comision
100,000050000129,000014,20220205,20241122,4296173,MXN,H,Comision
100,000050000129,000015,20200626,20230310,1442650,MXN,S,Deposito
100,000050000130,000001,20240110,20200719,25369,MXN,H,Retiro
100,000050000130,000002,20240217,20200310,3464912,MXN,H,Retiro
100,000050000130,000003,20220616,20220702,4190349,MXN,S,Pago
100,000050000130,000004,20240828,20240818,2988584,MXN,H,Comision
100,000050000130,000005,20201116,20210808,4883838,MXN,S,Comision
100,000050000130,000006,20210212,20241026,1727675,MXN,H,Transferencia
100,000050000130,000007,20230916,20210422,4529534,MXN,H,Pago
100,000050000130,000008,20230903,20200610,2332740,MXN,H,Deposito
100,000050000130,000009,20211007,20230226,4673410,MXN,H,Retiro
100,000050000130,000010,20211013,20210829,4776134,MXN,S,Transferencia
100,000050000130,000011,20231208,20240906,978025,MXN,H,Pago
100,000050000131,000001,20230220,20231118,3890866,MXN,H,Pago
100,000050000131,000002,20231119,20230613,3122087,MXN,H,Deposito
100,000050000131,000003,20200202,20231231,1350912,MXN,S,Retiro
100,000050000131,000004,20210905,20210501,2741332,MXN,S,Retiro
100,000050000131,000005,20201122,20240328,3752204,MXN,H,Transferencia
100,000050000131,000006,20200607,20211109,1462174,MXN,S,Retiro
100,000050000131,000007,20230328,20230214,3620849,MXN,S,Retiro
100,000050000131,000008,20230609,20220215,718663,MXN,S,Retiro
100,000050000131,000009,20230222,20230923,42863,MXN,S,Pago
100,000050000131,000010,20220930,20211204,1530793,MXN,H,Comision
100,000050000131,000011,20210406,20221212,877503,MXN,S,Deposito
100,000050000131,000012,20231017,20230227,234985,MXN,H,Pago
100,000050000131,000013,20210612,20241018,4407356,MXN,S,Comision
100,000050000132,000001,20200104,20230712,3639129,MXN,S,Deposito
100,000050000132,000002,20240422,20231014,4744866,MXN,H,Pago
100,000050000132,000003,20241020,20210508,1841360,MXN,H,Transferencia
100,000050000132,000004,20220918,20220205,1081680,MXN,S,Transferencia
100,000050000132,000005,20200505,20211123,4652423,MXN,S,Transferencia
100,000050000132,000006,20240829,20231214,2460587,MXN,H,Retiro
100,000050000133,000001,20201229,20210119,509625,MXN,S,Comision
100,000050000133,000002,20231101,20220917,2010665,MXN,S,Pago
100,000050000133,000003,20201028,20230620,1648075,MXN,H,Deposito
100,000050000133,000004,20211230,20211104,4339439,MXN,S,Transferencia
100,000050000133,000005,20220429,20240109,4027256,MXN,H,Transferencia
100,000050000133,000006,20201201,20230320,2085444,MXN,S,Deposito
100,000050000133,000007,20210714,20220426,3881683,MXN,H,Transferencia
100,000050000133,000008,20200118,20240216,1389738,MXN,H,Comision
100,000050000133,000009,20220918,20231107,4204898,MXN,H,Transferencia
100,000050000133,000010,20230728,20210330,4831825,MXN,S,Transferencia
100,000050000133,000011,20211104,20211222,3110575,MXN,S,Retiro
100,000050000133,000012,20210307,20240413,4367199,MXN,S,Pago
100,000050000133,000013,20240202,20240504,2397501,MXN,H,Pago
100,000050000133,000014,20231019,20240822,401830,MXN,S,Transferencia
100,000050000133,000015,20231227,20240313,987866,MXN,S,Deposito
100,000050000134,000001,20240528,20200229,1766175,USD,S,Comision
100,000050000134,000002,20230113,20200509,916407,USD,H,Retiro
100,000050000134,000003,20200617,20241205,1975145,USD,H,Comision
100,000050000134,000004,20241028,20221118,1454114,USD,S,Pago
100,000050000134,000005,20220217,20240316,4685689,USD,S,Transferencia
100,000050000134,000006,20210405,20220822,2532960,USD,H,Comision
100,000050000134,000007,20220404,20240926,2226340,USD,S,Deposito
100,000050000134,000008,20231119,20230323,2618471,USD,H,Retiro
100,000050000134,000009,20211017,20210401,51606,USD,H,Pago
100,000050000134,000010,20200626,20220807,1351114,USD,H,Pago
100,000050000134,000011,20220521,20240426,4851409,USD,S,Retiro
100,000050000134,000012,20211105,20200122,2447457,USD,H,Pago
100,000050000134,000013,20210715,20230917,4374765,USD,H,Deposito
100,000050000134,000014,20220724,20220531,3154741,USD,H,Comision
100,000050000134,000015,20200203,20210526,4951185,USD,H,Comision
100,000050000134,000016,20220905,20220227,816759,USD,H,Deposito
100,000050000134,000017,20240927,20231217,4628540,USD,H,Comision
100,000050000134,000018,20200831,20241121,3174303,USD,S,Pago
100,000050000135,000001,20220309,20240617,4631704,MXN,S,Comision
100,000050000135,000002,20200124,20211104,2396894,MXN,S,Deposito
100,000050000135,000003,20220528,20210912,3459484,MXN,H,Pago
100,000050000135,000004,20211024,20230716,41774,MXN,S,Deposito
100,000050000135,000005,20230709,20201027,2851324,MXN,H,Transferencia
100,000050000135,000006,20231008,20221102,2918316,MXN,S,Transferencia
100,000050000135,000007,20220423,20201226,4685581,MXN,H,Comision
100,000050000135,000008,20230212,20221230,441540,MXN,H,Comision
100,000050000136,000001,20230713,20220215,1024175,USD,H,Transferencia
100,000050000136,000002,20230406,20200502,4662775,USD,S,Pago
100,000050000136,000003,20200312,20230831,2147370,USD,S,Deposito
100,000050000136,000004,20210820,20201022,2800170,USD,H,Retiro
100,000050000136,000005,20220530,20200422,1818799,USD,H,Comision
100,000050000136,000006,20210727,20230921,908040,USD,S,Comision
100,000050000136,000007,20230530,20200303,4187881,USD,S,Retiro
100,000050000136,000008,20240529,20230607,3249608,USD,S,Retiro
100,000050000136,000009,20221228,20231114,300721,USD,H,Transferencia
100,000050000136,000010,20240423,20230204,4316647,USD,H,Retiro
100,000050000136,000011,20230909,20220322,1761629,USD,H,Transferencia
100,000050000136,000012,20210729,20200715,200758,USD,S,Comision
100,000050000136,000013,20210529,20220209,893713,USD,S,Pago
100,000050000137,000001,20200322,20230513,3853249,MXN,S,Comision
100,000050000137,000002,20201025,20200501,454646,MXN,H,Comision
100,000050000137,000003,20230421,20240830,4670274,MXN,H,Retiro
100,000050000137,000004,20240924,20240920,3761108,MXN,H,Deposito
100,000050000137,000005,20231101,20210211,2499117,MXN,H,Comision
100,000050000137,000006,20210916,20210531,1131510,MXN,S,Deposito
100,000050000137,000007,20220801,20200202,1879588,MXN,S,Pago
100,000050000137,000008,20211103,20200526,2301236,MXN,S,Comision
100,000050000137,000009,20230224,20241202,47869,MXN,S,Comision
100,000050000137,000010,20220212,20220506,19350,MXN,S,Comision
100,000050000137,000011,20221022,20220104,1877860,MXN,S,Retiro
100,000050000137,000012,20221227,20231128,4046056,MXN,S,Transferencia
100,000050000138,000001,20230205,20221017,1489365,JPY,H,Retiro
100,000050000138,000002,20210421,20200710,2253018,JPY,H,Transferencia
100,000050000138,000003,20200427,20240423,2985099,JPY,H,Transferencia
100,000050000138,000004,20231110,20210822,1506254,JPY,S,Retiro
100,000050000138,000005,20221111,20240301,115717,JPY,H,Comision
100,000050000138,000006,20200123,20220701,943116,JPY,H,Retiro
100,000050000138,000007,20200505,20240629,448576,JPY,H,Pago
100,000050000138,000008,20210213,20220915,3679027,JPY,S,Comision
100,000050000138,000009,20220510,20220930,4753485,JPY,H,Transferencia
100,000050000138,000010,20220729,20201019,4354300,JPY,S,Comision
100,000050000138,000011,20200710,20200821,2952130,JPY,S,Pago
100,000050000138,000012,20210707,20211024,664322,JPY,H,Comision
100,000050000138,000013,20231029,20200804,2198567,JPY,H,Pago
100,000050000138,000014,20230108,20200706,3433168,JPY,S,Transferencia
100,50000138,000015,20230110,20201228,3155762,JPY,S,Pago
100,000050000139,000001,20210128,20210403,4976114,MXN,H,Deposito
100,000050000139,000002,20211015,20220530,3766252,MXN,H,Pago
100,000050000139,000003,20220418,20200219,3917161,MXN,H,Pago
100,000050000139,000004,20200323,20230827,479619,MXN,S,Comision
100,000050000139,000005,20240628,20230801,3709248,MXN,H,Transferencia
100,000050000139,000006,20210616,20230223,4568262,MXN,H,Transferencia
100,000050000139,000007,20230922,20230209,4803410,MXN,H,Deposito
100,000050000139,000008,20230423,20240813,2229806,MXN,H,Deposito
100,000050000139,000009,20240716,20200515,3457022,MXN,S,Transferencia
100,000050000139,000010,20230428,20221219,2990521,MXN,S,Deposito
100,000050000139,000011,20230403,20200423,1757465,MXN,H,Transferencia
100,000050000140,000001,20240825,20200601,2342727,MXN,S,Retiro
100,000050000140,000002,20240619,20220715,2975519,MXN,H,Retiro
100,000050000140,000003,20220331,20240502,3176884,MXN,S,Comision
100,000050000140,000004,20200205,20200201,4900397,MXN,S,Deposito
100,000050000140,000005,20240502,20200927,4162832,MXN,H,Comision
100,000050000140,000006,20210623,20230306,3688733,MXN,H,Transferencia
100,000050000140,000007,20200809,20200613,4929113,MXN,H,Deposito
100,000050000140,000008,20220725,20220818,380347,MXN,H,Transferencia
100,000050000140,000009,20220215,20200127,903137,MXN,S,Deposito
100,000050000140,000010,20210627,20230814,3887139,MXN,S,Retiro
100,000050000140,000011,20220812,20220307,3547788,MXN,H,Pago
100,000050000140,000012,20230304,20240320,46906,MXN,S,Transferencia
100,000050000140,000013,20200505,20200304,3914827,MXN,S,Transferencia
100,000050000140,000014,20220804,20211014,440642,MXN,S,Transferencia
100,000050000140,000015,20240425,20230317,3699518,MXN,H,Retiro
100,000050000140,000016,20231228,20230113,4812628,MXN,H,Pago
100,000050000141,000001,20240427,20240408,318944,MXN,S,Transferencia
100,000050000141,000002,20231122,20240518,3988591,MXN,S,Transferencia
100,000050000141,000003,20230318,20240128,2131542,MXN,H,Transferencia
100,000050000141,000004,20210802,20200706,2643335,MXN,S,Deposito
100,000050000141,000005,20210110,20220606,1235085,MXN,S,Transferencia
100,000050000141,000006,20241102,20220413,1785406,MXN,H,Transferencia
100,000050000141,000007,20230110,20200223,127984,MXN,S,Deposito
100,000050000141,000008,20221212,20200523,623264,MXN,H,Pago
100,000050000141,000009,20230609,20210518,572292,MXN,H,Pago
100,000050000141,000010,20231230,20220126,238752,MXN,H,Comision
100,000050000141,000011,20240102,20230404,125467,MXN,S,Comision
100,000050000141,000012,20211007,20240114,1632053,MXN,S,Comision
100,000050000141,000013,20220522,20241020,2221170,MXN,H,Deposito
100,000050000141,000014,20200206,20201208,10911,MXN,S,Deposito
100,000050000141,000015,20220623,20230420,4900612,MXN,S,Pago
100,000050000141,000016,20210604,20230913,3774335,MXN,H,Deposito
100,000050000142,000001,20230809,20221022,4768418,USD,S,Transferencia
100,000050000142,000002,20211107,20230719,4561716,USD,S,Pago
100,000050000142,000003,20200314,20201103,1967924,USD,S,Retiro
100,000050000142,000004,20240519,20230209,1861655,USD,H,Comision
100,000050000142,000005,20210122,20200913,1691014,USD,S,Transferencia
100,000050000142,000006,20210821,20241202,1198993,USD,S,Deposito
100,000050000142,000007,20210122,20201130,4211077,USD,S,Transferencia
100,000050000142,000008,20210619,20241123,2737831,USD,H,Deposito
100,000050000143,000001,20230818,20240817,1236422,MXN,S,Comision
100,000050000143,000002,20230225,20231202,4851788,MXN,H,Deposito
100,000050000143,000003,20220412,20210827,4787011,MXN,S,Retiro
100,000050000143,000004,20201107,20230617,1931801,MXN,H,Pago
100,000050000143,000005,20230706,20210830,2301595,MXN,H,Comision
100,000050000143,000006,20200611,20210927,2563644,MXN,S,Comision
100,000050000143,000007,20240604,20220326,839652,MXN,S,Pago
100,000050000143,000008,20201007,20210319,976673,MXN,S,Comision
100,000050000143,000009,20211227,20210505,4583470,MXN,H,Retiro
100,000050000144,000001,20240429,20221007,2946154,MXN,H,Retiro
100,000050000144,000002,20220716,20231217,3093613,MXN,H,Comision
100,000050000144,000003,20210224,20230818,4077784,MXN,S,Pago
100,000050000144,000004,20230921,20221021,1854653,MXN,S,Transferencia
100,000050000144,000005,20210524,20201017,4668675,MXN,S,Retiro
100,000050000144,000006,20200722,20200808,351869,MXN,S,Comision
100,000050000144,000007,20201112,20220320,3146574,MXN,S,Retiro
100,000050000144,000008,20240610,20210401,2373795,MXN,S,Deposito
100,000050000144,000009,20211112,20230703,613511,MXN,H,Retiro
100,000050000144,000010,20200826,20230610,2575494,MXN,S,Pago
100,000050000144,000011,20241018,20230729,1208193,MXN,S,Comision
100,000050000144,000012,20240623,20220701,3874050,MXN,S,Transferencia
100,000050000145,000001,20200430,20240903,3553517,MXN,S,Deposito
100,000050000145,000002,20231018,20201022,132160,MXN,S,Deposito
100,000050000145,000003,20211007,20210726,1127090,MXN,H,Comision
100,000050000145,000004,20221001,20240322,4231662,MXN,S,Deposito
100,000050000145,000005,20221021,20230901,4472822,MXN,S,Deposito
100,000050000145,000006,20230605,20230620,53706,MXN,H,Deposito
100,000050000145,000007,20210527,20210629,2952995,MXN,S,Deposito
100,000050000145,000008,20231115,20200321,4353748,MXN,S,Pago
100,000050000145,000009,20220923,20220827,3756205,MXN,H,Transferencia
100,000050000145,000010,20200106,20221209,544989,MXN,H,Transferencia
100,000050000145,000011,20230311,20201209,2595011,MXN,H,Pago
100,000050000145,000012,20230919,20200505,2067029,MXN,H,Transferencia
100,000050000145,000013,20231107,20200118,2640323,MXN,H,Transferencia
100,000050000145,000014,20240527,20200608,949304,MXN,S,Deposito
100,000050000145,000015,20220802,20240624,,MXN,S,Pago
100,000050000145,000016,20221225,20200930,1484297,MXN,H,Retiro
100,000050000146,000001,20220401,20211229,4561705,MXN,S,Comision
100,000050000146,000002,20241129,20220420,2816286,MXN,S,Pago
100,000050000146,000003,20200712,20201018,2858672,MXN,H,Retiro
100,000050000146,000004,20220807,20211108,333860,MXN,H,Retiro
100,000050000146,000005,20221201,20220119,4841299,MXN,H,Deposito
100,000050000146,000006,20210429,20210210,4414242,MXN,S,Deposito
100,000050000146,000007,20220713,20200610,1675267,MXN,S,Deposito
100,000050000146,000008,20221208,20220619,3673922,MXN,H,Comision
100,000050000146,000009,20211130,20211006,22898,MXN,H,Pago
100,000050000146,000010,20210223,20200213,1648053,MXN,S,Pago
100,000050000146,000011,20220316,20210504,,MXN,S,Transferencia
100,000050000146,000012,20240720,20240517,2833936,MXN,S,Pago
100,000050000146,000013,20210902,20200803,1907874,MXN,H,Retiro
100,000050000147,000001,20240128,20210216,168304,MXN,S,Pago
100,000050000147,000002,20240825,20240506,4955674,MXN,H,Transferencia
100,000050000147,000003,20200326,20201214,4262771,MXN,S,Comision
100,000050000147,000004,20200119,20200706,4497152,MXN,S,Comision
100,000050000147,000005,20210316,20210729,3177939,MXN,H,Retiro
100,000050000147,000006,20201226,20240518,4338466,MXN,H,Deposito
100,000050000147,000007,20210628,20200517,4697747,MXN,H,Transferencia
100,000050000147,000008,20220404,20210125,3346237,MXN,H,Comision
100,000050000147,000009,20210517,20240607,4907662,MXN,S,Deposito
100,000050000148,000001,20240113,20210525,2165207,MXN,S,Pago
100,000050000148,000002,20221202,20220614,3778126,MXN,S,Transferencia
100,000050000148,000003,20220730,20200112,4771752,MXN,H,Transferencia
100,000050000148,000004,20240915,20230315,3035474,MXN,S,Transferencia
100,000050000148,000005,20220616,20200331,2878094,MXN,H,Deposito
100,000050000148,000006,20240522,20230706,1804340,MXN,S,Pago
100,000050000148,000007,20210228,20200815,1194501,MXN,H,Pago
100,000050000148,000008,20240113,20240324,2403540,MXN,H,Pago
100,000050000148,000009,20210802,20211114,2914741,MXN,S,Pago
100,000050000148,000010,20240916,20230510,3946912,MXN,H,Comision
100,000050000148,000011,20220430,20240602,2360374,MXN,H,Retiro
100,000050000148,000012,20240528,20240704,1882808,MXN,S,Transferencia
100,000050000149,000001,20230719,20241003,3028219,MXN,H,Transferencia
100,000050000149,000002,20230824,20211010,4082897,MXN,S,Pago
100,000050000149,000003,20230327,20240926,1306423,MXN,H,Retiro
100,000050000149,000004,20240409,20220920,1291310,MXN,H,Comision
100,000050000150,000001,20201218,20230708,3852156,MXN,H,Pago
100,000050000150,000002,20220119,20210621,1190795,MXN,H,Retiro
100,000050000150,000003,20220118,20210216,2153036,MXN,S,Retiro
100,000050000150,000004,20231231,20210423,2181995,MXN,H,Pago
100,000050000150,000005,20210922,20210801,3286578,MXN,H,Deposito
100,000050000150,000006,20231001,20221010,395419,MXN,S,Comision
100,000050000150,000007,20221110,20230705,3329857,MXN,S,Retiro
100,000050000150,000008,20200401,20200924,4623831,MXN,S,Deposito
100,000050000150,000009,20230427,20210708,831359,MXN,H,Deposito
100,000050000151,000001,20240501,20201219,257330,MXN,H,Comision
100,000050000151,000002,20240524,20240701,2805910,MXN,H,Pago
100,000050000151,000003,20220314,20230104,3828699,MXN,S,Comision
100,000050000151,000004,20200108,20230314,2508556,MXN,S,Comision
100,000050000151,000005,20230722,20200406,990360,MXN,S,Pago
100,000050000151,000006,20241010,20210519,2206535,MXN,S,Comision
100,000050000151,000007,20240609,20230807,4394252,MXN,H,Retiro
100,000050000151,000008,20231214,20240815,4482806,MXN,S,Comision
100,000050000151,000009,20200923,20220303,2342587,MXN,S,Pago
100,000050000151,000010,20210215,20210626,2109745,MXN,H,Retiro
100,000050000151,000011,20200608,20200228,1074906,MXN,S,Deposito
100,000050000152,000001,20221027,20210718,1350610,MXN,S,Comision
100,000050000152,000002,20240425,20200929,2289474,MXN,H,Retiro
100,000050000152,000003,20200127,20200409,2556877,MXN,S,Pago
100,000050000152,000004,20230831,20210508,3229575,MXN,H,Deposito
100,000050000152,000005,20240322,20240307,4884028,MXN,S,Retiro
100,000050000152,000006,20200308,20210418,1230502,MXN,S,Comision
100,000050000152,000007,20240715,20230117,4811937,MXN,H,Comision
100,000050000152,000008,20230120,20241016,1954490,MXN,S,Pago
100,000050000152,000009,20200817,20200225,736306,MXN,S,Retiro
100,000050000152,000010,20220725,20230929,1885390,MXN,S,Deposito
100,000050000152,000011,20231204,20231229,367982,MXN,H,Transferencia
100,000050000153,000001,20220327,20220517,4664639,MXN,S,Deposito
100,000050000153,000002,20210914,20211130,2723750,MXN,S,Pago
100,000050000153,000003,20231016,20230921,4968607,MXN,S,Pago
100,000050000153,000004,20240209,20220224,959008,MXN,S,Retiro
100,000050000153,000005,20210923,20241112,1589492,MXN,H,Pago
100,000050000153,000006,20240605,20231218,2269545,MXN,S,Retiro
100,000050000153,000007,20200816,20200609,3471832,MXN,S,Transferencia
100,000050000153,000008,20220718,20240704,4887276,MXN,H,Comision
100,000050000153,000009,20230112,20230405,893159,MXN,H,Comision
100,000050000153,000010,20240430,20210129,3822584,MXN,H,Transferencia
100,000050000153,000011,20220601,20210120,3970726,MXN,H,Transferencia
100,000050000153,000012,20211015,20210322,2806841,MXN,H,Transferencia
100,000050000153,000013,20240817,20210210,4517094,MXN,H,Retiro
100,000050000154,000001,20201223,20220519,1651005,MXN,S,Pago
100,000050000154,000002,20240225,20200308,2938187,MXN,S,Transferencia
100,000050000154,000003,20220712,20200802,4815825,MXN,S,Transferencia
100,000050000154,000004,20231121,20240217,181257,MXN,S,Deposito
100,000050000154,000005,20220711,20200707,683611,MXN,H,Retiro
100,000050000154,000006,20220616,20210307,2443532,MXN,H,Deposito
100,000050000154,000007,20210811,20230416,1462125,MXN,S,Pago
100,000050000154,000008,20230430,20231128,4454223,MXN,S,Deposito
100,000050000154,000009,20200131,20240504,2041468,MXN,S,Transferencia
100,000050000154,000010,20231031,20240601,4359485,MXN,H,Pago
100,000050000154,000011,20220920,20240730,315010,MXN,H,Comision
100,000050000154,000012,20210131,20201228,3756533,MXN,H,Deposito
100,000050000154,000013,20240819,20231010,393525,MXN,H,Retiro
100,000050000154,000014,20220208,20210905,3866305,MXN,S,Pago
100,000050000154,000015,20210824,20240625,4575392,MXN,H,Deposito
100,000050000154,000016,20230708,20221120,900528,MXN,H,Transferencia
100,000050000154,000017,20221130,20210903,1670489,MXN,S,Deposito
100,000050000154,000018,20220412,20220114,4027997,MXN,S,Comision
100,000050000155,000001,20240608,20230305,2358794,USD,H,Comision
100,000050000155,000002,20240315,20220427,3486779,USD,H,Deposito
100,000050000156,000001,20241114,20221114,1476722,MXN,S,Comision
100,000050000156,000002,20210202,20211114,1620541,MXN,H,Transferencia
100,000050000156,000003,20200508,20230517,4275228,MXN,H,Pago
100,000050000156,000004,20200520,20230504,804028,MXN,H,Deposito
100,000050000156,000005,20201016,20230312,4609775,MXN,H,Retiro
100,000050000156,000006,20240420,20231226,4223303,MXN,S,Retiro
100,000050000156,000007,20211212,20220103,4081788,MXN,S,Transferencia
100,000050000156,000008,20231103,20230213,4324672,MXN,S,Transferencia
100,000050000156,000009,20220805,20200530,2146246,MXN,H,Deposito
100,000050000156,000010,20201227,20230622,1880043,MXN,H,Retiro
100,000050000156,000011,20210918,20230904,3016835,MXN,S,Retiro
100,000050000156,000012,20220503,20210309,1910274,MXN,S,Comision
100,000050000157,000001,20210929,20241023,2203705,MXN,H,Transferencia
100,000050000157,000002,20210720,20220312,2823215,MXN,S,Deposito
100,000050000157,000003,20241014,20220106,3533633,MXN,S,Deposito
100,000050000157,000004,20230104,20210117,4867426,MXN,H,Retiro
100,000050000157,000005,20240302,20240609,148647,MXN,H,Pago
100,000050000157,000006,20201104,20210106,138966,MXN,H,Comision
100,000050000157,000007,20240513,20220716,780380,MXN,H,Comision
100,000050000157,000008,20201204,20230724,3195266,MXN,H,Transferencia
100,000050000157,000009,20200503,20210513,3200753,MXN,S,Deposito
100,000050000157,000010,20221224,20230328,4059809,MXN,H,Pago
100,000050000157,000011,20210625,20230129,2175882,MXN,H,Retiro
100,000050000157,000012,20220103,20210721,518654,MXN,H,Deposito
100,000050000157,000013,20240403,20231206,992744,MXN,S,Pago
100,000050000157,000014,20220907,20210809,2842502,MXN,S,Comision
100,000050000157,000015,20211213,20240809,480222,MXN,H,Pago
100,000050000157,000016,20210727,20210714,3272184,MXN,H,Deposito
100,000050000157,000017,20220715,20241109,1866507,MXN,H,Pago
100,000050000157,000018,20210920,20220320,1381466,MXN,H,Transferencia
100,000050000157,000019,20240603,20200605,3809335,MXN,H,Pago
100,000050000158,000001,20240522,20241018,762319,MXN,H,Retiro
100,000050000158,000002,20211229,20220729,4737076,MXN,H,Retiro
100,000050000158,000003,20210916,20240523,1597663,MXN,H,Transferencia
100,000050000158,000004,20230327,20211203,1852534,MXN,H,Deposito
100,000050000158,000005,20210613,20241021,3195191,MXN,S,Pago
100,000050000158,000006,20230930,20210906,2687357,MXN,S,Comision
100,000050000158,000007,20210220,20210811,1971358,MXN,H,Comision
100,000050000158,000008,20240312,20220917,3121879,MXN,S,Pago
100,000050000158,000009,20201116,20240731,3202063,MXN,H,Transferencia
100,000050000158,000010,20240426,20231102,3696977,MXN,S,Retiro
100,000050000159,000001,20220325,20220710,89514,USD,H,Comision
100,000050000160,000001,20211102,20210901,796031,MXN,H,Retiro
100,000050000160,000002,20241003,20240429,1645597,MXN,S,Transferencia
100,000050000160,000003,20200416,20201005,4231476,MXN,S,Comision
100,000050000160,000004,20210118,20230807,3955588,MXN,H,Pago
100,000050000160,000005,20210308,20200626,386002,MXN,S,Transferencia
100,000050000160,000006,20240725,20200427,310035,MXN,H,Deposito
100,000050000160,000007,20240610,20240109,424923,MXN,H,Pago
100,000050000160,000008,20240527,20221008,2027823,MXN,S,Pago
100,000050000160,000009,20241124,20200430,4591710,MXN,S,Transferencia
100,000050000160,000010,20241123,20200510,4386999,MXN,S,Deposito
100,000050000160,000011,20220618,20200622,4804716,MXN,H,Pago
100,000050000160,000012,20240924,20200118,2210527,MXN,S,Deposito
100,000050000160,000013,20220208,20200106,295506,MXN,S,Deposito
100,000050000160,000014,20240815,20210303,231695,MXN,S,Transferencia
100,000050000160,000015,20210805,20240418,1444229,MXN,S,Transferencia
100,000050000160,000016,20220306,20220617,1169663,MXN,S,Retiro
100,000050000160,000017,20240111,20230909,2755674,MXN,S,Retiro
100,000050000160,000018,20220824,20240728,3039969,MXN,H,Pago
100,000050000160,000019,20220918,20230123,3122319,MXN,H,Transferencia
100,000050000160,000020,20230917,20200914,3681366,MXN,H,Transferencia
100,000050000160,000021,20210320,20240623,1702395,MXN,S,Pago
100,000050000161,000001,20240829,20230620,4401985,MXN,H,Comision
100,000050000161,000002,20200325,20240107,2998171,MXN,S,Comision
100,000050000161,000003,20230521,20230816,777293,MXN,S,Deposito
100,000050000161,000004,20200629,20240731,3471373,MXN,S,Retiro
100,000050000161,000005,20220426,20210521,1715662,MXN,S,Comision
100,000050000161,000006,20210505,20201009,661169,MXN,S,Transferencia
100,000050000161,000007,20231107,20210302,786185,MXN,H,Retiro
100,000050000161,000008,20231021,20210122,816321,MXN,S,Retiro
100,000050000161,000009,20220326,20220528,3208083,MXN,S,Pago
100,000050000161,000010,20210602,20230123,262975,MXN,H,Pago
100,000050000162,000001,20210301,20210731,4090624,USD,S,Deposito
100,000050000162,000002,20220624,20240428,4497277,USD,S,Deposito
100,000050000162,000003,20240511,20230420,4721561,USD,S,Comision
100,000050000162,000004,20231112,20220924,3246757,USD,S,Retiro
100,000050000162,000005,20210326,20240219,2864344,USD,H,Pago
100,000050000162,000006,20210324,20230901,1247113,USD,H,Deposito
100,000050000162,000007,20240430,20201007,1925644,USD,H,Retiro
100,000050000162,000008,20200309,20201110,3449340,USD,H,Pago
100,000050000162,000009,20230202,20210413,2742302,USD,H,Transferencia
100,000050000162,000010,20231020,20200316,3938642,USD,S,Retiro
100,000050000163,000001,20231111,20220628,2281844,MXN,H,Transferencia
100,000050000163,000002,20230430,20200715,4036632,MXN,S,Comision
100,000050000163,000003,20211122,20210419,2443294,MXN,S,Retiro
100,000050000163,000004,20220522,20230109,2933573,MXN,H,Pago
100,000050000163,000005,20240417,20230929,2123398,MXN,H,Pago
100,000050000163,000006,20200306,20210322,2174478,MXN,S,Comision
100,000050000163,000007,20200802,20240821,504515,MXN,S,Comision
100,000050000163,000008,20210222,20210722,3181284,MXN,H,Pago
100,000050000163,000009,20230622,20240505,1594719,MXN,H,Pago
100,000050000163,000010,20220509,20240305,4796823,MXN,H,Transferencia
100,000050000164,000001,20241128,20221220,4019367,MXN,S,Retiro
100,000050000164,000002,20200907,20231116,1407861,MXN,H,Transferencia
100,000050000164,000003,20240208,20230125,1484570,MXN,S,Retiro
100,000050000164,000004,20230308,20210208,4809511,MXN,H,Retiro
100,000050000164,000005,20220328,20230815,2451719,MXN,H,Deposito
100,000050000164,000006,20210112,20230711,2164598,MXN,S,Transferencia
100,000050000164,000007,20201114,20201110,555409,MXN,S,Transferencia
100,000050000164,000008,20210913,20200912,2184325,MXN,H,Retiro
100,000050000164,000009,20230816,20200929,1857695,MXN,S,Retiro
100,000050000164,000010,20201127,20241118,4347293,MXN,S,Retiro
100,000050000164,000011,20220610,20230812,2748019,MXN,H,Pago
100,000050000164,000012,20200330,20230614,3975082,MXN,H,Deposito
100,000050000164,000013,20211001,20240222,4827226,MXN,S,Pago
100,000050000165,000001,20220117,20220704,4011565,USD,H,Comision
100,000050000165,000002,20220712,20220108,3969675,USD,S,Retiro
100,000050000165,000003,20240815,20240219,4657321,USD,H,Retiro
100,000050000165,000004,20220927,20240804,3063762,USD,S,Pago
100,000050000165,000005,20210607,20201205,3915041,USD,S,Transferencia
100,000050000165,000006,20221011,20240111,4246339,USD,S,Pago
100,000050000165,000007,20240926,20240218,134454,USD,S,Deposito
100,000050000165,000008,20230720,20221211,4648801,USD,H,Transferencia
100,000050000165,000009,20221108,20240723,686081,USD,H,Retiro
100,000050000165,000010,20210828,20220311,149840,USD,S,Pago
100,000050000165,000011,20230821,20241023,531616,USD,H,Transferencia
100,000050000166,000001,20210701,20210326,2294505,MXN,S,Retiro
100,000050000166,000002,20210317,20221226,4272626,MXN,S,Retiro
100,000050000166,000003,20220721,20220223,4518682,MXN,H,Transferencia
100,000050000166,000004,20200612,20230601,4613018,MXN,S,Retiro
100,000050000166,000005,20240120,20200424,2210801,MXN,S,Pago
100,000050000166,000006,20211119,20200907,4768414,MXN,S,Deposito
100,000050000166,000007,20230812,20200129,364464,MXN,S,Pago
100,000050000166,000008,20210420,20230429,950348,MXN,S,Retiro
100,000050000166,000009,20200514,20240304,2596295,MXN,S,Pago
100,000050000166,000010,20240325,20200321,4634174,MXN,H,Pago
100,000050000166,000011,20230826,20240617,3270471,MXN,S,Retiro
100,000050000166,000012,20230405,20200302,3107193,MXN,H,Deposito
100,000050000167,000001,20210114,20210525,1325380,CLP,H,Retiro
100,000050000167,000002,20210531,20240710,1164383,CLP,S,Retiro
100,000050000167,000003,20240627,20240104,4736047,CLP,H,Retiro
100,000050000167,000004,20230706,20200905,2600063,CLP,S,Pago
100,000050000167,000005,20220501,20240218,162762,CLP,H,Retiro
100,000050000167,000006,20200124,20201107,2373724,CLP,H,Pago
100,000050000167,000007,20200201,20210129,3622168,CLP,H,Transferencia
100,000050000167,000008,20230131,20220808,3636442,CLP,H,Deposito
100,000050000167,000009,20230808,20230910,3162572,CLP,H,Transferencia
100,000050000167,000010,20200304,20200627,4117076,CLP,H,Retiro
100,000050000168,000001,20230630,20240512,662584,USD,S,Comision
100,000050000168,000002,20230418,20200825,3611880,USD,S,Deposito
100,000050000168,000003,20200829,20241112,2128274,USD,S,Deposito
100,000050000168,000004,20211224,20200612,4208642,USD,S,Retiro
100,000050000168,000005,20240703,20210210,2248903,USD,H,Comision
100,000050000168,000006,20201005,20210302,4553022,USD,H,Retiro
100,000050000168,000007,20231111,20211222,662856,USD,H,Deposito
100,000050000168,000008,20240308,20230131,500952,USD,S,Transferencia
100,000050000168,000009,20221023,20201015,677802,USD,S,Transferencia
100,000050000169,000001,20200119,20241103,4194103,CLP,S,Comision
100,000050000169,000002,20210716,20230817,3847407,CLP,H,Retiro
100,000050000169,000003,20220118,20220912,399330,CLP,H,Comision
100,000050000169,000004,20210408,20211229,1508471,CLP,S,Transferencia
100,000050000169,000005,20241002,20201030,3037584,CLP,S,Deposito
100,000050000170,000001,20231021,20221027,3866454,MXN,S,Deposito
100,000050000170,000002,20221008,20240428,2190281,MXN,S,Retiro
100,000050000170,000003,20231207,20230726,1342295,MXN,H,Retiro
100,000050000170,000004,20230419,20240527,4772991,MXN,S,Comision
100,000050000170,000005,20220301,20240916,1854980,MXN,S,Comision
100,000050000170,000006,20210616,20200503,489532,MXN,S,Comision
100,000050000170,000007,20220108,20231022,1677431,MXN,H,Transferencia
100,000050000170,000008,20210918,20220407,2109036,MXN,S,Transferencia
100,000050000170,000009,20201218,20200327,2534073,MXN,S,Comision
100,000050000170,000010,20211106,20240618,4130691,MXN,S,Comision
100,000050000170,000011,20230826,20221007,987599,MXN,S,Deposito
100,000050000170,000012,20200906,20231228,4847554,MXN,S,Deposito
100,000050000170,000013,20240906,20200504,3969062,MXN,H,Transferencia
100,000050000170,000014,20210804,20230508,1658492,MXN,S,Comision
100,000050000170,000015,20240721,20201008,1710351,MXN,H,Retiro
100,000050000171,000001,20210911,20201203,4867455,MXN,H,Retiro
100,000050000171,000002,20220531,20231211,4818833,MXN,H,Retiro
100,000050000171,000003,20231031,20240823,1048800,MXN,H,Retiro
100,000050000171,000004,20230927,20200517,3258378,MXN,H,Comision
100,000050000171,000005,20210312,20210927,2127576,MXN,H,Transferencia
100,000050000171,000006,20230126,20220715,1867736,MXN,H,Retiro
100,000050000171,000007,20220321,20210509,1484379,MXN,S,Deposito
100,000050000171,000008,20221228,20240317,1342558,MXN,H,Deposito
100,50000171,000009,20230617,20200802,4955421,MXN,S,Deposito
100,000050000171,000010,20220314,20210328,4375896,MXN,S,Comision
100,000050000171,000011,20240824,20200126,2960702,MXN,S,Transferencia
100,000050000171,000012,20200725,20220104,2456976,MXN,S,Retiro
100,000050000171,000013,20200320,20230930,933267,MXN,S,Transferencia
100,000050000172,000001,20240905,20221218,1547583,MXN,H,Comision
100,000050000172,000002,20240210,20201011,4526550,MXN,S,Deposito
100,000050000172,000003,20220911,20211107,593650,MXN,H,Comision
100,000050000172,000004,20230516,20230504,3538577,MXN,S,Pago
100,000050000172,000005,20200826,20231119,3454337,MXN,H,Pago
100,000050000172,000006,20231115,20230622,442149,MXN,S,Transferencia
100,000050000172,000007,20200205,20240826,3711736,MXN,S,Pago
100,000050000172,000008,20200126,20240703,2929269,MXN,S,Pago
100,000050000172,000009,20211205,20230423,2468298,MXN,H,Retiro
100,000050000172,000010,20211004,20220520,1603221,MXN,S,Comision
100,000050000172,000011,20211216,20240527,2394991,MXN,S,Comision
100,000050000172,000012,20200318,20200808,3681560,MXN,H,Comision
100,000050000172,000013,20220827,20221130,1412110,MXN,H,Deposito
100,000050000172,000014,20220720,20231229,2855599,MXN,S,Retiro
100,000050000172,000015,20231017,20240215,2197166,MXN,S,Transferencia
100,000050000172,000016,20231129,20221113,1062937,MXN,S,Transferencia
100,000050000172,000017,20210808,20230217,3250611,MXN,S,Transferencia
100,000050000172,000018,20241116,20231020,4596534,MXN,S,Deposito
100,000050000173,000001,20230425,20220331,1389224,MXN,S,Retiro
100,000050000173,000002,20220215,20231027,641282,MXN,H,Pago
100,000050000173,000003,20220409,20220707,3581573,MXN,S,Retiro
100,000050000173,000004,20230216,20201127,3796857,MXN,H,Transferencia
100,000050000173,000005,20220702,20210324,3838500,MXN,S,Deposito
100,000050000173,000006,20210222,20220319,308263,MXN,H,Pago
100,000050000173,000007,20240421,20230901,2477088,MXN,S,Transferencia
100,000050000173,000008,20220603,20210316,3365009,MXN,H,Transferencia
100,000050000173,000009,20210506,20210507,1113837,MXN,S,Transferencia
100,000050000173,000010,20210713,20210728,3283568,MXN,H,Pago
100,000050000173,000011,20230902,20200708,1873767,MXN,S,Pago
100,000050000174,000001,20211002,20200222,4173911,USD,H,Retiro
100,50000174,000002,20201116,20220627,2118686,USD,H,Transferencia
100,000050000174,000003,20240428,20240430,3716817,USD,S,Comision
100,000050000174,000004,20210702,20200926,1404295,USD,S,Retiro
100,000050000174,000005,20221007,20211116,1197452,USD,S,Comision
100,000050000174,000006,20241014,20230210,4547990,USD,H,Transferencia
100,000050000174,000007,20240806,20200922,1660032,USD,S,Deposito
100,000050000174,000008,20240516,20231125,4529898,USD,H,Comision
100,000050000174,000009,20220302,20201103,592978,USD,S,Retiro
100,000050000174,000010,20201028,20200224,119920,USD,H,Pago
100,000050000174,000011,20220207,20221116,2337815,USD,H,Deposito
100,000050000174,000012,20231114,20221223,1094740,USD,H,Retiro
100,000050000174,000013,20240807,20230420,4402384,USD,H,Retiro
100,000050000174,000014,20240612,20220502,777794,USD,H,Comision
100,000050000174,000015,20210521,20221019,3458704,USD,S,Transferencia
100,000050000174,000016,20241028,20220911,4598691,USD,H,Retiro
100,000050000174,000017,20240913,20230220,441467,USD,H,Transferencia
100,000050000174,000018,20220912,20231115,3849009,USD,S,Comision
100,000050000174,000019,20230801,20240319,3100984,USD,S,Comision
100,000050000175,000001,20230429,20210609,4245123,MXN,H,Comision
100,000050000176,000001,20200429,20210828,1026160,MXN,S,Transferencia
100,000050000176,000002,20230620,20230320,742778,MXN,H,Deposito
100,000050000176,000003,20211102,20210902,4437136,MXN,H,Transferencia
100,000050000176,000004,20241025,20211225,3718547,MXN,S,Comision
100,000050000176,000005,20240330,20220614,1054245,MXN,H,Deposito
100,000050000176,000006,20220412,20230608,2208947,MXN,H,Transferencia
100,000050000176,000007,20210503,20240902,2676333,MXN,S,Transferencia
100,000050000176,000008,20220120,20200101,4582599,MXN,S,Comision
100,000050000176,000009,20220521,20210218,169774,MXN,H,Comision
100,000050000176,000010,20211109,20200818,1890288,MXN,H,Transferencia
100,000050000176,000011,20240630,20200619,3370862,MXN,S,Deposito
100,000050000176,000012,20240404,20230503,4015989,MXN,S,Retiro
100,000050000176,000013,20200821,20231002,3545909,MXN,S,Comision
100,000050000177,000001,20230114,20210916,4346205,JPY,H,Deposito
100,000050000177,000002,20200101,20200117,996731,JPY,S,Pago
100,000050000177,000003,20210217,20230604,2932920,JPY,S,Retiro
100,000050000177,000004,20230410,20211014,4559509,JPY,S,Transferencia
100,000050000177,000005,20200908,20230123,1438943,JPY,H,Retiro
100,000050000177,000006,20211118,20200224,2302211,JPY,H,Pago
100,000050000177,000007,20230301,20210923,4975940,JPY,S,Pago
100,000050000177,000008,20240113,20200719,4940386,JPY,H,Deposito
100,000050000177,000009,20201119,20220124,3610332,JPY,S,Comision
100,000050000177,000010,20241106,20240313,958834,JPY,H,Retiro
100,000050000177,000011,20240413,20230305,2469691,JPY,H,Transferencia
100,000050000177,000012,20240330,20230708,661510,JPY,S,Transferencia
100,000050000177,000013,20211101,20230211,4122737,JPY,S,Comision
100,000050000177,000014,20221128,20230510,4194748,JPY,H,Transferencia
100,000050000177,000015,20240629,20200519,3491300,JPY,H,Deposito
100,000050000178,000001,20201109,20241014,1676802,MXN,S,Pago
100,000050000178,000002,20220330,20210924,1493614,MXN,S,Deposito
100,000050000178,000003,20200831,20230220,2462379,MXN,S,Comision
100,000050000178,000004,20220313,20200224,4311637,MXN,S,Comision
100,000050000178,000005,20200516,20240216,4161561,MXN,H,Transferencia
100,000050000178,000006,20240317,20240209,180215,MXN,H,Pago
100,000050000178,000007,20201106,20220922,4182585,MXN,S,Comision
100,000050000178,000008,20230607,20230414,1564699,MXN,H,Pago
100,000050000178,000009,20231205,20210320,4141636,MXN,H,Retiro
100,000050000179,000001,20220629,20200223,1462637,MXN,H,Deposito
100,000050000179,000002,20230811,20200731,738024,MXN,H,Deposito
100,000050000179,000003,20200820,20220619,4330736,MXN,H,Pago
100,000050000179,000004,20231226,20220219,3699206,MXN,H,Pago
100,000050000179,000005,20220217,20240315,3279669,MXN,H,Transferencia
100,000050000179,000006,20230809,20221101,308264,MXN,S,Deposito
100,000050000179,000007,20200730,20210512,273994,MXN,H,Retiro
100,000050000179,000008,20220506,20210818,913512,MXN,S,Retiro
100,000050000179,000009,20220829,20210816,166554,MXN,S,Deposito
100,000050000179,000010,20201119,20241104,2829800,MXN,H,Pago
100,000050000179,000011,20220711,20220303,3372264,MXN,H,Pago
100,000050000179,000012,20240724,20200713,2851704,MXN,S,Pago
100,000050000179,000013,20230127,20200727,3393159,MXN,H,Transferencia
100,000050000180,000001,20200108,20230523,4767365,MXN,S,Comision
100,000050000180,000002,20210405,20240609,3536900,MXN,H,Retiro
100,000050000180,000003,20240322,20200127,639514,MXN,S,Comision
100,000050000180,000004,20230513,20221019,2313143,MXN,S,Pago
100,000050000180,000005,20201228,20221229,1259102,MXN,S,Deposito
100,000050000180,000006,20200825,20240601,4798512,MXN,H,Comision
100,000050000180,000007,20220917,20220910,3860530,MXN,S,Transferencia
100,000050000180,000008,20230603,20231219,793712,MXN,H,Retiro
100,000050000180,000009,20220211,20230713,4127698,MXN,S,Retiro
100,000050000181,000001,20240712,20230215,1191617,MXN,H,Transferencia
100,000050000181,000002,20211121,20240915,2637508,MXN,H,Transferencia
100,000050000181,000003,20240822,20220621,312227,MXN,S,Deposito
100,000050000181,000004,20240118,20200526,499411,MXN,H,Deposito
100,000050000181,000005,20221207,20200229,4405079,MXN,H,Comision
100,000050000181,000006,20231217,20211004,4383210,MXN,H,Transferencia
100,000050000181,000007,20220529,20230610,4854151,MXN,H,Deposito
100,000050000181,000008,20200509,20210618,2377291,MXN,H,Retiro
100,000050000181,000009,20210606,20220610,1569440,MXN,S,Retiro
100,000050000181,000010,20200719,20230308,4095350,MXN,H,Retiro
100,000050000181,000011,20200210,20230707,562138,MXN,H,Transferencia
100,000050000181,000012,20230922,20200622,2788486,MXN,S,Retiro
100,000050000181,000013,20201025,20200625,3056161,MXN,H,Transferencia
100,000050000181,000014,20201209,20230719,990664,MXN,S,Comision
100,000050000181,000015,20200419,20230505,3947620,MXN,S,Transferencia
100,000050000182,000001,20210203,20220802,1279318,MXN,S,Transferencia
100,000050000182,000002,20221104,20220710,1496085,MXN,S,Retiro
100,000050000182,000003,20240720,20210328,473568,MXN,S,Pago
100,000050000182,000004,20200909,20210516,597149,MXN,S,Deposito
100,000050000182,000005,20240824,20220725,804471,MXN,H,Deposito
100,000050000182,000006,20200815,20240703,3083049,MXN,H,Deposito
100,000050000182,000007,20230925,20240713,2942499,MXN,S,Comision
100,000050000182,000008,20230517,20210702,4801185,MXN,H,Pago
100,000050000182,000009,20220111,20210715,1582924,MXN,H,Retiro
100,000050000182,000010,20231016,20230718,4210732,MXN,H,Pago
100,000050000182,000011,20210516,20221130,2762497,MXN,H,Pago
100,000050000182,000012,20240501,20240510,2625797,MXN,S,Transferencia
100,000050000183,000001,20220727,20211110,210169,USD,S,Retiro
100,000050000183,000002,20221014,20200412,4855434,USD,S,Deposito
100,000050000183,000003,20210823,20200223,3990628,USD,S,Transferencia
100,000050000183,000004,20241106,20220406,4075942,USD,S,Transferencia
100,000050000183,000005,20201127,20220704,3990473,USD,S,Pago
100,000050000183,000006,20240613,20201223,1774650,USD,H,Deposito
100,000050000183,000007,20220128,20211027,4292268,USD,H,Retiro
100,000050000183,000008,20220301,20240727,1835253,USD,S,Transferencia
100,000050000183,000009,20231031,20211217,56324,USD,H,Deposito
100,000050000183,000010,20220122,20230421,649460,USD,S,Comision
100,000050000183,000011,20200625,20210428,4153510,USD,S,Deposito
100,000050000183,000012,20201209,20241006,4471382,USD,S,Deposito
100,000050000183,000013,20211205,20210601,2157836,USD,H,Transferencia
100,000050000183,000014,20220602,20200222,2484031,USD,S,Deposito
100,000050000183,000015,20240511,20240520,1955846,USD,H,Pago
100,000050000184,000001,20200208,20200215,2235149,CLP,S,Retiro
100,000050000184,000002,20210503,20200707,4102117,CLP,S,Comision
100,000050000184,000003,20200508,20230512,2059218,CLP,H,Comision
100,000050000184,000004,20240203,20230210,1693490,CLP,S,Transferencia
100,000050000184,000005,20200612,20201117,1503689,CLP,H,Deposito
100,000050000184,000006,20210916,20241010,2963604,CLP,S,Retiro
100,000050000184,000007,20231106,20201201,1736197,CLP,S,Comision
100,000050000184,000008,20240625,20230623,3689125,CLP,H,Transferencia
100,000050000184,000009,20240213,20240726,987923,CLP,H,Pago
100,000050000184,000010,20240410,20231018,1589894,CLP,S,Retiro
100,000050000184,000011,20210723,20220920,921054,CLP,S,Transferencia
100,000050000184,000012,20230329,20220529,2745447,CLP,H,Pago
100,000050000185,000001,20200624,20200604,140313,MXN,S,Transferencia
100,000050000185,000002,20220426,20220515,3472050,MXN,S,Transferencia
100,000050000185,000003,20220110,20200922,3406261,MXN,H,Transferencia
100,000050000185,000004,20240308,20240114,3679067,MXN,H,Comision
100,000050000185,000005,20230221,20200210,2085950,MXN,H,Retiro
100,000050000185,000006,20210505,20240427,4801211,MXN,H,Comision
100,000050000185,000007,20230104,20240924,3562602,MXN,H,Transferencia
100,000050000185,000008,20230719,20200616,1337188,MXN,H,Deposito
100,000050000185,000009,20210125,20201203,1381724,MXN,H,Retiro
100,000050000185,000010,20200607,20201127,4392548,MXN,H,Transferencia
100,000050000185,000011,20220203,20210202,1920436,MXN,H,Retiro
100,000050000185,000012,20201128,20230201,2861148,MXN,H,Retiro
100,000050000185,000013,20210821,20240805,4351722,MXN,H,Transferencia
100,000050000185,000014,20211006,20230621,1473474,MXN,S,Comision
100,000050000185,000015,20231215,20230718,34445,MXN,S,Retiro
100,000050000185,000016,20240202,20211028,1172984,MXN,H,Transferencia
100,000050000185,000017,20200423,20201103,3115940,MXN,H,Retiro
100,000050000185,000018,20240605,20231211,3426703,MXN,H,Pago
100,000050000185,000019,20210422,20230923,2609745,MXN,H,Retiro
100,000050000186,000001,20240803,20240329,4317691,MXN,S,Deposito
100,000050000186,000002,20230306,20220330,1015959,MXN,H,Deposito
100,000050000186,000003,20201205,20210313,2389990,MXN,H,Pago
100,000050000186,000004,20220930,20221005,3932751,MXN,S,Comision
100,000050000186,000005,20230128,20220703,1107248,MXN,S,Retiro
100,000050000186,000006,20200809,20221225,1475399,MXN,S,Retiro
100,000050000186,000007,20231106,20240219,3116603,MXN,S,Retiro
100,000050000186,000008,20230218,20241108,4442914,MXN,H,Deposito
100,000050000186,000009,20220825,20240420,3560387,MXN,H,Pago
100,000050000186,000010,20230104,20220604,3040672,MXN,H,Retiro
100,000050000186,000011,20220113,20221214,3848619,MXN,H,Pago
100,000050000186,000012,20240904,20200203,3457052,MXN,S,Transferencia
100,000050000186,000013,20240811,20200428,3751492,MXN,H,Deposito
100,000050000187,000001,20231206,20221124,2420518,MXN,S,Retiro
100,000050000187,000002,20200603,20230424,738399,MXN,S,Transferencia
100,000050000187,000003,20200413,20231224,3909866,MXN,S,Pago
100,000050000187,000004,20200221,20200521,4886360,MXN,S,Retiro
100,000050000187,000005,20240121,20241126,314320,MXN,S,Pago
100,000050000187,000006,20241012,20210131,146748,MXN,S,Pago
100,000050000187,000007,20230205,20240716,486532,MXN,S,Retiro
100,000050000187,000008,20230219,20220814,3922848,MXN,S,Deposito
100,000050000187,000009,20210707,20210304,3479839,MXN,H,Pago
100,000050000187,000010,20240106,20210606,1532034,MXN,S,Pago
100,000050000187,000011,20230214,20231103,1334075,MXN,H,Retiro
100,000050000187,000012,20240916,20210205,2212380,MXN,H,Comision
100,000050000187,000013,20210526,20201015,3370082,MXN,H,Comision
100,000050000187,000014,20230519,20200915,2336027,MXN,H,Pago
100,000050000188,000001,20220307,20210623,4729793,MXN,S,Comision
100,000050000188,000002,20200907,20220706,691342,MXN,S,Comision
100,000050000188,000003,20220331,20210624,795683,MXN,H,Retiro
100,000050000188,000004,20200221,20220314,2166093,MXN,H,Comision
100,000050000188,000005,20210511,20231027,4248513,MXN,H,Pago
100,000050000188,000006,20241011,20241012,823658,MXN,H,Retiro
100,000050000188,000007,20221126,20200520,1592752,MXN,S,Comision
100,000099002178,000008,20240527,20220930,4325062,MXN,S,Comision
100,000050000188,000009,20211227,20210422,1553765,MXN,H,Pago
100,000050000188,000010,20230827,20230722,598830,MXN,S,Retiro
100,000050000189,000001,20240428,20220330,1137304,MXN,H,Deposito
100,000050000189,000002,20240831,20230610,3987021,MXN,H,Pago
100,000050000189,000003,20220103,20200427,1103144,MXN,H,Retiro
100,000050000189,000004,20240603,20240912,2130193,MXN,H,Transferencia
100,000050000189,000005,20220804,20201113,2092063,MXN,S,Retiro
100,000050000189,000006,20200724,20201101,1325418,MXN,S,Deposito
100,000050000189,000007,20220318,20211101,711033,MXN,H,Deposito
100,000050000189,000008,20200101,20210125,4151558,MXN,S,Pago
100,000050000189,000009,20211209,20200825,1640601,MXN,S,Comision
100,000050000189,000010,20220222,20211226,2817101,MXN,S,Transferencia
100,000050000189,000011,20200329,20211230,1123007,MXN,H,Transferencia
100,000050000189,000012,20230704,20200716,2360833,MXN,S,Comision
100,000050000189,000013,20200808,20201115,2512575,MXN,S,Deposito
100,000050000189,000014,20240927,20230916,2512341,MXN,S,Transferencia
100,000050000190,000001,20210604,20240506,3050808,MXN,H,Pago
100,000050000190,000002,20200513,20200728,4876023,MXN,S,Transferencia
100,000050000190,000003,20240729,20230322,1392274,MXN,H,Deposito
100,000050000190,000004,20241008,20230730,107273,MXN,H,Transferencia
100,000050000190,000005,20230426,20211216,748848,MXN,H,Deposito
100,000050000190,000006,20210506,20230517,1541919,MXN,S,Retiro
100,000050000190,000007,20220219,20230407,489773,MXN,S,Deposito
100,000050000191,000001,20230208,20230714,3233207,MXN,S,Pago
100,000050000191,000002,20200219,20210630,2701939,MXN,S,Deposito
100,000050000191,000003,20210826,20240512,3377383,MXN,H,Retiro
100,000050000191,000004,20230725,20210722,3716631,MXN,S,Deposito
100,000050000191,000005,20240714,20231110,2167299,MXN,S,Retiro
100,000050000192,000001,20201111,20210606,1647385,USD,H,Deposito
100,000050000192,000002,20200917,20221109,492496,USD,S,Pago
100,000050000192,000003,20200622,20230816,3530833,USD,S,Pago
100,000050000192,000004,20201027,20240314,65987,USD,H,Pago
100,000050000192,000005,20200526,20240327,1352094,USD,H,Transferencia
100,000050000192,000006,20240420,20221118,2214930,USD,S,Pago
100,000050000192,000007,20230412,20230716,5653,USD,H,Transferencia
100,000050000193,000001,20241030,20241125,797608,USD,S,Deposito
100,000050000193,000002,20220731,20211004,1867734,USD,S,Pago
100,000050000193,000003,20240910,20220526,1818713,USD,H,Comision
100,000050000193,000004,20200816,20221016,4490796,USD,S,Comision
100,000050000193,000005,20210105,20221015,1668273,USD,S,Pago
100,000050000193,000006,20230528,20221026,4725952,USD,S,Transferencia
100,000050000193,000007,20231122,20220108,3964892,USD,H,Deposito
100,000050000193,000008,20231002,20210417,3565013,USD,S,Deposito
100,000050000193,000009,20240123,20210617,646986,USD,S,Retiro
100,000050000193,000010,20220825,20231117,1070461,USD,S,Transferencia
100,000050000193,000011,20200112,20241124,3802071,USD,H,Comision
100,000050000194,000001,20241028,20220329,2888893,MXN,H,Comision
100,000050000194,000002,20210409,20220904,1101110,MXN,H,Transferencia
100,000050000194,000003,20231125,20211207,864490,MXN,H,Comision
100,000050000194,000004,20210512,20200108,1733779,MXN,H,Retiro
100,000050000194,000005,20200914,20221211,3130993,MXN,S,Comision
100,000050000194,000006,20230704,20240510,128139,MXN,S,Transferencia
100,000050000194,000007,20241021,20230831,774987,MXN,H,Comision
100,000050000194,000008,20220701,20210725,228026,MXN,H,Deposito
100,000050000194,000009,20230622,20240810,4667896,MXN,H,Pago
100,000050000195,000001,20231125,20230813,4541642,MXN,H,Deposito
100,000050000195,000002,20200211,20211223,2903108,MXN,S,Transferencia
100,000050000195,000003,20200913,20220916,3760394,MXN,H,Deposito
100,000050000195,000004,20220621,20210629,4663360,MXN,S,Transferencia
100,000050000195,000005,20200715,20230110,1698938,MXN,H,Pago
100,000050000195,000006,20240315,20210119,1646876,MXN,S,Comision
100,000050000195,000007,20210202,20240122,2141276,MXN,H,Transferencia
100,000050000195,000008,20221207,20240630,1167547,MXN,H,Retiro
100,000050000195,000009,20230127,20220128,2326909,MXN,S,Pago
100,000050000195,000010,20201127,20210213,1574118,MXN,H,Deposito
100,000050000195,000011,20230727,20210919,906110,MXN,H,Transferencia
100,000050000195,000012,20220126,20200619,4942254,MXN,S,Comision
100,000050000195,000013,20220104,20201024,1971226,MXN,S,Deposito
100,000050000195,000014,20211106,20230613,886641,MXN,H,Retiro
100,000050000195,000015,20200525,20240829,3015212,MXN,H,Pago
100,000050000195,000016,20220426,20200911,575595,MXN,S,Comision
100,000050000195,000017,20220406,20221225,1212415,MXN,H,Retiro
100,000050000195,000018,20221125,20231119,2629888,MXN,H,Deposito
100,000050000195,000019,20230516,20210530,4971599,MXN,H,Deposito
100,000050000195,000020,20201203,20220411,2348259,MXN,H,Pago
100,000050000195,000021,20230720,20230525,652290,MXN,S,Comision
100,000050000196,000001,20211022,20200929,4681823,MXN,H,Transferencia
100,000050000196,000002,20200213,20230601,4255127,MXN,H,Retiro
100,000050000196,000003,20231019,20211117,1453043,MXN,H,Retiro
100,000050000196,000004,20221119,20210217,2701220,MXN,H,Deposito
100,000050000196,000005,20231005,20200705,724647,MXN,H,Retiro
100,000050000196,000006,20201023,20230911,1754089,MXN,H,Transferencia
100,000050000196,000007,20220917,20200925,1343216,MXN,H,Comision
100,000050000196,000008,20221004,20200116,2340747,MXN,H,Deposito
100,000050000196,000009,20200429,20240629,2480205,MXN,H,Comision
100,000050000196,000010,20240602,20221027,4281424,MXN,S,Pago
100,000050000197,000001,20200107,20200817,4750698,USD,S,Transferencia
100,000050000197,000002,20231113,20200729,3680505,USD,S,Comision
100,000050000197,000003,20241023,20240104,3555702,USD,S,Transferencia
100,000050000197,000004,20230611,20200920,1826444,USD,H,Deposito
100,000050000197,000005,20201127,20240728,2426810,USD,H,Pago
100,000050000197,000006,20220318,20231205,2174462,USD,S,Comision
100,000050000197,000007,20240204,20220628,287854,USD,H,Transferencia
100,000050000197,000008,20230201,20211026,1334260,USD,S,Retiro
100,000050000197,000009,20200217,20240506,818331,USD,H,Retiro
100,000050000197,000010,20220308,20210825,4516408,USD,H,Transferencia
100,000050000197,000011,20210823,20230331,2630948,USD,S,Pago
100,000050000198,000001,20210628,20220413,910362,JPY,H,Pago
100,000050000198,000002,20230131,20240414,1717327,JPY,S,Pago
100,000050000198,000003,20211208,20230122,2877395,JPY,H,Comision
100,000050000198,000004,20220308,20230722,4898081,JPY,H,Comision
100,000050000198,000005,20200705,20211104,3690827,JPY,H,Comision
100,000050000198,000006,20241009,20230612,1943439,JPY,S,Pago
100,000050000198,000007,20230627,20220125,4216421,JPY,S,Retiro
100,000050000198,000008,20201001,20200608,2858506,JPY,S,Comision
100,000050000199,000001,20221128,20200630,2422087,MXN,H,Retiro
100,000050000199,000002,20201029,20210421,927735,MXN,S,Transferencia
100,000050000199,000003,20210213,20200203,3380956,MXN,H,Retiro
100,000050000199,000004,20201006,20240206,3189667,MXN,S,Deposito
100,000050000199,000005,20210724,20230218,4599853,MXN,S,Transferencia
100,000050000199,000006,20220305,20221107,945173,MXN,H,Transferencia
100,000050000199,000007,20200908,20220608,1424685,MXN,S,Transferencia
100,000050000199,000008,20240205,20240415,4672927,MXN,H,Retiro
100,000050000199,000009,20220528,20230904,3293037,MXN,H,Transferencia
100,000050000199,000010,20210608,20240225,2932250,MXN,S,Retiro
100,000050000200,000001,20220615,20210920,3923315,MXN,H,Pago
100,50000200,000002,20210319,20241030,1730946,MXN,H,Deposito
100,000050000200,000003,20220922,20200212,4148021,MXN,H,Comision
100,000050000200,000004,20231025,20210706,4431954,MXN,H,Retiro
100,000050000200,000005,20210531,20240723,243373,MXN,S,Comision
100,000050000200,000006,20200929,20230717,1920518,MXN,H,Pago
100,000050000200,000007,20240527,20220424,2640214,MXN,S,Pago
100,000050000200,000008,20211220,20221023,2589377,MXN,H,Retiro
100,000050000200,000009,20240729,20240901,134557,MXN,S,Transferencia
100,000050000200,000010,20240116,20240926,1983101,MXN,S,Transferencia
100,000099002304,000011,20240527,20220321,74303,MXN,H,Comision
100,000050000200,000012,20230321,20240703,3840933,MXN,S,Pago
100,000050000201,000001,20210904,20201212,998744,MXN,S,Pago
100,000050000201,000002,20230703,20200816,4914282,MXN,H,Retiro
100,000050000201,000003,20200831,20230924,423902,MXN,S,Pago
100,000050000201,000004,20231222,20241022,1373387,MXN,H,Comision
100,000050000201,000005,20200627,20230621,624044,MXN,H,Pago
100,000050000201,000006,20200708,20211216,4865264,MXN,S,Comision
100,000050000201,000007,20230510,20240616,487331,MXN,H,Pago
100,000050000201,000008,20210213,20201219,4621600,MXN,H,Transferencia
100,000050000202,000001,20200513,20201116,2176781,MXN,S,Retiro
100,000050000202,000002,20220413,20220824,2821725,MXN,H,Comision
100,000050000202,000003,20211128,20240115,959448,MXN,S,Comision
100,000050000202,000004,20211108,20240106,3912677,MXN,H,Transferencia
100,000050000202,000005,20240519,20210808,4594886,MXN,H,Deposito
100,000050000202,000006,20201115,20210723,523769,MXN,S,Retiro
100,000050000202,000007,20230809,20201012,1874768,MXN,H,Transferencia
100,000050000202,000008,20241028,20240713,3749286,MXN,S,Deposito
100,000050000202,000009,20230410,20240528,1831202,MXN,H,Comision
100,000050000202,000010,20210522,20210103,1454131,MXN,S,Pago
100,000050000202,000011,20210130,20240617,621210,MXN,H,Retiro
100,000050000202,000012,20210122,20231129,4306751,MXN,H,Pago
100,000050000202,000013,20210206,20200804,4398429,MXN,H,Comision
100,000050000203,000001,20210506,20230429,2550401,USD,H,Comision
100,000050000203,000002,20200402,20231114,380572,USD,S,Deposito
100,000050000203,000003,20240805,20230511,3952349,USD,S,Comision
100,000050000203,000004,20200610,20210603,2817078,USD,H,Retiro
100,000050000203,000005,20241202,20210304,4600564,USD,S,Comision
100,000050000204,000001,20200110,20210215,2795754,MXN,S,Pago
100,000050000204,000002,20240518,20240806,3456101,MXN,H,Pago
100,000050000204,000003,20200327,20230331,1875403,MXN,S,Deposito
100,000050000204,000004,20210811,20201010,4858076,MXN,H,Comision
100,000050000204,000005,20220829,20220308,4246522,MXN,S,Transferencia
100,000050000204,000006,20230526,20240412,1927496,MXN,H,Transferencia
100,000050000204,000007,20210115,20210106,2571084,MXN,H,Comision
100,000050000204,000008,20240628,20210830,291423,MXN,H,Transferencia
100,000050000204,000009,20231031,20210211,1232992,MXN,S,Pago
100,000050000204,000010,20240617,20210313,2336861,MXN,S,Retiro
100,000050000205,000001,20211109,20220807,2678239,USD,H,Comision
100,000050000205,000002,20230312,20231018,287283,USD,S,Pago
100,000050000205,000003,20220302,20220617,2853182,USD,H,Deposito
100,000050000205,000004,20221026,20211120,3667654,USD,S,Transferencia
100,000050000205,000005,20200927,20210921,4931387,USD,S,Transferencia
100,000050000206,000001,20210125,20231212,4363431,MXN,H,Comision
100,000050000206,000002,20230525,20200124,4331692,MXN,H,Transferencia
100,000050000206,000003,20221002,20210315,717023,MXN,S,Retiro
100,000050000206,000004,20201103,20240715,15589,MXN,S,Retiro
100,000050000206,000005,20211221,20211117,2902406,MXN,H,Pago
100,000050000206,000006,20220515,20231214,4968710,MXN,H,Comision
100,000050000206,000007,20211119,20231105,270636,MXN,H,Pago
100,000050000206,000008,20240315,20210330,1148368,MXN,S,Transferencia
100,000050000206,000009,20200306,20210118,2615947,MXN,H,Deposito
100,000050000207,000001,20210321,20201216,2163063,MXN,S,Transferencia
100,000050000207,000002,20221202,20210612,3722696,MXN,H,Deposito
100,000050000207,000003,20200516,20220517,2546727,MXN,H,Transferencia
100,000050000207,000004,20240430,20210110,402067,MXN,H,Comision
100,000050000207,000005,20240823,20240821,4467505,MXN,S,Deposito
100,000050000207,000006,20211231,20200303,820634,MXN,S,Transferencia
100,000050000207,000007,20210810,20231212,324723,MXN,S,Pago
100,000050000207,000008,20210624,20241125,2971540,MXN,H,Transferencia
100,000050000207,000009,20220720,20210505,1163146,MXN,H,Deposito
100,000050000207,000010,20240927,20220211,2695138,MXN,H,Transferencia
100,000050000207,000011,20240224,20221116,4938885,MXN,S,Pago
100,000050000207,000012,20220220,20200224,2291655,MXN,S,Pago
100,000050000208,000001,20220901,20230901,1095901,MXN,H,Pago
100,000050000208,000002,20231003,20211213,3829539,MXN,H,Comision
100,000050000208,000003,20230329,20210904,5463,MXN,S,Transferencia
100,000050000208,000004,20220403,20210605,1597718,MXN,H,Transferencia
100,000050000208,000005,20230805,20230607,610125,MXN,H,Transferencia
100,000050000208,000006,20230419,20200811,3273472,MXN,H,Comision
100,000050000208,000007,20221114,20200805,3921766,MXN,S,Retiro
100,000050000208,000008,20210728,20230712,2749471,MXN,H,Transferencia
100,000050000208,000009,20240227,20231101,300363,MXN,S,Transferencia
100,000050000208,000010,20240321,20230306,3036216,MXN,H,Deposito
100,000050000208,000011,20210925,20221126,3513309,MXN,S,Comision
100,000050000208,000012,20240620,20201017,404194,MXN,H,Transferencia
100,000050000208,000013,20220801,20240609,2860711,MXN,S,Pago
100,000050000208,000014,20210926,20200918,592065,MXN,H,Deposito
100,000050000208,000015,20231114,20230926,4881478,MXN,S,Deposito
100,000050000209,000001,20220210,20240704,1212988,MXN,S,Pago
100,000050000209,000002,20200430,20240827,2337753,MXN,S,Comision
100,000050000209,000003,20231013,20220912,4331582,MXN,H,Pago
100,000050000209,000004,20210507,20220228,2533549,MXN,S,Pago
100,000050000209,000005,20230427,20210129,2785167,MXN,S,Deposito
100,000050000209,000006,20211206,20200117,2203005,MXN,H,Transferencia
100,000050000209,000007,20230924,20231008,346344,MXN,S,Comision
100,000050000209,000008,20220727,20230717,632590,MXN,H,Retiro
100,000050000209,000009,20201214,20231004,1982924,MXN,H,Deposito
100,000050000209,000010,20210903,20230813,3007882,MXN,H,Retiro
100,000050000209,000011,20221124,20200318,4648968,MXN,H,Comision
100,000050000209,000012,20220701,20230413,4281793,MXN,H,Comision
100,000050000209,000013,20200727,20220213,2310198,MXN,S,Pago
100,000050000209,000014,20200109,20201006,2181819,MXN,H,Deposito
100,000050000209,000015,20210222,20230207,681592,MXN,H,Retiro
100,000050000209,000016,20201224,20240626,2853892,MXN,S,Comision
100,000050000209,000017,20240924,20240229,497930,MXN,H,Retiro
100,000050000209,000018,20200205,20210317,4585926,MXN,H,Pago
100,000050000210,000001,20241123,20210311,3833694,USD,H,Transferencia
100,000050000210,000002,20200709,20230914,3280298,USD,S,Transferencia
100,000050000210,000003,20200810,20211112,2552715,USD,S,Comision
100,000050000210,000004,20220604,20230103,3285916,USD,H,Comision
100,000050000210,000005,20240110,20200829,4611358,USD,H,Pago
100,000050000210,000006,20230623,20211101,4889729,USD,H,Deposito
100,000050000210,000007,20201114,20240825,477010,USD,S,Retiro
100,000050000210,000008,20230131,20220522,2334689,USD,H,Retiro
100,000050000210,000009,20230524,20221015,1067782,USD,H,Transferencia
100,000050000210,000010,20200213,20240422,868983,USD,H,Transferencia
100,000050000210,000011,20210910,20200925,3994107,USD,S,Transferencia
100,000050000211,000001,20210605,20231002,2899962,MXN,H,Comision
100,000050000211,000002,20211016,20230127,3222743,MXN,H,Transferencia
100,000050000211,000003,20200527,20230322,4543115,MXN,H,Deposito
100,000050000211,000004,20220824,20200605,1163217,MXN,H,Comision
100,000050000211,000005,20240116,20220102,920697,MXN,H,Comision
100,000050000211,000006,20210318,20201220,3681353,MXN,S,Deposito
100,000050000211,000007,20230829,20200717,2465027,MXN,H,Retiro
100,000050000212,000001,20230614,20210120,2235375,MXN,S,Deposito
100,000050000212,000002,20200313,20211201,231567,MXN,S,Retiro
100,000050000212,000003,20240115,20220818,4075639,MXN,S,Pago
100,000050000212,000004,20231002,20200412,452056,MXN,S,Comision
100,000050000212,000005,20230623,20201216,1019958,MXN,H,Transferencia
100,000050000212,000006,20230626,20210501,378827,MXN,H,Transferencia
100,000050000212,000007,20231013,20210904,3807996,MXN,S,Retiro
100,000050000212,000008,20200415,20200731,948317,MXN,H,Retiro
100,000050000212,000009,20220718,20200313,3144180,MXN,S,Transferencia
100,000050000212,000010,20210825,20211211,2142783,MXN,S,Deposito
100,000050000213,000001,20220304,20230525,4060931,USD,H,Pago
100,000050000213,000002,20231025,20231208,1949209,USD,H,Pago
100,000050000213,000003,20200423,20210923,4319221,USD,S,Transferencia
100,000050000213,000004,20210122,20200420,4820345,USD,S,Pago
100,000050000213,000005,20241115,20221212,1052694,USD,H,Pago
100,000050000213,000006,20220220,20210803,1730281,USD,H,Retiro
100,000050000213,000007,20210411,20231210,3589075,USD,H,Retiro
100,000050000213,000008,20230315,20231217,2637350,USD,S,Deposito
100,000050000213,000009,20240916,20220529,1833376,USD,S,Transferencia
100,000050000213,000010,20200617,20230211,405885,USD,H,Retiro
100,000050000213,000011,20231123,20231130,2636511,USD,H,Comision
100,000050000213,000012,20240126,20230130,3812480,USD,S,Retiro
100,000050000213,000013,20230809,20210612,3095193,USD,S,Deposito
100,000050000213,000014,20240815,20210912,800051,USD,S,Deposito
100,000050000213,000015,20211228,20211218,1540574,USD,S,Comision
100,000050000213,000016,20220905,20210601,3625774,USD,S,Transferencia
100,000050000213,000017,20200907,20220925,1857061,USD,S,Retiro
100,000050000214,000001,20210718,20240317,3496240,MXN,H,Deposito
100,000050000214,000002,20221013,20221015,1133122,MXN,S,Deposito
100,000050000214,000003,20200708,20240719,80714,MXN,S,Deposito
100,000050000214,000004,20200308,20230810,4440173,MXN,S,Retiro
100,000050000214,000005,20230204,20240222,331022,MXN,S,Comision
100,000050000214,000006,20220922,20210226,2722168,MXN,H,Deposito
100,000050000214,000007,20210114,20201209,1315018,MXN,S,Deposito
100,000050000214,000008,20221025,20210614,807317,MXN,H,Retiro
100,000050000215,000001,20230727,20220409,401756,USD,H,Retiro
100,000050000215,000002,20200113,20230815,1034672,USD,S,Transferencia
100,000050000215,000003,20200816,20241102,4889745,USD,H,Deposito
100,000050000215,000004,20220714,20240201,4650313,USD,S,Transferencia
100,000050000215,000005,20200617,20200816,3544719,USD,H,Deposito
100,000050000215,000006,20230221,20210823,2561328,USD,H,Pago
100,000050000215,000007,20240916,20200309,1491662,USD,S,Retiro
100,000050000215,000008,20210510,20210111,1309913,USD,S,Deposito
100,000050000215,000009,20231129,20230513,848066,USD,S,Comision
100,000050000215,000010,20220105,20220102,4776297,USD,H,Transferencia
100,000050000215,000011,20211213,20201029,830326,USD,H,Pago
100,000050000215,000012,20200913,20240927,4672206,USD,H,Deposito
100,000050000215,000013,20231207,20240624,2365197,USD,S,Transferencia
100,000050000215,000014,20201024,20200716,2376908,USD,S,Transferencia
100,000050000216,000001,20240629,20220223,1168263,MXN,S,Transferencia
100,000050000216,000002,20240317,20221125,3758171,MXN,H,Retiro
100,000050000216,000003,20220412,20231004,4178748,MXN,H,Deposito
100,000050000216,000004,20200528,20220315,1843752,MXN,S,Retiro
100,000050000216,000005,20200407,20210602,954048,MXN,S,Comision
100,000050000216,000006,20211119,20220628,2119848,MXN,H,Transferencia
100,000050000216,000007,20200414,20210308,3850121,MXN,S,Pago
100,000050000216,000008,20240502,20210508,59563,MXN,S,Comision
100,000050000216,000009,20200909,20230606,3171669,MXN,S,Transferencia
100,000050000216,000010,20240617,20200401,4240349,MXN,H,Retiro
100,000050000216,000011,20221004,20241124,4854383,MXN,H,Comision
100,000050000216,000012,20211111,20200206,2615879,MXN,H,Pago
100,000050000216,000013,20200227,20210311,3987248,MXN,H,Comision
100,000050000216,000014,20230517,20230722,1253110,MXN,S,Deposito
100,000050000216,000015,20221105,20230906,3458004,MXN,S,Retiro
100,000050000217,000001,20201029,20200429,4676479,MXN,H,Pago
100,000050000217,000002,20210102,20230402,3748719,MXN,S,Pago
100,000050000217,000003,20240729,20230129,4465314,MXN,S,Deposito
100,000050000217,000004,20220202,20230610,3682774,MXN,S,Retiro
100,000050000217,000005,20200726,20240214,2505556,MXN,H,Deposito
100,000050000217,000006,20200705,20201008,3430346,MXN,H,Comision
100,000050000217,000007,20220511,20221109,3705176,MXN,S,Retiro
100,000050000217,000008,20240707,20200527,479096,MXN,S,Deposito
100,000050000217,000009,20200329,20210228,4982283,MXN,H,Transferencia
100,000050000217,000010,20221218,20240406,2282373,MXN,S,Comision
100,000050000217,000011,20240916,20210812,851773,MXN,S,Deposito
100,000050000217,000012,20210903,20200820,2513590,MXN,H,Comision
100,000050000217,000013,20240405,20220819,3115985,MXN,H,Deposito
100,000050000218,000001,20210119,20211010,1944914,JPY,H,Transferencia
100,000050000218,000002,20231002,20240727,2643641,JPY,S,Retiro
100,000050000218,000003,20200306,20220205,4487523,JPY,H,Pago
100,000050000218,000004,20230525,20200331,3890371,JPY,H,Deposito
100,000050000218,000005,20240416,20220703,2382421,JPY,S,Pago
100,000050000218,000006,20231114,20230201,1481865,JPY,H,Comision
100,000050000218,000007,20240304,20200810,3584240,JPY,H,Transferencia
100,000050000218,000008,20201206,20201003,1229062,JPY,H,Retiro
100,000050000218,000009,20230201,20201126,3951799,JPY,S,Pago
100,000050000218,000010,20230426,20200412,652781,JPY,S,Pago
100,000050000218,000011,20240621,20210703,562520,JPY,H,Deposito
100,000050000218,000012,20241101,20240901,2882650,JPY,S,Pago
100,000050000218,000013,20230405,20210308,4508868,JPY,H,Transferencia
100,000050000219,000001,20200227,20210920,663302,USD,H,Comision
100,000050000219,000002,20240910,20210801,1247004,USD,S,Transferencia
100,000050000219,000003,20240627,20230113,933827,USD,H,Deposito
100,000050000219,000004,20241119,20220815,4184180,USD,H,Deposito
100,000050000219,000005,20220329,20240830,2195337,USD,S,Transferencia
100,000050000219,000006,20240504,20220620,4259979,USD,H,Deposito
100,000050000219,000007,20230105,20210511,721047,USD,S,Comision
100,000050000219,000008,20211128,20240918,3912274,USD,S,Comision
100,000050000219,000009,20230501,20211203,3469693,USD,S,Deposito
100,000050000219,000010,20200104,20210623,677362,USD,S,Deposito
100,000050000219,000011,20210823,20200708,2630127,USD,S,Comision
100,000050000219,000012,20241002,20240312,2594853,USD,S,Comision
100,000050000219,000013,20200107,20231017,4328324,USD,S,Comision
100,000050000220,000001,20220621,20240411,1841958,MXN,H,Deposito
100,000050000220,000002,20220717,20240315,2732732,MXN,H,Comision
100,000050000220,000003,20210813,20220120,111217,MXN,H,Retiro
100,000050000220,000004,20221214,20230119,443534,MXN,S,Retiro
100,000050000220,000005,20200711,20230925,1600171,MXN,H,Deposito
100,000050000220,000006,20230331,20200612,4535004,MXN,H,Comision
100,000050000220,000007,20200627,20230318,2463828,MXN,S,Retiro
100,000050000220,000008,20220818,20220623,569128,MXN,S,Deposito
100,000050000220,000009,20240202,20210306,3478614,MXN,H,Comision
100,000050000220,000010,20200918,20200105,1641968,MXN,H,Transferencia
100,000050000220,000011,20231029,20230912,4165791,MXN,S,Transferencia
100,000050000220,000012,20240811,20200605,137526,MXN,H,Retiro
100,000050000220,000013,20200216,20210403,2054661,MXN,S,Retiro
100,000050000221,000001,20200611,20241202,3033492,MXN,H,Comision
100,000050000221,000002,20200526,20200331,834166,MXN,S,Pago
100,000050000221,000003,20200318,20240109,3758649,MXN,H,Pago
100,000050000221,000004,20220514,20231008,4943832,MXN,H,Retiro
100,000050000221,000005,20221216,20230816,1088326,MXN,H,Deposito
100,000050000221,000006,20221009,20210129,1622024,MXN,H,Retiro
100,000050000221,000007,20220928,20201108,2403218,MXN,S,Deposito
100,000050000221,000008,20240207,20230427,4091467,MXN,S,Deposito
100,000050000221,000009,20230804,20220115,163409,MXN,S,Retiro
100,000050000221,000010,20221121,20230114,3882411,MXN,H,Deposito
100,000050000221,000011,20220616,20200809,4819436,MXN,H,Transferencia
100,000050000221,000012,20231220,20220603,231454,MXN,H,Deposito
100,50000221,000013,20230902,20230411,4582150,MXN,S,Comision
100,000050000221,000014,20240831,20220621,298124,MXN,H,Deposito
100,000050000221,000015,20231026,20201025,2629424,MXN,S,Comision
100,000050000221,000016,20200829,20220714,2478427,MXN,H,Transferencia
100,000050000222,000001,20240908,20240116,320804,MXN,S,Deposito
100,000050000222,000002,20220903,20230906,3050346,MXN,H,Retiro
100,000050000222,000003,20240214,20240914,2181879,MXN,S,Pago
100,000050000222,000004,20201202,20230708,1405939,MXN,S,Transferencia
100,000050000222,000005,20240329,20230628,1546594,MXN,S,Transferencia
100,000050000222,000006,20221124,20200827,3538213,MXN,S,Comision
100,000050000223,000001,20210529,20211124,2090039,MXN,S,Transferencia
100,000050000223,000002,20200311,20230628,2628893,MXN,S,Pago
100,000050000223,000003,20241103,20200106,507386,MXN,H,Retiro
100,000050000223,000004,20220501,20240711,3570275,MXN,S,Transferencia
100,000050000223,000005,20240428,20210808,32264,MXN,H,Deposito
100,000050000223,000006,20240811,20200707,1776209,MXN,H,Pago
100,000050000223,000007,20211219,20210419,4726309,MXN,S,Deposito
100,000050000223,000008,20220619,20200413,615222,MXN,S,Retiro
100,000050000223,000009,20240404,20201204,1272179,MXN,S,Retiro
100,000050000223,000010,20220610,20211212,3403103,MXN,S,Transferencia
100,000050000223,000011,20210613,20201021,276199,MXN,H,Pago
100,000050000223,000012,20230825,20240501,985266,MXN,H,Transferencia
100,000050000223,000013,20240210,20200118,215371,MXN,H,Deposito
100,000050000223,000014,20230227,20241018,3168068,MXN,H,Pago
100,000050000223,000015,20241101,20230514,587212,MXN,S,Retiro
100,000050000223,000016,20200704,20241018,1834707,MXN,S,Deposito
100,000050000223,000017,20200723,20211226,1620999,MXN,S,Deposito
100,000050000224,000001,20200705,20221217,2787859,MXN,H,Deposito
100,000050000224,000002,20241005,20210526,1784055,MXN,S,Pago
100,000050000224,000003,20220722,20210213,3584648,MXN,S,Comision
100,000050000224,000004,20230903,20200816,1594692,MXN,S,Comision
100,000050000224,000005,20241111,20231231,3193165,MXN,S,Pago
100,000050000224,000006,20200224,20240114,3428707,MXN,H,Deposito
100,000050000224,000007,20210210,20200425,2617908,MXN,S,Deposito
100,000050000224,000008,20240511,20231230,1558917,MXN,S,Transferencia
100,000050000224,000009,20210408,20220511,1100038,MXN,H,Transferencia
100,000050000224,000010,20230518,20220125,3234809,MXN,H,Comision
100,000050000224,000011,20211221,20220809,4130696,MXN,H,Transferencia
100,000050000224,000012,20210122,20220713,4185941,MXN,S,Pago
100,000050000224,000013,20221026,20220724,3444458,MXN,S,Deposito
100,000050000225,000001,20230827,20200113,1948014,MXN,H,Comision
100,000050000225,000002,20241006,20220517,3326629,MXN,H,Transferencia
100,000050000225,000003,20230712,20220506,147995,MXN,H,Retiro
100,000050000225,000004,20210429,20231025,1247661,MXN,S,Transferencia
100,000050000225,000005,20211111,20230125,2484965,MXN,H,Deposito
100,000050000225,000006,20240911,20201222,3607676,MXN,S,Retiro
100,000050000225,000007,20210625,20220425,2007578,MXN,S,Retiro
100,000050000225,000008,20230623,20210819,693970,MXN,S,Transferencia
100,000050000225,000009,20241014,20220715,3226959,MXN,H,Pago
100,000050000225,000010,20211014,20220702,2484320,MXN,H,Retiro
100,000050000225,000011,20230805,20231121,3436717,MXN,H,Deposito
100,000050000225,000012,20200907,20200326,3764707,MXN,S,Pago
100,000050000225,000013,20210210,20220115,4005246,MXN,H,Pago
100,000050000225,000014,20210617,20230425,3081271,MXN,S,Pago
100,000050000225,000015,20200313,20210628,715584,MXN,S,Pago
100,000050000225,000016,20240923,20210320,3298622,MXN,H,Comision
100,000050000225,000017,20211209,20240514,1359836,MXN,S,Deposito
100,000050000225,000018,20200609,20220719,4365872,MXN,H,Retiro
100,000050000226,000001,20200727,20230603,314005,MXN,S,Comision
100,000050000226,000002,20200211,20210708,3002307,MXN,S,Retiro
100,000050000226,000003,20240328,20230507,3177394,MXN,S,Comision
100,000050000226,000004,20240925,20240722,2932943,MXN,S,Retiro
100,000050000226,000005,20221022,20230712,425627,MXN,S,Deposito
100,000050000226,000006,20231104,20241105,4616972,MXN,H,Retiro
100,000050000226,000007,20230622,20200510,4708160,MXN,S,Comision
100,000050000226,000008,20220815,20220815,1958485,MXN,S,Retiro
100,000050000226,000009,20240423,20230412,2899620,MXN,H,Deposito
100,000050000226,000010,20240916,20221120,139605,MXN,H,Retiro
100,000050000227,000001,20211211,20200818,4669865,MXN,S,Retiro
100,000050000227,000002,20240624,20230702,2463616,MXN,H,Pago
100,000050000227,000003,20211226,20210607,3484647,MXN,H,Pago
100,000050000227,000004,20220305,20230609,2020655,MXN,H,Retiro
100,000050000228,000001,20210614,20220728,4039762,JPY,H,Transferencia
100,000050000228,000002,20240530,20210829,2331659,JPY,H,Transferencia
100,000050000228,000003,20210328,20240510,1411335,JPY,H,Pago
100,000050000228,000004,20240902,20230528,565072,JPY,H,Deposito
100,000050000228,000005,20221205,20220108,2118528,JPY,S,Comision
100,000050000228,000006,20240714,20240906,331933,JPY,S,Transferencia
100,000050000228,000007,20210708,20220118,2411595,JPY,S,Pago
100,000050000228,000008,20220420,20221025,1587543,JPY,H,Transferencia
100,000050000228,000009,20241114,20220610,2964823,JPY,H,Transferencia
100,000050000228,000010,20230921,20240908,3038963,JPY,H,Retiro
100,000050000228,000011,20240205,20211030,813533,JPY,H,Transferencia
100,000050000228,000012,20240704,20240703,4949715,JPY,H,Comision
100,000050000229,000001,20201003,20220621,4191853,MXN,S,Comision
100,000050000229,000002,20201129,20230907,1325684,MXN,H,Pago
100,000050000229,000003,20230409,20200528,4700200,MXN,S,Pago
100,000050000229,000004,20200911,20210525,3297560,MXN,H,Transferencia
100,000050000229,000005,20231225,20240821,1919222,MXN,S,Pago
100,000050000229,000006,20230606,20220611,4059693,MXN,H,Transferencia
100,000050000229,000007,20210328,20230831,4888811,MXN,H,Pago
100,000050000229,000008,20220927,20240411,2109376,MXN,S,Comision
100,000050000229,000009,20220608,20240302,1931670,MXN,H,Comision
100,000050000230,000001,20210126,20210718,1494625,USD,S,Comision
100,000050000230,000002,20240227,20230519,1842124,USD,S,Deposito
100,000050000230,000003,20240731,20240909,2919298,USD,S,Transferencia
100,000050000230,000004,20230213,20221022,453330,USD,H,Comision
100,000050000230,000005,20220302,20211006,212068,USD,H,Comision
100,000050000230,000006,20241122,20230805,4610281,USD,H,Deposito
100,000050000230,000007,20230509,20231106,4861108,USD,H,Transferencia
100,000050000230,000008,20200123,20200915,4077831,USD,S,Pago
100,000050000230,000009,20200527,20210416,60864,USD,H,Retiro
100,000050000230,000010,20240804,20200824,4625312,USD,S,Retiro
100,000050000231,000001,20220328,20231122,55010,USD,H,Retiro
100,000050000231,000002,20201030,20211031,1359663,USD,S,Pago
100,000050000231,000003,20210522,20220128,2628434,USD,H,Deposito
100,000050000231,000004,20210522,20201126,3258051,USD,S,Pago
100,000050000231,000005,20200724,20211023,4265019,USD,S,Transferencia
100,000050000231,000006,20241019,20240728,4716868,USD,H,Comision
100,000050000231,000007,20220717,20200816,3957919,USD,S,Pago
100,000050000231,000008,20210126,20230922,1366788,USD,H,Comision
100,000050000232,000001,20210909,20200601,3953302,MXN,H,Transferencia
100,000050000232,000002,20240211,20210205,4050265,MXN,H,Comision
100,000050000232,000003,20240129,20210201,43382,MXN,H,Pago
100,000050000232,000004,20200412,20230322,2229804,MXN,S,Deposito
100,000050000232,000005,20240118,20231130,2518076,MXN,H,Comision
100,000050000232,000006,20220404,20210927,96414,MXN,H,Transferencia
100,000050000232,000007,20240611,20200922,1966379,MXN,S,Transferencia
100,000050000232,000008,20241123,20240922,170780,MXN,S,Comision
100,000050000232,000009,20220129,20200212,532461,MXN,S,Comision
100,000050000232,000010,20240124,20210328,1187681,MXN,H,Comision
100,000050000232,000011,20240210,20210402,1667206,MXN,S,Transferencia
100,000050000232,000012,20220814,20220713,4740491,MXN,S,Deposito
100,000050000232,000013,20201003,20240104,3526779,MXN,H,Deposito
100,000050000232,000014,20230906,20200515,3291814,MXN,S,Retiro
100,000050000232,000015,20230417,20230919,601723,MXN,S,Retiro
100,000050000232,000016,20200610,20220418,3189001,MXN,S,Deposito
100,000050000232,000017,20240620,20200304,4753998,MXN,H,Pago
100,000050000232,000018,20220602,20210316,1148223,MXN,H,Retiro
100,000050000232,000019,20220816,20240610,3501867,MXN,S,Retiro
100,000050000233,000001,20210428,20201127,2470561,JPY,S,Pago
100,000050000233,000002,20240430,20210905,532277,JPY,H,Comision
100,000050000233,000003,20220315,20200505,2666222,JPY,H,Pago
100,000050000233,000004,20200229,20221102,414098,JPY,S,Transferencia
100,000050000233,000005,20230601,20230523,113039,JPY,H,Retiro
100,000050000233,000006,20220215,20230814,2036757,JPY,S,Retiro
100,000050000234,000001,20240222,20240514,3495219,USD,S,Retiro
100,000050000234,000002,20210729,20240514,3676896,USD,H,Pago
100,000050000234,000003,20201109,20220629,1316859,USD,S,Transferencia
100,000050000234,000004,20210320,20221112,,USD,H,Comision
100,000050000234,000005,20220731,20220601,1489352,USD,H,Deposito
100,000050000234,000006,20220708,20241107,4052783,USD,H,Retiro
100,000050000234,000007,20240706,20230625,527371,USD,S,Pago
100,000050000234,000008,20220509,20210202,1520199,USD,H,Pago
100,000050000234,000009,20220128,20221008,1040377,USD,S,Pago
100,000050000234,000010,20221206,20241123,39804,USD,S,Pago
100,000050000234,000011,20221205,20220627,4172732,USD,S,Pago
100,000050000234,000012,20220812,20210208,57907,USD,H,Pago
100,000050000234,000013,20200824,20230812,2147847,USD,H,Retiro
100,000050000235,000001,20210723,20231120,1398186,JPY,H,Retiro
100,000050000235,000002,20240313,20210913,614432,JPY,H,Deposito
100,000050000235,000003,20240307,20230802,4488967,JPY,H,Pago
100,000050000235,000004,20210305,20230807,4820119,JPY,S,Deposito
100,000050000235,000005,20240915,20210611,4301025,JPY,S,Pago
100,000050000235,000006,20210103,20240424,2385428,JPY,H,Retiro
100,000050000235,000007,20200305,20241118,3492378,JPY,S,Retiro
100,000050000235,000008,20230704,20221201,3527686,JPY,H,Transferencia
100,000050000235,000009,20210716,20220501,975328,JPY,S,Pago
100,000050000235,000010,20201116,20220517,1065867,JPY,S,Comision
100,000050000235,000011,20220124,20210401,3540394,JPY,S,Pago
100,000050000235,000012,20230813,20240206,495460,JPY,S,Retiro
100,000050000236,000001,20231019,20230805,538741,USD,H,Deposito
100,000050000236,000002,20210421,20200119,366547,USD,S,Deposito
100,000050000236,000003,20220818,20220807,1140157,USD,H,Transferencia
100,000050000236,000004,20231104,20201216,4132119,USD,H,Deposito
100,000050000236,000005,20200709,20210628,569967,USD,S,Comision
100,000050000236,000006,20201130,20230512,1386188,USD,S,Pago
100,000050000236,000007,20211221,20210111,3121905,USD,S,Deposito
100,000050000236,000008,20210906,20230921,2220315,USD,H,Deposito
100,000050000236,000009,20230517,20231127,4981869,USD,S,Pago
100,000050000236,000010,20200320,20231112,3415417,USD,H,Pago
100,000050000237,000001,20241009,20220203,996264,MXN,H,Pago
100,000050000237,000002,20200108,20221028,4011411,MXN,S,Pago
100,000050000237,000003,20240507,20220123,3525356,MXN,H,Comision
100,000050000237,000004,20200201,20240326,2546840,MXN,S,Comision
100,000050000237,000005,20230921,20201027,393648,MXN,S,Transferencia
100,000050000237,000006,20240412,20230702,2424434,MXN,H,Pago
100,000050000237,000007,20230317,20201108,2104935,MXN,H,Pago
100,000050000237,000008,20210513,20210120,2653142,MXN,H,Deposito
100,000050000237,000009,20210220,20240330,3789962,MXN,H,Transferencia
100,000099002727,000010,20220317,20221016,4013898,MXN,S,Deposito
100,000050000237,000011,20200822,20240118,3890893,MXN,S,Deposito
100,000050000237,000012,20240728,20221106,228017,MXN,S,Transferencia
100,000050000237,000013,20231201,20201025,4970834,MXN,S,Retiro
100,000050000237,000014,20200614,20230731,1772700,MXN,H,Deposito
100,000050000237,000015,20240529,20210729,892845,MXN,H,Deposito
100,000050000237,000016,20231021,20230828,730301,MXN,H,Comision
100,000050000237,000017,20231225,20230528,1326378,MXN,H,Pago
100,000050000237,000018,20220823,20201014,1132929,MXN,H,Comision
100,000050000237,000019,20200104,20200210,127265,MXN,H,Pago
100,000050000238,000001,20210815,20210215,4579739,MXN,H,Deposito
100,000050000238,000002,20220821,20230911,29830,MXN,S,Transferencia
100,000050000238,000003,20231030,20240722,629520,MXN,H,Comision
100,000050000238,000004,20240808,20240126,1184408,MXN,S,Retiro
100,000050000238,000005,20211215,20210330,15016,MXN,S,Deposito
100,000050000238,000006,20210804,20220607,3010788,MXN,S,Comision
100,000050000238,000007,20220518,20210902,4396442,MXN,H,Retiro
100,000050000238,000008,20210324,20221117,101892,MXN,S,Retiro
100,000050000239,000001,20230320,20200405,4906123,MXN,H,Pago
100,000050000239,000002,20200712,20241110,2774635,MXN,S,Transferencia
100,000050000239,000003,20221122,20230131,4104370,MXN,S,Transferencia
100,000050000239,000004,20230728,20230823,3106592,MXN,H,Comision
100,000050000239,000005,20241122,20240209,3550558,MXN,S,Pago
100,000050000239,000006,20211021,20230331,145894,MXN,S,Comision
100,000050000239,000007,20220512,20200623,3528328,MXN,S,Pago
100,000050000239,000008,20210208,20230504,2003178,MXN,S,Pago
100,000050000239,000009,20220223,20240430,2328571,MXN,S,Comision
100,000050000240,000001,20211113,20220412,897304,MXN,H,Transferencia
100,000050000240,000002,20220608,20200304,2676649,MXN,S,Retiro
100,000050000240,000003,20230403,20200922,1666554,MXN,S,Pago
100,000050000240,000004,20220214,20220114,4167882,MXN,S,Transferencia
100,50000240,000005,20240721,20230822,1351159,MXN,H,Transferencia
100,000050000240,000006,20220823,20220430,1872119,MXN,S,Pago
100,000050000240,000007,20220921,20220118,1720308,MXN,S,Deposito
100,000050000241,000001,20240316,20210929,4824074,MXN,S,Comision
100,000050000241,000002,20220918,20221020,2277904,MXN,S,Retiro
100,000050000241,000003,20210107,20211013,390159,MXN,H,Deposito
100,000050000241,000004,20240926,20220404,3210881,MXN,S,Pago
100,000050000241,000005,20200709,20211001,2592063,MXN,S,Comision
100,000050000241,000006,20201221,20210821,1518849,MXN,H,Deposito
100,000050000241,000007,20200106,20240126,679283,MXN,H,Comision
100,000050000241,000008,20210815,20220629,2519484,MXN,H,Retiro
100,000050000241,000009,20220602,20220425,2499851,MXN,S,Transferencia
100,000050000241,000010,20231027,20210813,3905584,MXN,S,Comision
100,000050000241,000011,20220809,20200422,4310125,MXN,H,Retiro
100,000050000241,000012,20230909,20210725,3355277,MXN,H,Pago
100,000050000241,000013,20231031,20230319,3663883,MXN,H,Transferencia
100,000050000241,000014,20231026,20240220,2463020,MXN,H,Transferencia
100,000050000242,000001,20210702,20210213,1596375,MXN,S,Pago
100,000050000242,000002,20230212,20210723,3358502,MXN,H,Comision
100,000050000242,000003,20210116,20220415,4792139,MXN,S,Pago
100,000050000242,000004,20220419,20230415,4066853,MXN,H,Retiro
100,000050000242,000005,20210118,20230519,4091848,MXN,S,Comision
100,000050000242,000006,20200510,20200121,1417255,MXN,H,Deposito
100,000050000242,000007,20240110,20220827,18274,MXN,H,Deposito
100,000050000242,000008,20240412,20210308,3950310,MXN,S,Comision
100,000050000242,000009,20240226,20240213,116182,MXN,H,Comision
100,000050000242,000010,20210817,20230902,689297,MXN,H,Pago
100,000050000242,000011,20220607,20221207,3615418,MXN,S,Comision
100,000050000242,000012,20230921,20210309,897101,MXN,H,Deposito
100,000050000243,000001,20240211,20220923,2778387,MXN,S,Deposito
100,000050000243,000002,20200112,20230129,1831056,MXN,S,Retiro
100,000099002789,000003,20210712,20220207,771948,MXN,H,Retiro
100,000050000243,000004,20230902,20241129,867200,MXN,S,Pago
100,000050000243,000005,20210426,20230912,939049,MXN,H,Transferencia
100,000050000243,000006,20220330,20210116,4532605,MXN,S,Retiro
100,000050000243,000007,20200520,20210922,3812717,MXN,H,Retiro
100,000050000243,000008,20210730,20231023,1606107,MXN,H,Transferencia
100,000050000243,000009,20230108,20230120,2852292,MXN,H,Comision
100,000050000243,000010,20201017,20230705,3083346,MXN,S,Pago
100,000050000244,000001,20230105,20210522,36740,MXN,S,Retiro
100,000050000244,000002,20210319,20210126,517652,MXN,H,Retiro
100,000050000244,000003,20201011,20240330,2775586,MXN,S,Deposito
100,000050000244,000004,20240411,20230505,732439,MXN,S,Pago
100,50000244,000005,20240610,20220404,537116,MXN,S,Comision
100,000050000244,000006,20231230,20210619,3177095,MXN,H,Deposito
100,000050000244,000007,20221124,20240806,1196112,MXN,S,Retiro
100,000050000244,000008,20240531,20220524,3228550,MXN,S,Retiro
100,000050000244,000009,20210105,20230131,2399747,MXN,S,Comision
100,000050000244,000010,20240630,20200404,1837512,MXN,S,Comision
100,000050000244,000011,20220929,20210712,1261802,MXN,H,Deposito
100,000050000245,000001,20211121,20240906,2638074,MXN,S,Comision
100,000050000245,000002,20220929,20240911,4214881,MXN,S,Retiro
100,000050000245,000003,20220713,20231110,3962686,MXN,H,Retiro
100,000050000245,000004,20240404,20221121,3866243,MXN,H,Pago
100,000050000245,000005,20231024,20230208,282603,MXN,S,Comision
100,000050000245,000006,20230811,20201230,821126,MXN,S,Deposito
100,000050000245,000007,20200823,20210906,2999051,MXN,H,Retiro
100,000050000245,000008,20240210,20201011,3361568,MXN,S,Retiro
100,000050000245,000009,20210918,20220627,3325842,MXN,S,Retiro
100,000050000245,000010,20231219,20201123,2668361,MXN,H,Deposito
100,000050000246,000001,20211014,20240221,3444924,USD,H,Pago
100,000050000246,000002,20210621,20210510,805427,USD,H,Deposito
100,000050000246,000003,20211208,20211117,22103,USD,S,Pago
100,000050000246,000004,20240913,20230703,3252777,USD,S,Transferencia
100,000050000246,000005,20221205,20210906,707913,USD,H,Retiro
100,000050000246,000006,20210622,20220919,2810389,USD,H,Retiro
100,000050000246,000007,20240921,20240919,1351940,USD,H,Pago
100,000050000246,000008,20220108,20231202,2456555,USD,H,Deposito
100,000050000246,000009,20220314,20200819,2644312,USD,S,Retiro
100,000050000246,000010,20220916,20240301,2729211,USD,S,Deposito
100,000050000246,000011,20211003,20220321,4629602,USD,H,Comision
100,000050000246,000012,20201114,20201207,1618274,USD,S,Deposito
100,000050000247,000001,20210719,20231226,1639987,MXN,S,Retiro
100,000050000247,000002,20210623,20210114,1501862,MXN,S,Transferencia
100,000050000247,000003,20230318,20240429,2591107,MXN,H,Deposito
100,000050000247,000004,20240825,20220208,2604660,MXN,H,Pago
100,000050000247,000005,20230814,20220916,384225,MXN,S,Comision
100,000050000247,000006,20230425,20240404,3509869,MXN,S,Deposito
100,000050000247,000007,20200922,20211203,1248297,MXN,H,Retiro
100,000050000247,000008,20220410,20241109,954286,MXN,H,Retiro
100,000050000247,000009,20200901,20220524,1859509,MXN,H,Comision
100,000050000247,000010,20220702,20200823,4205394,MXN,H,Pago
100,000050000248,000001,20240404,20240301,1123946,USD,H,Deposito
100,000050000248,000002,20240615,20200326,72257,USD,H,Comision
100,000050000248,000003,20200713,20220308,1695521,USD,S,Deposito
100,000050000248,000004,20230509,20221230,735956,USD,H,Retiro
100,000050000248,000005,20200610,20221205,251316,USD,H,Deposito
100,000050000248,000006,20210920,20240126,2679833,USD,S,Deposito
100,000050000248,000007,20210920,20211227,935703,USD,H,Retiro
100,000050000248,000008,20210104,20240625,3435109,USD,H,Pago
100,000050000248,000009,20220525,20210609,3720843,USD,S,Retiro
100,000050000248,000010,20240821,20230617,2571823,USD,H,Deposito
100,000050000248,000011,20240401,20240617,3008652,USD,H,Deposito
100,000050000248,000012,20210604,20220705,1498755,USD,S,Deposito
100,000050000248,000013,20230226,20210714,710777,USD,H,Transferencia
100,000050000249,000001,20210918,20240406,2971145,USD,H,Transferencia
100,000050000249,000002,20220829,20220502,1834362,USD,H,Comision
100,000050000249,000003,20240704,20200208,821777,USD,S,Retiro
100,000050000249,000004,20230220,20231218,556289,USD,H,Transferencia
100,000050000249,000005,20220930,20210630,3886561,USD,S,Pago
100,000050000249,000006,20211024,20231204,,USD,S,Transferencia
100,000050000249,000007,20241107,20241022,3588106,USD,S,Deposito
100,000050000249,000008,20230211,20210707,732127,USD,H,Deposito
100,000050000249,000009,20200922,20220808,4674360,USD,H,Retiro
100,000050000249,000010,20220910,20200804,4166464,USD,S,Transferencia
100,000050000249,000011,20230227,20230220,213820,USD,H,Transferencia
100,000050000249,000012,20200410,20210916,4924491,USD,S,Retiro
100,000050000249,000013,20220905,20220312,4738651,USD,S,Pago
100,000050000249,000014,20240405,20240406,2798353,USD,S,Comision
100,000050000250,000001,20240628,20240603,3374829,JPY,S,Pago
100,000050000250,000002,20200110,20231010,3155173,JPY,S,Pago
100,000050000250,000003,20240625,20210612,507194,JPY,H,Deposito
100,000050000250,000004,20201222,20240430,3464522,JPY,S,Pago
100,000050000250,000005,20240425,20211202,2911670,JPY,H,Deposito
100,000050000250,000006,20200621,20200202,2591810,JPY,H,Deposito
100,000050000251,000001,20230729,20220308,796783,USD,H,Comision
100,000050000251,000002,20200802,20240512,3035622,USD,S,Deposito
100,000050000251,000003,20220209,20231012,4418898,USD,S,Deposito
100,000050000251,000004,20240511,20201021,966561,USD,S,Pago
100,000050000251,000005,20240309,20240504,2712088,USD,H,Deposito
100,000050000251,000006,20240212,20240905,2835475,USD,S,Pago
100,000050000251,000007,20240716,20200825,1086422,USD,H,Transferencia
100,000050000251,000008,20240602,20220525,1373851,USD,H,Transferencia
100,000050000252,000001,20210702,20241017,965207,MXN,S,Pago
100,000050000252,000002,20230505,20230512,2721587,MXN,H,Deposito
100,000050000252,000003,20240918,20221223,1347194,MXN,S,Comision
100,000050000252,000004,20200128,20230115,2541367,MXN,S,Comision
100,000050000252,000005,20241102,20231118,1552047,MXN,H,Retiro
100,000050000252,000006,20220509,20211025,394264,MXN,H,Pago
100,000050000252,000007,20211008,20230421,281921,MXN,S,Comision
100,000050000252,000008,20211212,20220226,538890,MXN,H,Retiro
100,000050000252,000009,20220512,20220312,3804028,MXN,H,Transferencia
100,000050000252,000010,20200605,20230916,81636,MXN,H,Deposito
100,000050000252,000011,20200818,20210522,4636471,MXN,S,Retiro
100,000050000253,000001,20201005,20200623,4239041,USD,H,Pago
100,000050000253,000002,20240530,20231012,4317060,USD,S,Transferencia
100,000050000253,000003,20230925,20200610,916727,USD,S,Comision
100,000050000253,000004,20230111,20220418,4048355,USD,H,Deposito
100,000050000253,000005,20240121,20240102,731266,USD,S,Comision
100,000050000253,000006,20230317,20230512,1687288,USD,H,Deposito
100,000050000253,000007,20230211,20221029,1806536,USD,H,Pago
100,000050000253,000008,20240612,20201229,2851451,USD,S,Retiro
100,000050000253,000009,20240121,20220502,4428415,USD,H,Comision
100,000050000253,000010,20220825,20220404,4088967,USD,H,Retiro
100,000050000253,000011,20230513,20211119,1140708,USD,H,Retiro
100,000050000253,000012,20210805,20201018,544861,USD,S,Comision
100,000050000254,000001,20240311,20210819,3351344,MXN,S,Pago
100,000050000254,000002,20211025,20220613,2691316,MXN,H,Transferencia
100,000050000254,000003,20240715,20220611,3306217,MXN,S,Deposito
100,000050000254,000004,20200723,20241124,1109031,MXN,H,Transferencia
100,000050000254,000005,20210405,20230104,1340298,MXN,H,Comision
100,000050000254,000006,20200223,20220815,993500,MXN,H,Pago
100,000050000254,000007,20220117,20200621,424171,MXN,S,Pago
100,000050000254,000008,20241123,20230621,4593830,MXN,H,Pago
100,000050000254,000009,20210610,20221005,2736909,MXN,S,Retiro
100,000050000254,000010,20210713,20200714,1282524,MXN,S,Transferencia
100,000050000254,000011,20221115,20200712,73375,MXN,H,Retiro
100,000050000254,000012,20240922,20231220,2083097,MXN,S,Pago
100,000050000254,000013,20211110,20230606,4499615,MXN,H,Pago
100,000050000255,000001,20241028,20200606,1365752,MXN,H,Pago
100,000050000255,000002,20200723,20231202,422211,MXN,S,Pago
100,000050000255,000003,20230121,20210710,3341952,MXN,S,Comision
100,000050000255,000004,20201017,20210731,2337555,MXN,H,Pago
100,000050000255,000005,20221222,20200216,2215426,MXN,S,Retiro
100,000050000255,000006,20230622,20200427,4533144,MXN,S,Transferencia
100,000050000255,000007,20200322,20210615,4839813,MXN,H,Comision
100,000050000255,000008,20230126,20200901,2400252,MXN,H,Deposito
100,000050000255,000009,20211210,20200625,2424932,MXN,S,Comision
100,000050000255,000010,20200415,20210207,1424328,MXN,H,Deposito
100,000050000255,000011,20210108,20241004,4010490,MXN,S,Retiro
100,000050000256,000001,20200705,20220326,266837,MXN,S,Pago
100,000050000256,000002,20200702,20231001,234542,MXN,S,Retiro
100,000050000256,000003,20201124,20230930,4571068,MXN,S,Retiro
100,000050000256,000004,20230805,20211230,1657991,MXN,H,Deposito
100,000050000256,000005,20231001,20211124,2101219,MXN,S,Deposito
100,000050000256,000006,20230708,20200714,1949242,MXN,S,Transferencia
100,000050000256,000007,20200304,20200407,2542177,MXN,S,Retiro
100,000050000256,000008,20210811,20210602,635667,MXN,S,Retiro
100,000050000256,000009,20220129,20201005,2285987,MXN,S,Comision
100,000050000256,000010,20230310,20210429,2617427,MXN,H,Retiro
100,000050000256,000011,20230828,20220204,2152671,MXN,H,Transferencia
100,000050000256,000012,20200528,20201206,3745589,MXN,H,Deposito
100,000050000257,000001,20200628,20211207,3965907,MXN,H,Pago
100,000050000257,000002,20240114,20211109,4334589,MXN,H,Retiro
100,000050000257,000003,20230920,20220308,562810,MXN,H,Retiro
100,000050000257,000004,20230705,20230222,2635249,MXN,H,Deposito
100,000050000257,000005,20200627,20221129,315125,MXN,H,Transferencia
100,000050000257,000006,20230629,20230223,1036347,MXN,H,Transferencia
100,000050000257,000007,20200623,20241008,978904,MXN,H,Pago
100,000050000257,000008,20211101,20241130,4958200,MXN,S,Deposito
100,000050000257,000009,20231203,20211203,2169650,MXN,H,Pago
100,000050000257,000010,20200204,20221012,2860960,MXN,S,Transferencia
100,000050000257,000011,20211101,20211009,1009983,MXN,H,Comision
100,000050000257,000012,20200317,20211206,2033120,MXN,S,Deposito
100,000050000257,000013,20221212,20240306,3182282,MXN,H,Pago
100,000050000257,000014,20220308,20220725,1195186,MXN,S,Deposito
100,000050000257,000015,20240202,20210318,1564041,MXN,H,Transferencia
100,000050000257,000016,20230814,20200801,1639873,MXN,S,Transferencia
100,000050000257,000017,20211121,20220412,4440216,MXN,H,Transferencia
100,000050000257,000018,20220131,20210223,4948797,MXN,S,Retiro
100,000050000258,000001,20200819,20201014,2514034,MXN,S,Comision
100,000050000258,000002,20230730,20210617,3018131,MXN,S,Deposito
100,000050000258,000003,20210104,20200116,3372520,MXN,S,Transferencia
100,000050000258,000004,20230114,20240325,3295334,MXN,H,Comision
100,000050000258,000005,20211001,20240120,2448911,MXN,S,Transferencia
100,000050000258,000006,20220530,20230626,2287193,MXN,S,Comision
100,000050000258,000007,20200131,20240214,822973,MXN,S,Retiro
100,000050000258,000008,20210725,20220609,4880936,MXN,S,Transferencia
100,000050000259,000001,20210925,20210314,3831329,MXN,H,Pago
100,000050000259,000002,20220328,20241029,2861144,MXN,S,Pago
100,000050000259,000003,20211011,20230529,1559921,MXN,S,Pago
100,000050000259,000004,20200507,20231222,1468392,MXN,H,Retiro
100,000050000259,000005,20210818,20211028,2707582,MXN,H,Deposito
100,000050000259,000006,20231007,20221008,829610,MXN,S,Comision
100,000050000259,000007,20230718,20210110,2553294,MXN,H,Comision
100,000050000260,000001,20240604,20200907,3977996,MXN,H,Transferencia
100,000050000260,000002,20240601,20230119,4609408,MXN,S,Transferencia
100,000050000260,000003,20200617,20200315,1025389,MXN,H,Pago
100,000050000260,000004,20240519,20200730,1438135,MXN,H,Retiro
100,000050000260,000005,20240525,20210416,256531,MXN,H,Pago
100,000050000260,000006,20241112,20220314,2835147,MXN,S,Deposito
100,000050000260,000007,20200606,20200525,4397780,MXN,H,Transferencia
100,000050000260,000008,20231016,20240305,2289121,MXN,H,Pago
100,000050000260,000009,20200419,20231001,4851130,MXN,H,Deposito
100,000050000260,000010,20230901,20231028,4460326,MXN,S,Retiro
100,000050000260,000011,20200910,20210409,3603882,MXN,S,Pago
100,000050000260,000012,20211116,20230209,174069,MXN,H,Retiro
100,000050000260,000013,20200228,20240504,2298353,MXN,S,Deposito
100,000050000260,000014,20230923,20240219,3511697,MXN,S,Pago
100,000050000260,000015,20211010,20210422,1645853,MXN,S,Comision
100,000050000260,000016,20210401,20210206,1923444,MXN,H,Retiro
100,000050000260,000017,20211019,20231108,1833466,MXN,H,Transferencia
100,000050000261,000001,20200817,20201001,3418137,USD,H,Transferencia
100,000050000261,000002,20241028,20240105,2677318,USD,H,Pago
100,000050000261,000003,20210121,20240301,3215539,USD,H,Transferencia
100,000050000261,000004,20241109,20200122,415291,USD,H,Deposito
100,000050000261,000005,20201218,20241105,1023767,USD,S,Comision
100,000050000261,000006,20230101,20210519,4753922,USD,S,Retiro
100,000050000261,000007,20220717,20211127,1533395,USD,H,Retiro
100,000050000262,000001,20240313,20200123,1306520,MXN,S,Comision
100,000050000262,000002,20200906,20221125,1998295,MXN,H,Retiro
100,000050000262,000003,20230307,20240809,748377,MXN,S,Retiro
100,000050000262,000004,20220920,20230515,3149853,MXN,H,Transferencia
100,000050000262,000005,20231228,20200819,774024,MXN,S,Pago
100,000050000262,000006,20210926,20201222,,MXN,H,Retiro
100,000050000262,000007,20240509,20220117,4943081,MXN,H,Transferencia
100,000050000262,000008,20200708,20211125,3339629,MXN,H,Pago
100,000050000262,000009,20241022,20230125,1969682,MXN,S,Pago
100,000050000263,000001,20240824,20210502,3316002,MXN,H,Transferencia
100,000050000263,000002,20210418,20240417,4573997,MXN,S,Pago
100,000050000263,000003,20221212,20240713,3163995,MXN,H,Pago
100,000050000263,000004,20200831,20230722,2808068,MXN,H,Transferencia
100,000050000263,000005,20220628,20230706,4714479,MXN,H,Comision
100,000050000263,000006,20220603,20231212,4014834,MXN,S,Deposito
100,000050000264,000001,20221220,20210709,515815,MXN,H,Pago
100,000050000264,000002,20210504,20221009,1569387,MXN,H,Retiro
100,000050000264,000003,20210830,20230414,4115678,MXN,H,Deposito
100,000050000264,000004,20201206,20240811,1638824,MXN,H,Deposito
100,000050000264,000005,20220109,20210906,2305328,MXN,H,Comision
100,000050000264,000006,20230507,20220120,2309575,MXN,H,Retiro
100,000050000264,000007,20201026,20240702,52472,MXN,H,Pago
100,000050000264,000008,20240313,20231122,1555986,MXN,H,Comision
100,000050000265,000001,20231027,20200921,719690,MXN,H,Retiro
100,000050000265,000002,20211214,20200904,2019507,MXN,H,Transferencia
100,000050000265,000003,20230421,20210722,3904858,MXN,S,Pago
100,000050000265,000004,20240609,20230302,4190189,MXN,S,Comision
100,000050000265,000005,20210430,20211022,2009057,MXN,H,Pago
100,000050000265,000006,20211206,20221017,2330333,MXN,H,Transferencia
100,000050000265,000007,20210831,20240801,3983661,MXN,H,Pago
100,000050000265,000008,20240824,20230102,3768028,MXN,S,Deposito
100,000050000265,000009,20200529,20210721,1170454,MXN,S,Retiro
100,000050000265,000010,20200709,20200324,3516535,MXN,H,Transferencia
100,000050000266,000001,20200410,20200305,469249,JPY,S,Transferencia
100,000050000266,000002,20220227,20210907,467731,JPY,H,Deposito
100,000050000266,000003,20220704,20201031,1060716,JPY,H,Deposito
100,000050000266,000004,20240206,20211223,2358617,JPY,H,Pago
100,000050000266,000005,20231109,20240127,4551034,JPY,S,Retiro
100,000050000266,000006,20230205,20210612,1489658,JPY,H,Transferencia
100,000050000266,000007,20210113,20230930,758195,JPY,H,Deposito
100,000050000266,000008,20220505,20210628,3672243,JPY,S,Deposito
100,000050000266,000009,20201213,20210214,2988105,JPY,H,Retiro
100,000050000266,000010,20220417,20210710,2057914,JPY,S,Transferencia
100,000050000266,000011,20220710,20200514,939078,JPY,H,Retiro
100,000050000266,000012,20230423,20240707,862970,JPY,S,Pago
100,000050000266,000013,20211201,20230127,3399278,JPY,S,Transferencia
100,000050000266,000014,20220522,20210405,4432391,JPY,H,Retiro
100,000050000266,000015,20240730,20240616,1016901,JPY,S,Comision
100,000050000266,000016,20220113,20240313,493626,JPY,S,Deposito
100,000050000267,000001,20211115,20230817,3293276,MXN,S,Transferencia
100,000050000267,000002,20210906,20211116,3946517,MXN,H,Retiro
100,000050000267,000003,20210530,20200219,575970,MXN,S,Transferencia
100,000050000267,000004,20240620,20200222,1068488,MXN,H,Comision
100,000050000267,000005,20230923,20231228,3837447,MXN,S,Deposito
100,000050000267,000006,20240601,20240419,3224570,MXN,S,Transferencia
100,50000267,000007,20220128,20220714,2642131,MXN,S,Deposito
100,000050000268,000001,20240210,20200215,823005,MXN,S,Comision
100,000050000268,000002,20200520,20200914,1680032,MXN,H,Retiro
100,000050000268,000003,20211102,20240330,3307576,MXN,H,Deposito
100,000050000268,000004,20200213,20230618,976897,MXN,H,Deposito
100,000050000268,000005,20240711,20240918,2259484,MXN,S,Transferencia
100,000050000268,000006,20220913,20221121,3423853,MXN,H,Transferencia
100,000050000268,000007,20240718,20220121,3760203,MXN,S,Retiro
100,000050000268,000008,20230115,20230709,2486001,MXN,S,Deposito
100,000050000269,000001,20240902,20221011,4630180,MXN,S,Deposito
100,000050000269,000002,20231009,20210127,1383964,MXN,H,Transferencia
100,000050000269,000003,20221123,20210824,1047434,MXN,H,Pago
100,000050000269,000004,20230701,20230219,4533986,MXN,S,Deposito
100,000050000269,000005,20240222,20231003,576523,MXN,S,Pago
100,000050000269,000006,20230411,20201209,1315362,MXN,S,Transferencia
100,000050000269,000007,20230419,20231123,161931,MXN,H,Pago
100,000050000269,000008,20231020,20240827,3543804,MXN,H,Pago
100,000050000269,000009,20240313,20230827,1287995,MXN,S,Transferencia
100,000050000269,000010,20240830,20230126,4558802,MXN,H,Comision
100,000050000270,000001,20211031,20200716,4845393,MXN,H,Pago
100,000050000270,000002,20220303,20210819,3953295,MXN,S,Retiro
100,000050000270,000003,20230217,20240721,2174119,MXN,H,Transferencia
100,000050000270,000004,20200416,20240713,,MXN,H,Retiro
100,000050000270,000005,20230217,20230208,427363,MXN,S,Retiro
100,000050000270,000006,20220708,20210728,903948,MXN,H,Deposito
100,000050000270,000007,20240102,20200729,864741,MXN,H,Transferencia
100,000050000270,000008,20220810,20220706,3846485,MXN,H,Pago
100,000050000270,000009,20231120,20210824,3357979,MXN,H,Deposito
100,000050000270,000010,20240609,20230912,4933560,MXN,H,Retiro
100,000050000270,000011,20210922,20241125,754346,MXN,H,Comision
100,000050000271,000001,20230207,20210110,748361,USD,S,Comision
100,000050000271,000002,20200412,20200512,2555381,USD,H,Comision
100,000050000271,000003,20200613,20210314,1862806,USD,H,Comision
100,000050000271,000004,20230523,20241020,2667951,USD,S,Transferencia
100,000050000271,000005,20200927,20221008,874593,USD,H,Retiro
100,000050000271,000006,20220919,20200820,2331098,USD,H,Retiro
100,000050000271,000007,20200914,20201228,3290710,USD,H,Transferencia
100,000050000271,000008,20240308,20200529,835440,USD,S,Comision
100,000050000271,000009,20210211,20220602,4910947,USD,H,Comision
100,000050000271,000010,20201101,20221116,949805,USD,S,Deposito
100,000050000271,000011,20220327,20200604,2105724,USD,S,Pago
100,000050000272,000001,20220509,20240929,4174161,MXN,S,Transferencia
100,000050000272,000002,20210827,20200818,1051689,MXN,H,Transferencia
100,000050000272,000003,20220716,20200113,2005305,MXN,H,Pago
100,000050000272,000004,20201112,20200204,1704719,MXN,H,Comision
100,000050000272,000005,20240101,20211101,4796251,MXN,H,Retiro
100,000050000272,000006,20200604,20240423,2828849,MXN,S,Comision
100,000050000272,000007,20220529,20201112,1515009,MXN,S,Retiro
100,000050000272,000008,20221007,20220303,955139,MXN,H,Transferencia
100,000050000272,000009,20241003,20240127,2550357,MXN,H,Deposito
100,000050000272,000010,20240824,20210429,659109,MXN,S,Deposito
100,000050000272,000011,20230919,20231011,4948067,MXN,H,Transferencia
100,000050000272,000012,20221107,20230620,516006,MXN,H,Retiro
100,000050000272,000013,20240410,20220827,4961513,MXN,H,Deposito
100,000050000273,000001,20211002,20211010,3430567,MXN,H,Pago
100,000050000273,000002,20220324,20221226,4823689,MXN,H,Retiro
100,000050000273,000003,20220326,20220216,2775255,MXN,S,Transferencia
100,000050000273,000004,20210426,20231102,4030606,MXN,S,Transferencia
100,000050000273,000005,20220919,20211025,1336216,MXN,H,Transferencia
100,000050000273,000006,20230709,20240402,916127,MXN,S,Deposito
100,000050000273,000007,20231008,20220731,607765,MXN,H,Transferencia
100,000050000273,000008,20230114,20240729,1429347,MXN,S,Comision
100,000050000273,000009,20230704,20220502,4646575,MXN,S,Deposito
100,000050000273,000010,20240929,20220907,4410627,MXN,H,Retiro
100,000050000273,000011,20221225,20210904,2766782,MXN,H,Transferencia
100,000050000273,000012,20231106,20230929,2169782,MXN,S,Pago
100,000050000273,000013,20201001,20210519,485283,MXN,H,Retiro
100,000050000273,000014,20240609,20220417,198186,MXN,H,Deposito
100,000050000273,000015,20230801,20200830,16944,MXN,H,Retiro
100,000050000274,000001,20240611,20230616,452229,USD,S,Transferencia
100,000050000274,000002,20200819,20230726,122593,USD,H,Retiro
100,000099003123,000003,20200321,20230818,4675613,USD,H,Comision
100,000050000274,000004,20220313,20201112,1758931,USD,S,Pago
100,000050000274,000005,20230217,20201124,3815515,USD,S,Pago
100,000050000274,000006,20241027,20241107,3563870,USD,S,Pago
100,000050000274,000007,20211021,20241027,3314477,USD,H,Deposito
100,000050000275,000001,20220322,20241120,58628,MXN,H,Deposito
100,000050000275,000002,20220119,20221010,3197722,MXN,H,Pago
100,000050000276,000001,20210503,20221107,4959712,MXN,S,Retiro
100,000050000276,000002,20231024,20201127,2437686,MXN,H,Deposito
100,000050000276,000003,20240812,20220531,3138122,MXN,S,Deposito
100,000050000276,000004,20231123,20200301,301263,MXN,H,Comision
100,000050000276,000005,20240202,20221114,4058453,MXN,S,Transferencia
100,000050000276,000006,20230222,20210831,3659986,MXN,H,Deposito
100,000050000276,000007,20240608,20230927,4493777,MXN,S,Deposito
100,000050000276,000008,20210323,20231030,4263512,MXN,S,Pago
100,000050000276,000009,20240622,20231207,3386281,MXN,S,Pago
100,000050000276,000010,20230411,20221221,4007784,MXN,H,Retiro
100,000050000276,000011,20230301,20210925,457643,MXN,S,Transferencia
100,000050000277,000001,20240807,20240326,2672733,MXN,H,Deposito
100,000050000277,000002,20220102,20220120,960421,MXN,S,Comision
100,000050000277,000003,20240424,20200227,123227,MXN,H,Deposito
100,000050000277,000004,20231005,20240421,2041827,MXN,H,Transferencia
100,000050000277,000005,20221214,20240803,1402422,MXN,H,Deposito
100,000050000277,000006,20210524,20201221,3212069,MXN,S,Transferencia
100,000050000277,000007,20201126,20230305,142046,MXN,H,Comision
100,000050000277,000008,20211231,20230525,3668567,MXN,S,Comision
100,000050000277,000009,20220206,20210427,794599,MXN,H,Retiro
100,000050000277,000010,20200414,20241007,737008,MXN,H,Pago
100,000050000277,000011,20220708,20200123,4708140,MXN,S,Transferencia
100,000050000277,000012,20230821,20200823,3662648,MXN,H,Pago
100,000050000277,000013,20201123,20231107,664415,MXN,H,Comision
100,000050000278,000001,20230704,20240103,1462977,MXN,S,Transferencia
100,000050000278,000002,20220727,20220524,4170851,MXN,S,Retiro
100,000050000278,000003,20240317,20240321,663737,MXN,H,Transferencia
100,000050000278,000004,20200917,20200619,132487,MXN,S,Retiro
100,000050000278,000005,20210103,20210326,2694896,MXN,S,Transferencia
100,000050000278,000006,20200123,20220923,4636944,MXN,S,Transferencia
100,000050000278,000007,20200330,20201108,4498523,MXN,S,Pago
100,000050000278,000008,20220111,20220303,4500868,MXN,S,Pago
100,000050000278,000009,20210911,20230201,4548009,MXN,H,Comision
100,000050000278,000010,20220120,20200930,4836511,MXN,S,Retiro
100,000050000278,000011,20210909,20240126,4342834,MXN,H,Transferencia
100,000050000278,000012,20210510,20240219,274733,MXN,S,Comision
100,000050000278,000013,20240325,20210418,4862857,MXN,S,Comision
100,000050000278,000014,20240601,20220914,2914538,MXN,S,Transferencia
100,000050000279,000001,20240420,20230426,1952445,MXN,H,Comision
100,000050000279,000002,20210625,20230609,3909029,MXN,H,Transferencia
100,000050000279,000003,20211105,20210201,6027,MXN,H,Retiro
100,000050000279,000004,20240721,20240918,1029568,MXN,H,Pago
100,000050000280,000001,20230126,20201225,588721,MXN,S,Retiro
100,000050000280,000002,20221118,20231206,2485139,MXN,S,Comision
100,000050000280,000003,20241117,20210414,4250511,MXN,S,Comision
100,000050000280,000004,20240118,20240211,2145726,MXN,S,Comision
100,000050000281,000001,20220922,20241122,4171910,MXN,S,Retiro
100,000050000281,000002,20210703,20230411,1297565,MXN,S,Deposito
100,000050000281,000003,20231021,20220106,1453270,MXN,S,Retiro
100,000050000281,000004,20210506,20240512,2672850,MXN,H,Transferencia
100,000050000281,000005,20210913,20200512,3362956,MXN,H,Retiro
100,000099003181,000006,20210126,20221212,367521,MXN,H,Deposito
100,000050000281,000007,20220122,20230131,242861,MXN,H,Retiro
100,000050000281,000008,20230429,20240105,804005,MXN,H,Comision
100,000050000281,000009,20200129,20241203,489915,MXN,S,Pago
100,000050000281,000010,20230526,20240621,1529104,MXN,H,Deposito
100,000050000281,000011,20220421,20200710,3715783,MXN,S,Deposito
100,000050000281,000012,20240125,20240801,4487591,MXN,S,Deposito
100,000050000281,000013,20230825,20200321,2381159,MXN,S,Deposito
100,000050000281,000014,20210920,20210505,1950725,MXN,S,Comision
100,000050000281,000015,20210721,20240818,4889263,MXN,H,Transferencia
100,000050000281,000016,20220123,20210821,1042125,MXN,H,Comision
100,000050000281,000017,20241023,20211214,2702653,MXN,H,Retiro
100,000050000282,000001,20201001,20210302,4183711,MXN,H,Pago
100,000050000282,000002,20200121,20200603,2993068,MXN,H,Comision
100,000050000282,000003,20230410,20220519,3969189,MXN,H,Pago
100,000050000282,000004,20241101,20210212,1695753,MXN,S,Transferencia
100,000050000282,000005,20240326,20210413,74908,MXN,S,Pago
100,000050000282,000006,20220720,20200105,4187570,MXN,H,Transferencia
100,000050000282,000007,20220401,20220330,151388,MXN,S,Retiro
100,000050000282,000008,20210510,20230303,1232805,MXN,H,Pago
100,000050000282,000009,20201230,20231029,3362848,MXN,H,Deposito
100,000050000282,000010,20210622,20200712,3129635,MXN,H,Transferencia
100,000050000282,000011,20211231,20240818,2461615,MXN,H,Comision
100,000050000282,000012,20201111,20210928,4546482,MXN,H,Retiro
100,000050000282,000013,20221019,20230331,4579513,MXN,H,Deposito
100,000050000282,000014,20240827,20230925,2836723,MXN,H,Deposito
100,000050000282,000015,20220130,20210526,4175873,MXN,S,Transferencia
100,000050000283,000001,20200417,20211002,2163819,USD,H,Pago
100,000050000283,000002,20220727,20240823,2527660,USD,S,Deposito
100,000050000283,000003,20220730,20230911,4375180,USD,S,Comision
100,000050000283,000004,20220830,20231202,3569601,USD,H,Comision
100,000050000283,000005,20240510,20240328,2492454,USD,S,Transferencia
100,000050000283,000006,20210204,20230118,1072101,USD,H,Retiro
100,000050000283,000007,20220907,20241118,337906,USD,S,Transferencia
100,000050000283,000008,20200322,20220809,4186147,USD,H,Pago
100,000050000283,000009,20200424,20230723,3463038,USD,H,Pago
100,000050000283,000010,20240503,20231225,3667519,USD,H,Comision
100,000050000284,000001,20200412,20240624,2766698,USD,H,Comision
100,000050000284,000002,20230614,20210818,528391,USD,H,Comision
100,000050000284,000003,20231208,20210510,484021,USD,S,Transferencia
100,000050000284,000004,20220427,20230326,165210,USD,S,Pago
100,000050000284,000005,20220415,20211103,4246932,USD,S,Retiro
100,000050000284,000006,20220821,20220201,2577193,USD,S,Transferencia
100,000050000284,000007,20220316,20221104,879091,USD,S,Deposito
100,000050000284,000008,20201023,20210504,2848996,USD,H,Comision
100,000050000284,000009,20221127,20231021,1510129,USD,S,Retiro
100,000050000284,000010,20200626,20200602,1484705,USD,H,Transferencia
100,000050000284,000011,20201028,20220803,3487442,USD,H,Pago
100,000050000284,000012,20240605,20201220,2999748,USD,S,Comision
100,000050000284,000013,20210423,20220630,2442398,USD,H,Deposito
100,000050000284,000014,20210516,20211031,406176,USD,S,Pago
100,000050000285,000001,20210331,20230123,4460451,MXN,H,Comision
100,000050000285,000002,20210110,20230516,1689507,MXN,H,Deposito
100,000050000285,000003,20220502,20210618,1102106,MXN,S,Pago
100,000050000285,000004,20200905,20241109,2332293,MXN,S,Comision
100,000050000285,000005,20220919,20240802,3168143,MXN,H,Comision
100,000050000285,000006,20200903,20240729,1451098,MXN,S,Deposito
100,000050000285,000007,20230420,20240617,2490711,MXN,S,Deposito
100,000050000285,000008,20200423,20211214,527375,MXN,H,Pago
100,000050000285,000009,20220603,20230528,2574789,MXN,H,Pago
100,000050000285,000010,20230312,20221015,943196,MXN,H,Comision
100,000050000285,000011,20241123,20200605,2555092,MXN,S,Transferencia
100,000050000285,000012,20200602,20200613,2892191,MXN,S,Deposito
100,000050000285,000013,20210220,20230608,1434496,MXN,H,Retiro
100,000050000285,000014,20241001,20220218,2908897,MXN,S,Retiro
100,000050000285,000015,20230624,20221215,3739088,MXN,H,Deposito
100,000050000285,000016,20200211,20241008,109984,MXN,S,Transferencia
100,000050000286,000001,20230424,20220111,4564010,MXN,H,Pago
100,000050000287,000001,20200911,20240122,4193889,MXN,H,Comision
100,000050000287,000002,20230923,20230226,3367473,MXN,H,Retiro
100,000050000287,000003,20201214,20200806,1302579,MXN,H,Transferencia
100,000050000287,000004,20220607,20221206,2841862,MXN,S,Retiro
100,000050000287,000005,20240707,20220903,2015140,MXN,H,Transferencia
100,000050000287,000006,20221206,20200508,2719886,MXN,H,Retiro
100,000050000287,000007,20201016,20240428,3921214,MXN,S,Transferencia
100,000050000287,000008,20231204,20200306,3822357,MXN,S,Retiro
100,000050000287,000009,20210718,20221128,484880,MXN,H,Deposito
100,000050000287,000010,20240316,20231019,2549108,MXN,H,Transferencia
100,000050000287,000011,20200306,20201013,3876465,MXN,S,Deposito
100,000050000287,000012,20210210,20240505,1078862,MXN,S,Deposito
100,000050000287,000013,20210104,20230109,771420,MXN,H,Retiro
100,000050000287,000014,20230401,20200501,2162515,MXN,S,Pago
100,000050000288,000001,20221101,20231228,2527740,USD,H,Transferencia
100,000050000288,000002,20230622,20230830,737857,USD,H,Retiro
100,000050000288,000003,20241022,20200821,1157090,USD,H,Comision
100,000050000288,000004,20240419,20241204,4005360,USD,H,Deposito
100,000050000288,000005,20221205,20200325,3210671,USD,S,Comision
100,000050000288,000006,20230425,20230814,2949293,USD,S,Transferencia
100,000050000288,000007,20200303,20240610,1156992,USD,S,Retiro
100,000050000288,000008,20221024,20220810,4629506,USD,H,Retiro
100,000050000288,000009,20210302,20210227,3352723,USD,H,Comision
100,000050000288,000010,20240305,20241103,2682996,USD,S,Deposito
100,000050000288,000011,20231222,20200606,3257639,USD,S,Comision
100,000050000288,000012,20200318,20200220,2674887,USD,S,Transferencia
100,000050000289,000001,20240921,20220330,4236771,CLP,S,Transferencia
100,000050000289,000002,20230523,20220716,4730261,CLP,S,Deposito
100,000050000289,000003,20241105,20221118,3515455,CLP,H,Transferencia
100,000050000289,000004,20240706,20221116,3271120,CLP,S,Comision
100,000050000289,000005,20240812,20200202,1980564,CLP,S,Comision
100,000050000290,000001,20200127,20210107,3056998,MXN,S,Retiro
100,000050000290,000002,20220309,20230405,2466094,MXN,S,Transferencia
100,000050000290,000003,20230420,20220825,2720979,MXN,S,Deposito
100,000050000290,000004,20220309,20230514,2785550,MXN,S,Comision
100,000050000290,000005,20231130,20210626,303890,MXN,H,Transferencia
100,000050000290,000006,20230121,20210825,2268966,MXN,S,Comision
100,000050000290,000007,20220918,20231014,3335558,MXN,H,Transferencia
100,000050000290,000008,20240801,20201209,2203234,MXN,H,Pago
100,000050000290,000009,20231118,20241002,4749506,MXN,S,Pago
100,000050000290,000010,20220207,20240516,2404981,MXN,S,Transferencia
100,000050000290,000011,20200105,20220305,2968822,MXN,H,Deposito
100,000050000290,000012,20241005,20240223,246106,MXN,S,Deposito
100,000050000291,000001,20201210,20211110,4924238,USD,H,Pago
100,000050000291,000002,20211129,20221229,2568121,USD,H,Deposito
100,000050000291,000003,20210416,20231121,3715986,USD,H,Retiro
100,000050000291,000004,20200622,20230822,833689,USD,S,Transferencia
100,000050000291,000005,20200107,20230103,1469227,USD,H,Pago
100,000050000291,000006,20220419,20240810,2011436,USD,H,Transferencia
100,000050000291,000007,20220810,20240927,3754139,USD,H,Pago
100,000050000291,000008,20221206,20240126,1310547,USD,H,Retiro
100,000050000291,000009,20240728,20230622,4571171,USD,H,Retiro
100,000050000291,000010,20210521,20221128,1027617,USD,H,Deposito
100,000050000292,000001,20210827,20210217,3954318,USD,H,Retiro
100,000050000292,000002,20220315,20230617,2940839,USD,H,Comision
100,000050000292,000003,20240531,20210414,3985902,USD,H,Deposito
100,000050000292,000004,20201027,20210309,3328681,USD,H,Transferencia
100,000050000292,000005,20220425,20240104,2438521,USD,S,Comision
100,000050000292,000006,20231005,20230113,3830494,USD,H,Comision
100,000050000292,000007,20200415,20240918,1493882,USD,S,Deposito
100,000050000292,000008,20200815,20240925,4175688,USD,S,Transferencia
100,000050000293,000001,20220621,20241028,4159361,MXN,H,Deposito
100,000050000293,000002,20220908,20201229,3214104,MXN,S,Pago
100,000050000293,000003,20220627,20220602,4656925,MXN,H,Retiro
100,000050000293,000004,20230101,20200118,702772,MXN,S,Pago
100,000050000293,000005,20200320,20220618,4467419,MXN,S,Comision
100,000050000293,000006,20230205,20200621,2973079,MXN,H,Comision
100,000050000293,000007,20201219,20241114,3312876,MXN,S,Transferencia
100,000050000293,000008,20220526,20230812,549810,MXN,S,Comision
100,000050000293,000009,20240829,20220304,2547264,MXN,H,Transferencia
100,000050000293,000010,20201214,20211117,3523585,MXN,S,Retiro
100,000050000293,000011,20221009,20200826,1547287,MXN,H,Comision
100,000050000293,000012,20230204,20230127,211606,MXN,S,Transferencia
100,000050000293,000013,20240825,20240125,666389,MXN,H,Deposito
100,000050000293,000014,20201231,20230225,4437589,MXN,S,Transferencia
100,000050000294,000001,20240428,20231024,821036,MXN,S,Transferencia
100,000050000294,000002,20220208,20220902,2273945,MXN,S,Retiro
100,000050000294,000003,20231026,20220817,1932778,MXN,H,Comision
100,000050000294,000004,20210316,20210612,3840866,MXN,S,Retiro
100,000050000294,000005,20210624,20220810,1921538,MXN,H,Comision
100,000050000294,000006,20240220,20210131,3533468,MXN,H,Deposito
100,000050000294,000007,20201209,20210911,2695223,MXN,H,Deposito
100,000050000294,000008,20230714,20200107,330717,MXN,H,Deposito
100,000050000294,000009,20210807,20241009,3303318,MXN,S,Deposito
100,000050000294,000010,20211003,20230416,4127820,MXN,H,Retiro
100,000050000294,000011,20210203,20240422,1099012,MXN,H,Deposito
100,000050000294,000012,20230118,20210216,192301,MXN,H,Comision
100,000050000294,000013,20220620,20230222,1765272,MXN,H,Comision
100,000050000294,000014,20210410,20230915,3829492,MXN,H,Pago
100,000050000294,000015,20201128,20211103,563622,MXN,H,Comision
100,000050000294,000016,20240131,20230307,3327605,MXN,H,Deposito
100,000050000294,000017,20220301,20211013,4383493,MXN,S,Deposito
100,000050000294,000018,20221129,20200326,2870024,MXN,H,Comision
100,000050000294,000019,20210515,20241022,150638,MXN,S,Pago
100,000050000294,000020,20230603,20240124,4004107,MXN,S,Retiro
100,000050000295,000001,20240503,20210411,2397918,USD,S,Comision
100,000050000295,000002,20240227,20200921,965701,USD,S,Deposito
100,000050000295,000003,20221102,20230307,4902979,USD,S,Pago
100,000050000295,000004,20241203,20220327,1879544,USD,H,Comision
100,000050000295,000005,20221228,20220220,1979120,USD,S,Transferencia
100,000050000295,000006,20210115,20230126,2435397,USD,H,Deposito
100,000050000295,000007,20200807,20231115,2179077,USD,S,Comision
100,000050000295,000008,20220522,20230423,1348119,USD,H,Retiro
100,000050000295,000009,20220513,20210707,4300997,USD,H,Retiro
100,000050000296,000001,20210805,20230522,497763,MXN,S,Deposito
100,000050000296,000002,20220126,20240105,758334,MXN,S,Retiro
100,000050000296,000003,20210523,20240814,2387532,MXN,H,Retiro
100,000050000296,000004,20240321,20240329,1485481,MXN,S,Comision
100,000050000296,000005,20240523,20221211,3800425,MXN,S,Retiro
100,000050000296,000006,20220324,20240214,461244,MXN,H,Pago
100,000050000296,000007,20231014,20231116,4521080,MXN,S,Pago
100,000050000296,000008,20230727,20220314,987324,MXN,S,Comision
100,000050000296,000009,20200905,20240123,1018452,MXN,H,Deposito
100,000050000296,000010,20220312,20230305,2704822,MXN,H,Retiro
100,000050000297,000001,20221228,20231106,2105790,JPY,S,Pago
100,000050000297,000002,20201020,20200425,1294618,JPY,H,Retiro
100,000050000297,000003,20210906,20200220,2248518,JPY,S,Retiro
100,000050000297,000004,20230725,20211010,145815,JPY,H,Retiro
100,000050000297,000005,20210921,20220202,1516975,JPY,H,Retiro
100,000050000297,000006,20230221,20221125,1619908,JPY,S,Transferencia
100,000050000297,000007,20200104,20200215,1299108,JPY,S,Retiro
100,000050000297,000008,20230526,20220421,4816486,JPY,H,Transferencia
100,000050000297,000009,20230614,20200803,1829895,JPY,H,Pago
100,000050000297,000010,20230618,20240601,1927584,JPY,H,Transferencia
100,000050000297,000011,20230203,20210301,1946800,JPY,S,Comision
100,000099003374,000012,20210417,20211029,3611798,JPY,S,Pago
100,000050000297,000013,20210426,20231207,1016065,JPY,S,Retiro
100,000050000297,000014,20230727,20200416,3938032,JPY,S,Comision
100,000050000297,000015,20210218,20220605,1139397,JPY,H,Retiro
100,000050000297,000016,20240228,20220709,4830815,JPY,H,Comision
100,000050000297,000017,20240731,20211126,2068659,JPY,S,Retiro
100,000050000298,000001,20201020,20210130,2391493,MXN,H,Pago
100,000050000298,000002,20211031,20210714,2664885,MXN,H,Comision
100,000050000298,000003,20230419,20210316,2197019,MXN,H,Comision
100,000050000298,000004,20221127,20220707,1410937,MXN,H,Transferencia
100,000050000298,000005,20240325,20241028,1328720,MXN,H,Retiro
100,000050000298,000006,20210721,20200215,3474001,MXN,S,Transferencia
100,000050000298,000007,20201009,20201020,1546972,MXN,S,Retiro
100,000050000298,000008,20220317,20200828,2434549,MXN,S,Pago
100,000050000298,000009,20201101,20241003,1741965,MXN,H,Transferencia
100,000050000298,000010,20220911,20210912,3609271,MXN,S,Deposito
100,000050000298,000011,20240603,20221108,4953953,MXN,H,Comision
100,000050000298,000012,20220112,20221204,3348566,MXN,S,Transferencia
100,000050000298,000013,20240218,20211125,1582832,MXN,H,Retiro
100,000050000298,000014,20200129,20200326,793461,MXN,S,Comision
100,000050000298,000015,20230416,20220701,3806859,MXN,H,Deposito
100,000050000298,000016,20211026,20210930,1318280,MXN,H,Deposito
100,000050000298,000017,20211127,20231227,4356456,MXN,H,Deposito
100,000050000299,000001,20231102,20240309,576830,CLP,H,Retiro
100,000050000299,000002,20230407,20210313,4050527,CLP,S,Pago
100,000050000299,000003,20211219,20210106,3053785,CLP,H,Deposito
100,000050000299,000004,20230311,20230226,2811462,CLP,S,Transferencia
100,000050000299,000005,20240810,20200428,417350,CLP,H,Transferencia
100,000050000299,000006,20201029,20230521,4226504,CLP,H,Retiro
100,000050000299,000007,20211117,20230617,3032013,CLP,H,Comision
100,000050000299,000008,20240211,20220716,4543913,CLP,S,Transferencia
100,000050000299,000009,20220104,20210617,977358,CLP,H,Pago
100,000050000300,000001,20220421,20200425,1352363,MXN,H,Deposito
100,000050000300,000002,20210819,20240205,4581330,MXN,H,Transferencia
100,000050000300,000003,20200625,20201023,2144885,MXN,H,Transferencia
100,000050000300,000004,20210130,20210226,3496780,MXN,S,Pago
100,000050000300,000005,20211104,20230416,279868,MXN,S,Transferencia
100,000050000300,000006,20241011,20211222,3958176,MXN,H,Retiro
100,000050000300,000007,20231229,20230701,1463235,MXN,S,Comision
100,000050000300,000008,20231211,20211116,4651001,MXN,H,Retiro
100,000050000300,000009,20210421,20240217,3419146,MXN,S,Comision
100,000050000300,000010,20210804,20220822,1705057,MXN,H,Transferencia
100,000050000300,000011,20210627,20241015,4080107,MXN,H,Deposito
100,000050000300,000012,20240212,20220525,3282357,MXN,S,Retiro
100,000050000300,000013,20230707,20230427,485469,MXN,S,Transferencia
100,000050000300,000014,20201007,20221023,4583777,MXN,H,Deposito
100,000050000300,000015,20231025,20240914,949592,MXN,S,Deposito
100,000050000300,000016,20200528,20220110,613974,MXN,S,Transferencia
100,000050000300,000017,20200628,20220411,956168,MXN,H,Comision
100,000050000300,000018,20230707,20230821,2854615,MXN,S,Deposito
100,000050000301,000001,20210903,20240303,438613,MXN,S,Pago
100,000050000301,000002,20221214,20230304,2805803,MXN,H,Pago
100,000050000301,000003,20220607,20210403,1960309,MXN,H,Transferencia
100,000050000301,000004,20231222,20230729,3858070,MXN,S,Pago
100,000050000301,000005,20220115,20210624,4048590,MXN,H,Deposito
100,000050000301,000006,20230203,20240907,3584805,MXN,H,Pago
100,000050000301,000007,20240831,20210120,4060299,MXN,H,Comision
100,000050000301,000008,20200415,20240511,4692686,MXN,H,Comision
100,000050000301,000009,20240822,20231209,4646262,MXN,S,Pago
100,000050000302,000001,20220403,20240209,2631797,USD,S,Pago
100,000050000302,000002,20210315,20240730,3696768,USD,H,Comision
100,000050000302,000003,20210615,20230318,4543267,USD,H,Comision
100,000050000302,000004,20210419,20240907,2087403,USD,S,Comision
100,000050000302,000005,20230314,20200830,803037,USD,H,Comision
100,000050000302,000006,20200810,20200309,857943,USD,H,Transferencia
100,000050000302,000007,20220103,20230307,2921639,USD,H,Pago
100,000050000302,000008,20211215,20221004,688161,USD,H,Transferencia
100,000050000302,000009,20230225,20230912,4655001,USD,H,Pago
100,000050000302,000010,20231127,20200327,661101,USD,H,Transferencia
100,000050000302,000011,20230615,20211210,3463167,USD,S,Pago
100,000050000302,000012,20220207,20210302,3927474,USD,S,Comision
100,000050000302,000013,20210726,20231210,4763033,USD,H,Comision
100,000050000302,000014,20220722,20200319,3867209,USD,S,Transferencia
100,000050000303,000001,20240525,20210716,1346040,USD,H,Pago
100,000050000303,000002,20211008,20201207,3520598,USD,S,Deposito
100,000050000303,000003,20211023,20230225,1449296,USD,H,Pago
100,000050000303,000004,20230216,20201021,4923890,USD,S,Deposito
100,000050000303,000005,20220905,20230801,1003686,USD,H,Pago
100,000050000303,000006,20221014,20230706,3097948,USD,S,Transferencia
100,000050000303,000007,20210614,20211126,319648,USD,H,Pago
100,000050000303,000008,20231126,20240504,2477566,USD,S,Pago
100,000050000303,000009,20241015,20210512,170115,USD,H,Transferencia
100,000050000304,000001,20200107,20220611,1048259,MXN,S,Transferencia
100,000050000304,000002,20230409,20200709,4977127,MXN,H,Retiro
100,000050000304,000003,20210827,20230906,735959,MXN,S,Transferencia
100,000050000304,000004,20210923,20200212,3963609,MXN,H,Retiro
100,000050000304,000005,20210725,20230524,812420,MXN,H,Pago
100,000050000304,000006,20220507,20240120,3266379,MXN,H,Transferencia
100,000050000304,000007,20230923,20220502,2148735,MXN,S,Pago
100,000050000304,000008,20221009,20200301,3955007,MXN,S,Transferencia
100,000050000304,000009,20231211,20240102,669966,MXN,H,Deposito
100,000050000304,000010,20210217,20240610,1120535,MXN,H,Pago
100,000050000305,000001,20231220,20230724,2328748,MXN,S,Comision
100,000050000305,000002,20240307,20230924,4827329,MXN,H,Comision
100,000050000305,000003,20230730,20201222,414103,MXN,H,Comision
100,000050000305,000004,20230604,20230820,1829036,MXN,H,Transferencia
100,000050000305,000005,20220115,20200208,1148850,MXN,S,Transferencia
100,000050000305,000006,20220314,20210619,4043658,MXN,H,Comision
100,000050000305,000007,20220709,20240611,3059854,MXN,H,Deposito
100,000050000305,000008,20210809,20220625,1162560,MXN,S,Retiro
100,000050000305,000009,20231222,20200713,2990055,MXN,H,Retiro
100,000050000305,000010,20200121,20221117,3089679,MXN,S,Pago
100,000050000305,000011,20211011,20240602,2355322,MXN,S,Deposito
100,000050000305,000012,20220804,20240307,295947,MXN,S,Pago
100,000050000305,000013,20200223,20200610,236825,MXN,S,Deposito
100,000050000306,000001,20210815,20200526,3046215,MXN,H,Pago
100,000050000306,000002,20210815,20230417,4741844,MXN,H,Pago
100,000050000306,000003,20220505,20221226,3336282,MXN,S,Transferencia
100,000050000306,000004,20230711,20201206,1291302,MXN,S,Retiro
100,000050000306,000005,20220914,20220904,2085610,MXN,S,Transferencia
100,000050000306,000006,20231216,20210704,591774,MXN,S,Transferencia
100,000050000306,000007,20221207,20220623,777412,MXN,S,Deposito
100,000050000307,000001,20210722,20230411,517290,MXN,H,Deposito
100,000050000307,000002,20210128,20220627,3473870,MXN,S,Transferencia
100,000050000307,000003,20220211,20240615,1600331,MXN,H,Transferencia
100,000050000307,000004,20220809,20220629,3560862,MXN,S,Comision
100,000050000307,000005,20220712,20210622,1753396,MXN,S,Deposito
100,000050000307,000006,20210214,20230812,1764736,MXN,H,Transferencia
100,000050000307,000007,20230403,20220206,4142866,MXN,H,Deposito
100,000050000307,000008,20230909,20210503,819877,MXN,H,Comision
100,000050000307,000009,20240309,20221114,1299765,MXN,S,Transferencia
100,000050000307,000010,20220413,20241102,1286541,MXN,H,Pago
100,000050000308,000001,20240809,20201103,2900049,MXN,H,Pago
100,000050000308,000002,20200913,20200625,2345730,MXN,H,Comision
100,000050000308,000003,20210427,20220904,3151126,MXN,S,Transferencia
100,000050000308,000004,20200508,20221231,1777421,MXN,S,Comision
100,000050000308,000005,20240316,20200312,351293,MXN,S,Deposito
100,000050000308,000006,20201030,20210615,2730540,MXN,S,Pago
100,000050000308,000007,20240111,20220421,711761,MXN,H,Retiro
100,000050000308,000008,20210513,20210903,4232107,MXN,H,Deposito
100,000050000308,000009,20211123,20230810,821202,MXN,H,Pago
100,000050000308,000010,20210220,20240831,1069820,MXN,H,Retiro
100,000050000308,000011,20201114,20221013,541841,MXN,S,Comision
100,000050000308,000012,20240509,20210906,2436330,MXN,H,Deposito
100,000050000308,000013,20240419,20200423,296781,MXN,H,Deposito
100,000050000308,000014,20241006,20240615,2664989,MXN,S,Deposito
100,000050000308,000015,20221107,20200316,4776349,MXN,S,Deposito
100,000050000308,000016,20210717,20201108,2877997,MXN,H,Comision
100,000050000309,000001,20230227,20200902,1989815,JPY,H,Comision
100,000050000309,000002,20240427,20210628,3334693,JPY,H,Transferencia
100,000050000309,000003,20220816,20220220,3553065,JPY,H,Retiro
100,000050000309,000004,20211015,20200202,512903,JPY,S,Transferencia
100,000050000309,000005,20220606,20240110,872924,JPY,H,Retiro
100,000050000309,000006,20210805,20240820,3706978,JPY,S,Retiro
100,000050000309,000007,20221218,20220527,852701,JPY,H,Transferencia
100,000050000309,000008,20210411,20230616,93962,JPY,H,Transferencia
100,000050000309,000009,20220210,20210903,2690003,JPY,S,Deposito
100,000050000309,000010,20221111,20201012,3081843,JPY,S,Comision
100,000050000309,000011,20230910,20210720,2531072,JPY,H,Pago
100,000050000310,000001,20220412,20210430,2555495,MXN,S,Transferencia
100,000050000310,000002,20230619,20211214,417803,MXN,S,Comision
100,000050000310,000003,20200225,20200324,2639789,MXN,H,Retiro
100,000050000310,000004,20210112,20201211,2301798,MXN,H,Transferencia
100,000050000310,000005,20221127,20200102,1897673,MXN,S,Retiro
100,000050000310,000006,20220201,20210510,413488,MXN,S,Comision
100,000050000310,000007,20210909,20211122,2647695,MXN,H,Retiro
100,000050000310,000008,20210909,20201228,3723882,MXN,H,Deposito
100,000050000310,000009,20220703,20220416,667069,MXN,S,Pago
100,000050000310,000010,20220518,20210609,4925056,MXN,H,Comision
100,000050000310,000011,20231102,20240719,1051833,MXN,S,Retiro
100,000050000310,000012,20200422,20240101,1442595,MXN,H,Deposito
100,000050000310,000013,20220226,20220720,3039036,MXN,S,Deposito
100,000050000310,000014,20240503,20220819,2812432,MXN,S,Transferencia
100,000050000310,000015,20210401,20220904,3458207,MXN,H,Deposito
100,000050000310,000016,20220915,20210911,1848434,MXN,S,Pago
100,000050000310,000017,20221028,20240829,4867660,MXN,S,Retiro
100,000050000310,000018,20200523,20230803,4389118,MXN,H,Pago
100,000050000311,000001,20220919,20200406,3659936,MXN,H,Transferencia
100,000050000311,000002,20230220,20210730,1859320,MXN,S,Deposito
100,000050000311,000003,20231214,20240123,1759519,MXN,S,Comision
100,000050000311,000004,20201214,20200718,522262,MXN,S,Transferencia
100,000050000311,000005,20240914,20240614,592777,MXN,S,Comision
100,000050000311,000006,20200326,20220901,4201090,MXN,S,Retiro
100,000050000311,000007,20200724,20220124,4794021,MXN,H,Retiro
100,000050000311,000008,20210617,20220715,3322762,MXN,H,Deposito
100,000050000311,000009,20220717,20230424,2500728,MXN,S,Deposito
100,000050000311,000010,20231117,20221226,2478406,MXN,H,Transferencia
100,000050000311,000011,20200217,20210526,2829625,MXN,S,Transferencia
100,000050000312,000001,20220505,20240919,952573,MXN,H,Retiro
100,000050000312,000002,20231119,20200419,2161169,MXN,H,Pago
100,000050000312,000003,20210129,20210818,3101253,MXN,S,Comision
100,000050000312,000004,20220921,20200325,4452901,MXN,S,Retiro
100,000050000312,000005,20231022,20210309,726285,MXN,H,Transferencia
100,000050000312,000006,20240130,20200225,4604600,MXN,H,Transferencia
100,000050000312,000007,20210601,20210416,4712620,MXN,H,Pago
100,000050000312,000008,20210419,20240928,997160,MXN,S,Comision
100,000050000312,000009,20240409,20240331,1307978,MXN,S,Deposito
100,000050000312,000010,20240812,20220917,4064738,MXN,S,Deposito
100,000050000312,000011,20200701,20230406,2005342,MXN,H,Comision
100,000050000312,000012,20240404,20211016,4274593,MXN,S,Transferencia
100,000050000312,000013,20220115,20201128,3875570,MXN,H,Pago
100,000050000312,000014,20210202,20211128,708039,MXN,S,Deposito
100,000050000313,000001,20241008,20210215,3708676,MXN,H,Pago
100,000050000313,000002,20210201,20210712,1274644,MXN,S,Pago
100,000050000313,000003,20200413,20220708,2712318,MXN,H,Transferencia
100,000050000313,000004,20221215,20220914,180291,MXN,H,Deposito
100,000050000313,000005,20211114,20201201,1220163,MXN,S,Comision
100,000050000313,000006,20220902,20210517,3557748,MXN,S,Comision
100,000050000313,000007,20240311,20221231,1696942,MXN,S,Comision
100,000050000313,000008,20230828,20230212,2165951,MXN,H,Transferencia
100,000050000313,000009,20230129,20221109,2184258,MXN,H,Comision
100,000050000313,000010,20210126,20200405,2449215,MXN,S,Transferencia
100,000050000313,000011,20220616,20210713,4343003,MXN,S,Deposito
100,000050000313,000012,20220307,20210419,3591255,MXN,S,Comision
100,000050000313,000013,20210617,20231130,3598670,MXN,S,Deposito
100,000050000313,000014,20200221,20210729,4807772,MXN,S,Deposito
100,000050000314,000001,20220821,20201027,2382575,USD,S,Pago
100,000050000314,000002,20240714,20231005,1920017,USD,H,Retiro
100,000050000314,000003,20230614,20220625,3314419,USD,H,Transferencia
100,000050000314,000004,20200815,20220419,2639137,USD,S,Retiro
100,000050000314,000005,20200725,20230803,3559230,USD,S,Deposito
100,000050000314,000006,20230123,20201030,1758019,USD,S,Retiro
100,000050000314,000007,20240324,20200510,1848516,USD,S,Deposito
100,000050000314,000008,20220902,20231103,4244547,USD,H,Pago
100,000050000314,000009,20240704,20240626,3385255,USD,H,Pago
100,000050000314,000010,20240528,20220706,3110922,USD,S,Transferencia
100,000050000315,000001,20231007,20200327,4119700,MXN,H,Pago
100,000050000315,000002,20210108,20200510,525935,MXN,S,Transferencia
100,000050000315,000003,20220324,20240102,2267542,MXN,H,Retiro
100,000050000315,000004,20201224,20231117,1721719,MXN,H,Transferencia
100,000050000315,000005,20200604,20220522,2150864,MXN,H,Deposito
100,000050000315,000006,20220127,20210705,4175873,MXN,H,Transferencia
100,000050000315,000007,20210513,20240819,3916483,MXN,H,Deposito
100,000050000315,000008,20200921,20220621,1649958,MXN,S,Pago
100,000050000315,000009,20230319,20220207,1095974,MXN,H,Comision
100,000050000315,000010,20231203,20220716,4178000,MXN,H,Deposito
100,000050000316,000001,20211029,20200719,867969,MXN,S,Pago
100,000050000316,000002,20200519,20230729,1702124,MXN,S,Pago
100,000050000316,000003,20231104,20230516,3638667,MXN,H,Pago
100,000050000316,000004,20230605,20240826,2072048,MXN,S,Deposito
100,000050000316,000005,20230724,20210716,4230785,MXN,H,Deposito
100,000050000316,000006,20201001,20210930,4021274,MXN,S,Deposito
100,000050000316,000007,20240531,20211017,4788433,MXN,S,Comision
100,000050000316,000008,20220625,20200406,3623934,MXN,S,Deposito
100,000050000316,000009,20230105,20211206,790851,MXN,H,Deposito
100,000050000316,000010,20220602,20220416,3800056,MXN,H,Deposito
100,000050000317,000001,20221124,20200113,1925394,MXN,S,Transferencia
100,000050000317,000002,20221130,20210913,323455,MXN,H,Comision
100,000050000317,000003,20230719,20201113,3248457,MXN,S,Comision
100,000050000317,000004,20220822,20240905,2955837,MXN,S,Deposito
100,000050000317,000005,20240612,20200405,2875911,MXN,H,Transferencia
100,000050000317,000006,20221003,20231215,3591164,MXN,H,Pago
100,000050000317,000007,20220403,20200521,4119246,MXN,S,Comision
100,000050000318,000001,20220505,20200404,2570419,USD,H,Transferencia
100,000050000318,000002,20230109,20210630,1860239,USD,H,Comision
100,000050000318,000003,20200227,20240724,4250534,USD,H,Deposito
100,000050000318,000004,20211211,20210206,1380924,USD,S,Pago
100,000050000318,000005,20220404,20241123,4169651,USD,S,Comision
100,000050000318,000006,20220106,20230906,3878319,USD,H,Retiro
100,000050000318,000007,20210819,20201117,4215285,USD,H,Comision
100,000050000318,000008,20240302,20230701,4719778,USD,H,Retiro
100,000050000318,000009,20230314,20201017,1956981,USD,H,Pago
100,000050000318,000010,20200730,20200424,1993173,USD,H,Comision
100,000050000318,000011,20231028,20230508,3872885,USD,H,Retiro
100,000050000319,000001,20240829,20220604,853322,USD,S,Retiro
100,000050000319,000002,20240502,20220428,1395594,USD,H,Deposito
100,000050000319,000003,20220524,20240114,1555048,USD,S,Comision
100,000050000319,000004,20231216,20211016,3848189,USD,S,Deposito
100,000050000319,000005,20220819,20221212,2149066,USD,S,Pago
100,000050000319,000006,20220113,20240626,2170590,USD,S,Transferencia
100,000050000319,000007,20230703,20210718,2899011,USD,S,Pago
100,000050000320,000001,20211024,20240904,1548324,MXN,S,Transferencia
100,000050000320,000002,20201007,20240525,2021316,MXN,S,Comision
100,000050000320,000003,20221030,20230731,4743975,MXN,S,Transferencia
100,000050000320,000004,20220612,20240607,572558,MXN,H,Comision
100,000050000320,000005,20210206,20230920,4429457,MXN,H,Comision
100,000050000320,000006,20200121,20200907,22739,MXN,S,Pago
100,000050000320,000007,20220418,20220804,4284023,MXN,S,Pago
100,000050000320,000008,20200604,20241107,1714398,MXN,H,Comision
100,000050000320,000009,20200412,20241015,1089772,MXN,H,Comision
100,000050000320,000010,20220710,20240104,1587668,MXN,S,Deposito
100,000050000320,000011,20211216,20220926,1516670,MXN,H,Pago
100,000050000321,000001,20210509,20210909,3286711,USD,H,Deposito
100,000050000321,000002,20231223,20241012,3397165,USD,S,Transferencia
100,000050000321,000003,20230626,20240229,1008958,USD,S,Comision
100,000050000321,000004,20220226,20200502,659217,USD,H,Deposito
100,000050000321,000005,20230627,20240128,4047862,USD,H,Pago
100,000050000321,000006,20220301,20230227,1788034,USD,S,Deposito
100,000050000321,000007,20220614,20211125,585567,USD,S,Pago
100,000050000321,000008,20240321,20200508,1947093,USD,H,Retiro
100,000050000321,000009,20210330,20210506,424995,USD,H,Pago
100,000050000321,000010,20220405,20220424,1292535,USD,H,Comision
100,000050000321,000011,20210910,20230921,4735618,USD,H,Deposito
100,000050000322,000001,20220723,20230405,1959193,USD,S,Transferencia
100,000050000322,000002,20240806,20230413,4311215,USD,S,Comision
100,000050000322,000003,20221104,20210223,3303616,USD,H,Transferencia
100,000050000322,000004,20231229,20200724,4080823,USD,H,Pago
100,000050000322,000005,20241109,20200828,4464199,USD,H,Comision
100,000050000322,000006,20230328,20240622,3013406,USD,H,Retiro
100,000050000322,000007,20230811,20210610,605227,USD,H,Retiro
100,000050000322,000008,20220707,20210514,2498240,USD,H,Comision
100,000050000322,000009,20240605,20211111,4013832,USD,H,Pago
100,000050000322,000010,20230119,20211001,41832,USD,H,Retiro
100,000050000323,000001,20240909,20210821,4124346,MXN,S,Pago
100,000050000323,000002,20220615,20240420,3293970,MXN,S,Pago
100,000050000323,000003,20201129,20220916,4785081,MXN,S,Transferencia
100,000050000323,000004,20230528,20210327,4708586,MXN,S,Deposito
100,000050000323,000005,20200402,20220701,2557966,MXN,S,Comision
100,000050000323,000006,20220403,20200727,2896970,MXN,S,Comision
100,000050000323,000007,20220422,20220720,120717,MXN,H,Retiro
100,000050000323,000008,20210615,20220709,4431008,MXN,H,Pago
100,000050000323,000009,20200501,20230304,2274312,MXN,H,Transferencia
100,000050000323,000010,20210329,20210624,477684,MXN,H,Pago
100,000050000323,000011,20230527,20200427,2648111,MXN,H,Comision
100,000050000324,000001,20230601,20220620,2212345,MXN,H,Pago
100,000050000324,000002,20240218,20201223,1582381,MXN,S,Transferencia
100,000050000324,000003,20210502,20220303,1495529,MXN,S,Deposito
100,000050000324,000004,20240922,20220110,3640617,MXN,H,Retiro
100,000050000324,000005,20200810,20210305,1382985,MXN,S,Pago
100,50000324,000006,20221101,20210321,4403657,MXN,S,Deposito
100,000050000324,000007,20210116,20230516,4834388,MXN,S,Deposito
100,000050000324,000008,20220527,20240422,1578225,MXN,S,Pago
100,000050000324,000009,20210620,20210224,816771,MXN,S,Pago
100,000050000325,000001,20200720,20240427,3432748,USD,H,Pago
100,000050000325,000002,20220103,20240521,1212560,USD,H,Retiro
100,000050000325,000003,20201118,20220407,,USD,S,Pago
100,000050000325,000004,20201008,20201124,1563651,USD,H,Comision
100,000050000325,000005,20200724,20210618,1675414,USD,H,Deposito
100,000050000325,000006,20220521,20200524,4557652,USD,H,Transferencia
100,000050000325,000007,20230102,20230226,3781356,USD,H,Deposito
100,000050000325,000008,20241101,20240731,1711932,USD,H,Pago
100,000050000325,000009,20231116,20200411,858686,USD,S,Transferencia
100,000050000325,000010,20211012,20231123,1525319,USD,S,Retiro
100,000050000325,000011,20230802,20220616,42968,USD,S,Deposito
100,000050000325,000012,20210507,20200311,2407717,USD,H,Transferencia
100,000050000325,000013,20240508,20240929,1289107,USD,S,Transferencia
100,000050000325,000014,20211005,20240115,3838700,USD,S,Deposito
100,000050000325,000015,20200815,20210206,194857,USD,H,Deposito
100,000050000326,000001,20230813,20220516,3944802,MXN,H,Transferencia
100,000050000326,000002,20200130,20230314,2489162,MXN,S,Comision
100,000050000326,000003,20200617,20201231,675901,MXN,S,Deposito
100,000050000326,000004,20200126,20211002,455382,MXN,S,Pago
100,000050000326,000005,20210709,20230326,1432039,MXN,S,Retiro
100,000050000326,000006,20240117,20210918,3759256,MXN,S,Transferencia
100,000050000327,000001,20240501,20221011,717466,MXN,S,Comision
100,000050000327,000002,20241106,20230602,3702016,MXN,S,Comision
100,000050000327,000003,20241109,20201027,3736862,MXN,H,Comision
100,000050000327,000004,20240913,20200102,2865172,MXN,H,Transferencia
100,000050000327,000005,20210517,20230712,4630530,MXN,S,Retiro
100,000050000327,000006,20230408,20200215,4791743,MXN,H,Deposito
100,000050000327,000007,20220616,20240425,303509,MXN,H,Comision
100,000050000327,000008,20231022,20221212,3216975,MXN,S,Retiro
100,000050000327,000009,20231102,20240215,4149543,MXN,S,Deposito
100,000050000327,000010,20220220,20240131,1211685,MXN,H,Comision
100,000050000328,000001,20211220,20210204,3923112,USD,H,Deposito
100,000050000328,000002,20241126,20200722,3826208,USD,H,Comision
100,000050000328,000003,20230612,20220103,12640,USD,S,Comision
100,000050000328,000004,20220420,20221129,1117176,USD,H,Retiro
100,000050000328,000005,20200515,20240210,2818900,USD,S,Transferencia
100,000050000328,000006,20210111,20200405,3463334,USD,H,Retiro
100,000050000328,000007,20240915,20200130,2511973,USD,H,Pago
100,000050000329,000001,20200503,20210615,492026,MXN,H,Retiro
100,000050000329,000002,20240810,20200518,1065828,MXN,S,Retiro
100,000050000329,000003,20231105,20210804,1925990,MXN,H,Transferencia
100,000050000329,000004,20230819,20210127,239114,MXN,H,Comision
100,000050000329,000005,20220411,20221002,4729299,MXN,S,Deposito
100,000050000329,000006,20240316,20230121,56880,MXN,H,Pago
100,000050000329,000007,20230910,20241007,503300,MXN,S,Transferencia
100,000050000329,000008,20230725,20210220,1498550,MXN,S,Retiro
100,000050000329,000009,20210723,20200802,3123277,MXN,H,Comision
100,000050000329,000010,20240104,20221213,48083,MXN,H,Pago
100,000050000330,000001,20200429,20210320,4679121,MXN,H,Transferencia
100,000050000330,000002,20241004,20210527,1137535,MXN,H,Transferencia
100,000050000330,000003,20210510,20210804,3546432,MXN,S,Transferencia
100,000050000330,000004,20210330,20210411,1556043,MXN,S,Retiro
100,000050000330,000005,20200131,20200731,4125289,MXN,H,Retiro
100,000050000330,000006,20230710,20230421,901413,MXN,S,Retiro
100,000050000330,000007,20240517,20220803,849650,MXN,S,Pago
100,000050000330,000008,20221216,20240229,879560,MXN,H,Retiro
100,000050000330,000009,20200301,20220620,3603692,MXN,H,Comision
100,000050000330,000010,20210608,20210612,1872405,MXN,S,Comision
100,000050000330,000011,20201025,20220726,4130418,MXN,H,Pago
100,000050000330,000012,20241027,20240120,4898580,MXN,H,Transferencia
100,000050000330,000013,20210622,20220531,4277625,MXN,H,Retiro
100,000050000330,000014,20240508,20230421,845213,MXN,H,Retiro
100,000050000330,000015,20230620,20210901,650463,MXN,H,Transferencia
100,000050000330,000016,20211129,20200402,1838562,MXN,H,Pago
100,000050000330,000017,20230502,20240523,1230089,MXN,S,Pago
100,000050000330,000018,20200924,20211018,1882247,MXN,S,Retiro
100,000050000330,000019,20240513,20220410,3908461,MXN,H,Pago
100,000050000330,000020,20230328,20230805,1930888,MXN,S,Deposito
100,000050000331,000001,20220819,20241201,2494159,MXN,S,Deposito
100,000050000331,000002,20240320,20220515,2219331,MXN,H,Transferencia
100,000050000331,000003,20210206,20210129,1102629,MXN,H,Pago
100,000050000331,000004,20240926,20240326,4623063,MXN,S,Comision
100,000050000331,000005,20240713,20220203,3839471,MXN,H,Deposito
100,000050000331,000006,20200817,20201130,1290299,MXN,S,Deposito
100,000050000331,000007,20221129,20230702,1316547,MXN,H,Transferencia
100,000050000331,000008,20221121,20200331,3095862,MXN,H,Pago
100,000050000331,000009,20220906,20230107,4537985,MXN,S,Retiro
100,000050000331,000010,20211009,20220813,3046122,MXN,S,Transferencia
100,000050000331,000011,20231216,20210416,376197,MXN,H,Deposito
100,000050000332,000001,20210108,20240109,2867453,MXN,H,Deposito
100,000050000332,000002,20230218,20240423,3248379,MXN,S,Pago
100,000050000332,000003,20210829,20241022,2765695,MXN,S,Transferencia
100,000050000332,000004,20210517,20220426,4472465,MXN,H,Comision
100,000050000332,000005,20211010,20240504,3802346,MXN,S,Retiro
100,000050000332,000006,20200709,20200128,1208661,MXN,H,Transferencia
100,000050000332,000007,20211110,20201127,3010285,MXN,S,Pago
100,000050000332,000008,20240911,20220817,2271467,MXN,S,Pago
100,000050000332,000009,20240226,20221122,4695830,MXN,S,Pago
100,000050000332,000010,20201029,20210815,1745341,MXN,H,Retiro
100,000050000332,000011,20230216,20240322,3398141,MXN,S,Comision
100,000050000332,000012,20201120,20230216,4583269,MXN,S,Transferencia
100,000050000332,000013,20220821,20200809,4973106,MXN,S,Comision
100,000050000332,000014,20210102,20230714,266890,MXN,H,Retiro
100,000050000332,000015,20220119,20210702,3894286,MXN,S,Pago
100,000050000332,000016,20230714,20230107,2477877,MXN,H,Pago
100,000050000333,000001,20240326,20221006,1032133,MXN,H,Comision
100,000050000333,000002,20200612,20210403,1373305,MXN,H,Pago
100,000050000333,000003,20220731,20220919,4124556,MXN,H,Pago
100,000050000333,000004,20211205,20220613,2245065,MXN,H,Pago
100,000050000333,000005,20220816,20240511,3912990,MXN,S,Deposito
100,000050000333,000006,20230408,20200426,3326591,MXN,S,Deposito
100,000050000333,000007,20240313,20210515,3457035,MXN,S,Deposito
100,000050000333,000008,20221227,20231227,3663559,MXN,S,Deposito
100,000050000333,000009,20240805,20211213,2747593,MXN,S,Pago
100,000050000333,000010,20200826,20220520,4971097,MXN,H,Transferencia
100,000050000334,000001,20210113,20220221,3682798,MXN,H,Pago
100,000050000334,000002,20201008,20200808,2814025,MXN,S,Transferencia
100,000050000334,000003,20210914,20220611,924144,MXN,S,Transferencia
100,000050000335,000001,20230311,20210517,1350734,JPY,H,Comision
100,000050000335,000002,20230921,20230814,4082097,JPY,H,Retiro
100,000050000335,000003,20221210,20240918,3951017,JPY,H,Pago
100,000050000335,000004,20211025,20230320,4060382,JPY,H,Retiro
100,000050000335,000005,20200812,20200731,1587142,JPY,S,Transferencia
100,000050000335,000006,20240118,20220629,3153063,JPY,H,Pago
100,000050000335,000007,20230602,20240523,2535854,JPY,H,Retiro
100,000050000335,000008,20210713,20200118,4347534,JPY,S,Transferencia
100,000050000335,000009,20210804,20230524,2199635,JPY,S,Transferencia
100,000050000336,000001,20220529,20230518,3940323,MXN,H,Comision
100,000050000336,000002,20221025,20200417,2207925,MXN,H,Retiro
100,000050000336,000003,20200613,20230904,3464787,MXN,S,Pago
100,000050000336,000004,20220728,20221021,2350135,MXN,S,Comision
100,000050000336,000005,20241010,20220604,2912659,MXN,S,Retiro
100,000050000336,000006,20200617,20230222,2049083,MXN,S,Retiro
100,000050000336,000007,20220926,20240524,3450329,MXN,S,Retiro
100,000050000336,000008,20240325,20220428,3501800,MXN,H,Transferencia
100,000050000337,000001,20220624,20210621,1348146,MXN,S,Transferencia
100,000050000337,000002,20240416,20230719,3810703,MXN,H,Deposito
100,000050000337,000003,20230227,20230208,3522815,MXN,H,Deposito
100,000050000337,000004,20200701,20240615,4494920,MXN,H,Comision
100,000050000337,000005,20211212,20220809,634075,MXN,H,Transferencia
100,000050000337,000006,20240106,20210613,3469559,MXN,H,Transferencia
100,000050000337,000007,20221121,20230521,2007628,MXN,S,Retiro
100,000050000338,000001,20231228,20211017,3802742,MXN,H,Deposito
100,000050000338,000002,20210915,20240919,3897027,MXN,H,Deposito
100,000050000338,000003,20210328,20230809,1457414,MXN,S,Retiro
100,000050000338,000004,20200630,20241007,2899268,MXN,S,Retiro
100,000050000338,000005,20240103,20200806,2643090,MXN,H,Deposito
100,000050000338,000006,20230719,20240301,4357855,MXN,H,Deposito
100,000050000338,000007,20210117,20240120,4174149,MXN,H,Retiro
100,000050000338,000008,20220104,20230125,1614055,MXN,S,Retiro
100,000050000338,000009,20221111,20230901,2831303,MXN,S,Pago
100,000050000338,000010,20240920,20240511,1880139,MXN,S,Comision
100,000050000338,000011,20240911,20240811,33284,MXN,S,Transferencia
100,000050000338,000012,20220726,20200305,3134708,MXN,H,Comision
100,000050000338,000013,20241202,20230901,3922201,MXN,H,Retiro
100,000050000338,000014,20231003,20210531,970358,MXN,S,Retiro
100,000050000339,000001,20210826,20200620,3895973,MXN,S,Transferencia
100,000050000339,000002,20210112,20240523,4733297,MXN,H,Pago
100,000050000339,000003,20220922,20210829,3659908,MXN,H,Deposito
100,000050000339,000004,20230815,20210425,972211,MXN,H,Retiro
100,000050000339,000005,20210316,20240825,3472885,MXN,H,Deposito
100,000050000339,000006,20230813,20230903,4965954,MXN,S,Comision
100,000050000339,000007,20230921,20221202,4574675,MXN,S,Retiro
100,000050000339,000008,20230222,20201129,2528588,MXN,S,Pago
100,000050000339,000009,20240323,20220906,2214959,MXN,H,Transferencia
100,000050000339,000010,20211121,20240928,1947743,MXN,S,Deposito
100,000050000339,000011,20200725,20200822,3086243,MXN,H,Comision
100,000050000340,000001,20210511,20201017,4602965,USD,H,Comision
100,000050000340,000002,20220112,20231227,3453522,USD,S,Retiro
100,000050000340,000003,20240612,20240913,2371856,USD,H,Transferencia
100,000050000340,000004,20210711,20240110,3923664,USD,H,Deposito
100,000050000340,000005,20221019,20230822,4177594,USD,S,Comision
100,000050000341,000001,20211221,20240628,1395540,USD,H,Comision
100,000050000341,000002,20240617,20201029,4753360,USD,S,Transferencia
100,000050000341,000003,20230409,20200306,2145047,USD,H,Deposito
100,000050000341,000004,20210611,20240926,4862210,USD,S,Deposito
100,000050000341,000005,20210726,20210103,4564885,USD,H,Deposito
100,000050000341,000006,20240814,20230202,4273167,USD,H,Retiro
100,000050000341,000007,20220725,20240305,2855478,USD,H,Retiro
100,000050000341,000008,20200920,20210215,4785107,USD,S,Deposito
100,000050000341,000009,20221109,20240910,4139820,USD,H,Deposito
100,000050000341,000010,20200609,20230530,2861249,USD,H,Deposito
100,000050000341,000011,20211123,20241101,938645,USD,H,Transferencia
100,000050000341,000012,20210314,20231227,20599,USD,S,Pago
100,000050000341,000013,20220919,20240429,3285209,USD,H,Pago
100,000050000341,000014,20221020,20220309,86239,USD,H,Deposito
100,000050000341,000015,20240406,20240329,378871,USD,S,Pago
100,000050000341,000016,20211111,20200403,1261675,USD,H,Comision
100,000050000341,000017,20200812,20230526,4056478,USD,H,Pago
100,000050000341,000018,20230309,20201010,2182447,USD,H,Comision
100,000050000341,000019,20231113,20230110,3446029,USD,S,Deposito
100,000050000342,000001,20240120,20200623,3200261,MXN,H,Deposito
100,000050000342,000002,20210629,20200619,3203784,MXN,S,Transferencia
100,000050000342,000003,20230319,20221018,1595383,MXN,S,Retiro
100,000050000342,000004,20231230,20200131,3693827,MXN,H,Pago
100,000050000342,000005,20210805,20240713,3410180,MXN,H,Pago
100,000050000343,000001,20220103,20221016,1244273,MXN,H,Retiro
100,000050000343,000002,20221107,20240421,1239805,MXN,H,Comision
100,000050000343,000003,20220929,20200624,4296194,MXN,H,Deposito
100,000050000343,000004,20220504,20240414,479927,MXN,S,Pago
100,000050000343,000005,20210120,20201021,4707059,MXN,S,Deposito
100,000050000343,000006,20201209,20200604,192049,MXN,S,Comision
100,000050000343,000007,20201210,20230129,1817964,MXN,H,Transferencia
100,000050000343,000008,20220325,20200625,3198938,MXN,S,Deposito
100,000050000343,000009,20240905,20200531,4490133,MXN,H,Retiro
100,000050000343,000010,20230219,20200802,4858646,MXN,S,Deposito
100,000050000343,000011,20220519,20230826,3473376,MXN,S,Comision
100,000050000343,000012,20220418,20240823,4924794,MXN,S,Transferencia
100,000050000343,000013,20200220,20211116,1506481,MXN,H,Pago
100,000050000343,000014,20220329,20230707,2258343,MXN,S,Pago
100,000050000344,000001,20210106,20231221,4692915,MXN,S,Retiro
100,000050000344,000002,20200808,20221206,2433200,MXN,H,Pago
100,000050000344,000003,20220401,20200120,2626059,MXN,H,Pago
100,000050000344,000004,20200428,20210221,4006234,MXN,S,Deposito
100,000050000344,000005,20230123,20200415,650518,MXN,H,Retiro
100,000050000344,000006,20210721,20240212,3047555,MXN,H,Retiro
100,000050000344,000007,20230821,20240617,205311,MXN,S,Pago
100,000050000344,000008,20240526,20201025,4554147,MXN,S,Retiro
100,000050000344,000009,20211017,20220617,24176,MXN,S,Deposito
100,000050000344,000010,20210628,20220819,2518309,MXN,H,Transferencia
100,000050000344,000011,20220815,20210813,1110339,MXN,S,Pago
100,000050000344,000012,20241028,20210512,3998715,MXN,H,Retiro
100,000050000345,000001,20240306,20220603,4569279,USD,S,Deposito
100,000050000345,000002,20201203,20240215,4542162,USD,H,Transferencia
100,000050000345,000003,20210428,20240120,2312567,USD,S,Pago
100,000050000345,000004,20230910,20231201,757161,USD,S,Deposito
100,000050000345,000005,20201208,20210831,2879214,USD,H,Pago
100,000050000345,000006,20230917,20210401,3129918,USD,S,Transferencia
100,50000345,000007,20210827,20200403,2430022,USD,H,Deposito
100,000050000345,000008,20210220,20220719,2144066,USD,S,Retiro
100,000050000346,000001,20240418,20210116,1572607,MXN,S,Deposito
100,000050000346,000002,20220616,20241029,715318,MXN,S,Transferencia
100,000050000346,000003,20210729,20200923,2598629,MXN,S,Pago
100,000050000346,000004,20210413,20200821,3390840,MXN,S,Pago
100,000050000346,000005,20210521,20240802,3016240,MXN,H,Retiro
100,000050000346,000006,20200823,20210406,4366232,MXN,H,Transferencia
100,000050000346,000007,20220727,20221020,4516390,MXN,S,Transferencia
100,000050000346,000008,20230525,20221022,1706689,MXN,H,Retiro
100,000050000346,000009,20200226,20221116,1502551,MXN,H,Comision
100,000050000346,000010,20240512,20200727,1517739,MXN,H,Deposito
100,000050000347,000001,20231008,20201022,2698467,USD,H,Transferencia
100,000050000347,000002,20200330,20221030,4444340,USD,S,Comision
100,000050000347,000003,20240901,20230724,900600,USD,S,Deposito
100,000050000347,000004,20201024,20211114,2317942,USD,H,Pago
100,000099003921,000005,20200423,20230420,1779626,USD,S,Pago
100,000050000347,000006,20200605,20211026,10080,USD,H,Comision
100,000050000347,000007,20210621,20210711,999152,USD,S,Comision
100,000050000347,000008,20200123,20210714,4216778,USD,H,Deposito
100,000050000347,000009,20240417,20220127,1494244,USD,S,Pago
100,000050000347,000010,20231226,20210601,429944,USD,S,Comision
100,000050000347,000011,20220601,20220401,4846006,USD,H,Transferencia
100,000050000347,000012,20220918,20210509,2226979,USD,S,Transferencia
100,000050000347,000013,20200211,20211124,3927571,USD,H,Retiro
100,000050000347,000014,20200812,20210924,1921247,USD,H,Transferencia
100,000050000347,000015,20231119,20240818,4672867,USD,S,Deposito
100,000050000347,000016,20200119,20210111,3842678,USD,S,Deposito
100,000050000347,000017,20220904,20230821,2972563,USD,H,Pago
100,000050000348,000001,20201211,20220909,1924535,CLP,S,Pago
100,000050000348,000002,20200921,20210813,3028823,CLP,H,Transferencia
100,000050000348,000003,20210420,20200818,702643,CLP,S,Pago
100,000050000348,000004,20220311,20231222,4463757,CLP,H,Pago
100,000050000348,000005,20230820,20241114,3915808,CLP,S,Retiro
100,000050000348,000006,20240102,20231201,4115792,CLP,S,Comision
100,000050000349,000001,20210501,20200906,1000281,MXN,H,Pago
100,000050000349,000002,20220925,20200529,4342954,MXN,H,Comision
100,000050000349,000003,20240610,20210225,1719288,MXN,S,Transferencia
100,000050000349,000004,20230611,20200707,3004519,MXN,S,Comision
100,000050000349,000005,20211203,20230908,4868956,MXN,S,Pago
100,000050000349,000006,20221228,20210807,3310466,MXN,H,Comision
100,000050000349,000007,20200128,20230112,130917,MXN,H,Transferencia
100,000050000349,000008,20210304,20230925,2726811,MXN,S,Pago
100,000050000349,000009,20231027,20231226,4278624,MXN,H,Retiro
100,000050000349,000010,20230322,20200812,223095,MXN,S,Pago
100,000050000349,000011,20200129,20231114,2404291,MXN,S,Pago
100,000050000349,000012,20240621,20230929,3350846,MXN,H,Deposito
100,000050000350,000001,20240804,20220723,1467913,MXN,H,Deposito
100,000050000350,000002,20230902,20221107,2582403,MXN,S,Transferencia
100,000050000350,000003,20200923,20240912,4442646,MXN,S,Pago
100,000050000350,000004,20200222,20200122,3249083,MXN,H,Retiro
100,000050000350,000005,20240105,20200715,4964677,MXN,H,Deposito
100,000050000350,000006,20221225,20200119,2415828,MXN,H,Retiro
100,000050000350,000007,20240326,20220117,1469707,MXN,H,Transferencia
100,000050000350,000008,20200720,20240830,3513271,MXN,H,Retiro
100,000050000350,000009,20240307,20230705,811980,MXN,H,Transferencia
100,000050000350,000010,20210629,20220102,4680525,MXN,H,Retiro
100,000050000350,000011,20200328,20241122,2734830,MXN,H,Comision
100,000050000350,000012,20230930,20211229,4070104,MXN,H,Retiro
100,000050000350,000013,20240331,20240801,3351809,MXN,H,Pago
100,000050000351,000001,20240729,20200520,2704853,MXN,H,Retiro
100,000050000351,000002,20240528,20230418,2946681,MXN,S,Deposito
100,000050000351,000003,20241008,20230215,2150169,MXN,S,Pago
100,000050000351,000004,20240122,20240611,1797126,MXN,H,Retiro
100,000050000351,000005,20230216,20210521,780446,MXN,S,Comision
100,000050000351,000006,20230509,20210706,503859,MXN,H,Comision
100,000050000351,000007,20210318,20210326,3812792,MXN,H,Transferencia
100,000050000351,000008,20231107,20200511,3904651,MXN,H,Deposito
100,000050000351,000009,20240705,20220518,1764732,MXN,H,Transferencia
100,000050000351,000010,20241120,20221010,666489,MXN,H,Deposito
100,000050000351,000011,20200519,20210403,1399194,MXN,H,Comision
100,000050000351,000012,20230402,20210211,4177831,MXN,S,Comision
100,000050000351,000013,20201104,20230429,3034121,MXN,S,Comision
100,000050000351,000014,20241014,20220513,4859784,MXN,H,Deposito
100,000050000352,000001,20201022,20201219,2944428,MXN,H,Pago
100,000050000352,000002,20241121,20211203,4264838,MXN,S,Pago
100,000050000352,000003,20200710,20201015,3956045,MXN,H,Retiro
100,000050000352,000004,20200118,20211018,4867859,MXN,S,Pago
100,000050000352,000005,20221019,20230722,2918227,MXN,H,Retiro
100,000050000352,000006,20220309,20240602,4172615,MXN,H,Comision
100,000050000352,000007,20201007,20211230,2420297,MXN,H,Comision
100,000050000352,000008,20211213,20220218,2648350,MXN,S,Comision
100,000050000352,000009,20200111,20240512,1995575,MXN,S,Deposito
100,000050000352,000010,20211202,20230408,4801856,MXN,S,Pago
100,000050000353,000001,20210307,20201031,4017662,USD,S,Deposito
100,000050000353,000002,20230717,20211214,4083180,USD,S,Transferencia
100,000050000353,000003,20221222,20200216,2606237,USD,H,Pago
100,000050000353,000004,20210319,20210412,3578677,USD,H,Deposito
100,000050000353,000005,20200326,20220329,3192690,USD,S,Retiro
100,000050000353,000006,20210306,20240218,3732272,USD,S,Retiro
100,000050000353,000007,20210926,20200625,4746263,USD,H,Comision
100,000050000353,000008,20240301,20240119,2701753,USD,S,Pago
100,000050000353,000009,20240309,20200706,2257354,USD,H,Deposito
100,000050000353,000010,20220529,20230106,3599595,USD,H,Retiro
100,000050000353,000011,20201223,20220227,4791057,USD,S,Comision
100,000050000353,000012,20241108,20230120,749184,USD,H,Retiro
100,000050000353,000013,20230316,20220831,2408886,USD,H,Retiro
100,000050000353,000014,20220328,20200610,1478915,USD,H,Deposito
100,000050000353,000015,20230614,20220502,834633,USD,S,Retiro
100,000050000354,000001,20230601,20240127,2143150,MXN,S,Pago
100,000050000354,000002,20211026,20240130,4269630,MXN,H,Retiro
100,000050000354,000003,20230506,20240619,4709119,MXN,H,Retiro
100,000050000354,000004,20220801,20231021,1729700,MXN,H,Transferencia
100,000050000354,000005,20231208,20200425,1907438,MXN,S,Pago
100,000050000354,000006,20210316,20231116,1604327,MXN,H,Pago
100,000050000354,000007,20230529,20240429,3423845,MXN,S,Deposito
100,000050000354,000008,20230827,20211013,15019,MXN,S,Pago
100,000050000354,000009,20230719,20210125,713622,MXN,S,Comision
100,000050000354,000010,20231208,20230320,1115304,MXN,S,Transferencia
100,000050000355,000001,20200324,20210816,4595627,MXN,S,Transferencia
100,000050000355,000002,20200824,20230425,3335766,MXN,S,Comision
100,000050000355,000003,20200628,20201011,2276600,MXN,S,Deposito
100,000050000355,000004,20231119,20240130,381624,MXN,S,Transferencia
100,000050000355,000005,20200710,20200310,3836341,MXN,H,Transferencia
100,000050000355,000006,20220806,20220204,3057126,MXN,S,Pago
100,000050000355,000007,20240920,20211028,1494256,MXN,H,Transferencia
100,000050000356,000001,20201110,20200922,2778607,MXN,S,Pago
100,000050000356,000002,20230208,20210627,4467084,MXN,H,Comision
100,000050000356,000003,20231025,20240925,1904311,MXN,H,Deposito
100,000050000356,000004,20230504,20220809,4654724,MXN,S,Transferencia
100,000050000356,000005,20220812,20210511,4719770,MXN,H,Retiro
100,000050000356,000006,20230108,20230605,3706703,MXN,S,Transferencia
100,000050000356,000007,20231208,20200531,2256693,MXN,S,Transferencia
100,000050000356,000008,20230509,20200501,813436,MXN,H,Retiro
100,000050000356,000009,20210303,20200714,997795,MXN,H,Pago
100,000050000356,000010,20230222,20230824,1718052,MXN,S,Retiro
100,000050000356,000011,20201121,20200724,3915270,MXN,H,Retiro
100,000050000356,000012,20220917,20230626,790221,MXN,H,Retiro
100,000050000356,000013,20220817,20200116,3688847,MXN,H,Comision
100,000050000356,000014,20200605,20230122,4929639,MXN,S,Transferencia
100,000050000356,000015,20201105,20240618,4919457,MXN,S,Transferencia
100,000050000356,000016,20210809,20241014,1014589,MXN,H,Transferencia
100,000050000357,000001,20240629,20210117,449542,CLP,H,Comision
100,000050000357,000002,20200229,20221023,4914704,CLP,S,Retiro
100,000050000357,000003,20230922,20230515,4397888,CLP,S,Transferencia
100,000050000357,000004,20210607,20200921,1181163,CLP,H,Pago
100,000050000357,000005,20220317,20241014,2824942,CLP,H,Comision
100,000050000357,000006,20220912,20210219,4030898,CLP,S,Retiro
100,000050000357,000007,20200815,20211129,351990,CLP,S,Comision
100,000050000357,000008,20220422,20230313,2994472,CLP,S,Retiro
100,000050000357,000009,20220712,20240302,4132260,CLP,H,Pago
100,000050000357,000010,20241028,20220328,4326100,CLP,H,Retiro
100,000050000357,000011,20201216,20220113,1509734,CLP,S,Pago
100,000050000357,000012,20200704,20230324,531953,CLP,H,Deposito
100,000050000357,000013,20211002,20200929,2992974,CLP,S,Deposito
100,000050000357,000014,20210322,20220429,4647283,CLP,S,Deposito
100,000050000357,000015,20240917,20231210,4718886,CLP,H,Pago
100,000050000357,000016,20210604,20231011,2515027,CLP,H,Pago
100,000050000358,000001,20230805,20220201,3068479,MXN,S,Transferencia
100,000050000358,000002,20220719,20240111,3971330,MXN,H,Deposito
100,000050000358,000003,20241115,20240923,3587722,MXN,H,Comision
100,000050000358,000004,20220317,20200529,3945990,MXN,S,Pago
100,000050000358,000005,20230113,20211016,2801458,MXN,H,Pago
100,000050000358,000006,20220529,20210706,3947248,MXN,S,Deposito
100,000050000358,000007,20200106,20220919,680047,MXN,S,Deposito
100,000050000358,000008,20211106,20200801,1427572,MXN,S,Deposito
100,000050000358,000009,20210203,20230608,859113,MXN,H,Retiro
100,000050000358,000010,20210527,20200828,3309755,MXN,S,Retiro
100,000050000358,000011,20221212,20201002,3622851,MXN,S,Retiro
100,000050000358,000012,20210518,20210616,3710954,MXN,H,Comision
100,000050000358,000013,20220812,20220403,2103402,MXN,S,Retiro
100,000050000359,000001,20240214,20200518,3667722,MXN,S,Retiro
100,000050000359,000002,20240302,20230227,4193627,MXN,S,Retiro
100,000050000359,000003,20231026,20240502,1001156,MXN,S,Deposito
100,000050000359,000004,20230228,20230907,165571,MXN,S,Comision
100,000050000359,000005,20240924,20240328,3698422,MXN,H,Transferencia
100,000050000359,000006,20200816,20230904,4909315,MXN,H,Retiro
100,000050000359,000007,20221012,20200405,182123,MXN,H,Retiro
100,000050000359,000008,20220525,20230618,894934,MXN,S,Retiro
100,000050000359,000009,20200916,20231121,1286572,MXN,S,Pago
100,000050000360,000001,20200619,20240613,4444366,USD,H,Transferencia
100,000050000360,000002,20211028,20200911,4821227,USD,H,Pago
100,000050000360,000003,20230608,20220310,3864735,USD,H,Deposito
100,000050000360,000004,20230912,20211204,1913176,USD,S,Deposito
100,000050000360,000005,20201022,20220131,1925699,USD,H,Pago
100,000050000360,000006,20220219,20200328,1571469,USD,S,Deposito
100,000050000360,000007,20230630,20230527,332505,USD,H,Retiro
100,000050000360,000008,20201217,20230523,2596988,USD,S,Retiro
100,000050000360,000009,20240609,20210314,4881334,USD,S,Comision
100,000050000360,000010,20200507,20220314,4953091,USD,H,Comision
100,000050000360,000011,20230629,20231225,1958346,USD,H,Comision
100,000050000360,000012,20231206,20211105,4186598,USD,H,Deposito
100,000050000360,000013,20240625,20211002,4360140,USD,H,Transferencia
100,000050000360,000014,20210915,20200419,1378070,USD,H,Retiro
100,000050000361,000001,20230302,20230401,2845684,USD,S,Retiro
100,000050000361,000002,20231208,20240302,1957305,USD,H,Retiro
100,000050000361,000003,20211029,20210324,3784138,USD,S,Comision
100,000050000361,000004,20201030,20211002,2851495,USD,S,Retiro
100,000050000361,000005,20230420,20230122,2168870,USD,S,Pago
100,000050000361,000006,20220430,20201026,1494966,USD,H,Deposito
100,000050000361,000007,20211114,20240110,367265,USD,H,Transferencia
100,000050000361,000008,20200119,20210319,1201143,USD,S,Pago
100,000050000361,000009,20220423,20201211,4704519,USD,H,Transferencia
100,000050000361,000010,20220507,20200117,1190269,USD,S,Transferencia
100,000050000361,000011,20210901,20230712,4950988,USD,H,Pago
100,000050000362,000001,20230629,20220709,4751957,MXN,S,Transferencia
100,000050000362,000002,20220316,20241125,4877807,MXN,H,Transferencia
100,000050000362,000003,20220824,20230528,133643,MXN,H,Comision
100,000050000362,000004,20200709,20201120,4183854,MXN,S,Transferencia
100,000050000362,000005,20231102,20241127,310805,MXN,S,Pago
100,000050000362,000006,20220513,20240324,1715618,MXN,S,Deposito
100,000050000362,000007,20210302,20200609,4913078,MXN,S,Transferencia
100,000050000362,000008,20200131,20210804,3819154,MXN,S,Transferencia
100,000050000362,000009,20200213,20220705,3058169,MXN,H,Deposito
100,000050000362,000010,20230602,20200122,4206936,MXN,S,Retiro
100,000050000362,000011,20211228,20230222,4900566,MXN,S,Comision
100,000050000363,000001,20221121,20221214,3349554,JPY,S,Pago
100,000050000363,000002,20201225,20211007,1762418,JPY,S,Pago
100,000050000363,000003,20200323,20210412,4573946,JPY,H,Deposito
100,000050000363,000004,20220131,20230104,3949806,JPY,H,Retiro
100,000050000363,000005,20240824,20230201,1379085,JPY,H,Deposito
100,000050000363,000006,20230306,20221031,4008586,JPY,H,Comision
100,000050000363,000007,20200618,20230822,2260525,JPY,H,Deposito
100,000050000363,000008,20200827,20240430,87757,JPY,H,Retiro
100,000050000363,000009,20221114,20231017,86672,JPY,H,Pago
100,000050000363,000010,20201011,20200523,514755,JPY,S,Retiro
100,000050000363,000011,20230207,20201117,3454059,JPY,S,Transferencia
100,000050000363,000012,20200810,20220923,4052596,JPY,H,Transferencia
100,000050000363,000013,20230617,20240416,2214898,JPY,S,Transferencia
100,000050000363,000014,20200202,20200622,2357819,JPY,S,Comision
100,000050000363,000015,20200124,20240918,2724716,JPY,S,Transferencia
100,000050000363,000016,20200326,20210224,922131,JPY,H,Transferencia
100,000050000364,000001,20240227,20240603,152473,USD,H,Retiro
100,000050000364,000002,20230207,20221229,569554,USD,S,Retiro
100,000050000364,000003,20201231,20200830,1722928,USD,H,Transferencia
100,000050000364,000004,20240228,20200502,4312501,USD,H,Comision
100,000050000364,000005,20221231,20230704,4434947,USD,S,Retiro
100,000050000364,000006,20221006,20220525,4228428,USD,H,Deposito
100,000050000364,000007,20210803,20230212,4181856,USD,S,Transferencia
100,000050000364,000008,20220209,20230808,3584624,USD,H,Transferencia
100,000050000364,000009,20200214,20240111,2550220,USD,S,Transferencia
100,000050000364,000010,20230505,20220706,3781289,USD,S,Comision
100,000050000364,000011,20220619,20240412,2808979,USD,H,Pago
100,000050000364,000012,20210225,20231118,2482504,USD,S,Transferencia
100,000050000364,000013,20200613,20220522,1894298,USD,S,Transferencia
100,000050000364,000014,20220620,20240417,2022471,USD,S,Deposito
100,000050000365,000001,20240303,20201020,4094792,MXN,S,Retiro
100,000050000365,000002,20200520,20240721,716200,MXN,S,Transferencia
100,000050000365,000003,20230516,20240723,984915,MXN,H,Comision
100,000050000365,000004,20240424,20200708,1588042,MXN,H,Retiro
100,000050000365,000005,20200317,20231012,3442546,MXN,S,Retiro
100,000050000365,000006,20210406,20211212,271874,MXN,S,Retiro
100,000050000365,000007,20240310,20201223,4336962,MXN,S,Retiro
100,000050000365,000008,20200319,20240902,3259310,MXN,S,Pago
100,000050000365,000009,20220613,20240913,66926,MXN,H,Deposito
100,000050000365,000010,20210815,20200714,4778883,MXN,S,Retiro
100,000050000365,000011,20200208,20200428,2486756,MXN,H,Comision
100,000050000365,000012,20201203,20230215,1921306,MXN,H,Comision
100,000050000365,000013,20220218,20240716,671059,MXN,H,Transferencia
100,000099004154,000001,20240413,20220910,2782287,MXN,H,Deposito
100,000050000366,000002,20230314,20231030,738055,MXN,H,Retiro
100,000050000366,000003,20211225,20240625,768091,MXN,H,Deposito
100,000050000366,000004,20220107,20200820,184780,MXN,H,Retiro
100,000050000366,000005,20201005,20230506,120488,MXN,S,Transferencia
100,000050000366,000006,20200121,20200808,3578091,MXN,S,Comision
100,000050000367,000001,20220316,20210102,4421236,MXN,S,Deposito
100,000050000367,000002,20201023,20220611,4367835,MXN,H,Retiro
100,000050000367,000003,20230708,20230102,4603209,MXN,S,Pago
100,000050000367,000004,20230512,20200521,4027516,MXN,H,Pago
100,000050000367,000005,20201119,20201115,489403,MXN,H,Retiro
100,000050000367,000006,20210823,20240524,2205371,MXN,H,Pago
100,000050000367,000007,20220314,20240919,3051567,MXN,H,Pago
100,000050000367,000008,20210628,20240409,651505,MXN,S,Transferencia
100,000050000367,000009,20210917,20241030,313043,MXN,S,Comision
100,000050000367,000010,20231020,20221204,551951,MXN,S,Pago
100,000050000367,000011,20201111,20200923,3376691,MXN,S,Deposito
100,000050000367,000012,20230502,20241004,2560348,MXN,H,Transferencia
100,000050000367,000013,20220405,20240529,2473133,MXN,H,Transferencia
100,000050000367,000014,20200312,20230131,4996035,MXN,H,Comision
100,000050000368,000001,20200706,20231229,4721648,MXN,S,Comision
100,000050000368,000002,20210612,20210816,3557135,MXN,S,Pago
100,000050000368,000003,20240402,20220717,906870,MXN,S,Retiro
100,000050000368,000004,20240928,20231209,5150,MXN,S,Comision
100,000050000368,000005,20210216,20231119,4255902,MXN,S,Retiro
100,000050000368,000006,20220921,20201107,437825,MXN,S,Comision
100,000050000368,000007,20200102,20230522,2001254,MXN,H,Comision
100,000050000368,000008,20201101,20200812,1278922,MXN,S,Retiro
100,000050000369,000001,20220209,20240217,636677,MXN,S,Pago
100,000050000369,000002,20220615,20221010,4413001,MXN,H,Transferencia
100,000050000369,000003,20230626,20241022,4138813,MXN,H,Deposito
100,000050000369,000004,20210412,20220527,2143038,MXN,S,Retiro
100,000050000369,000005,20210827,20221225,3755565,MXN,S,Pago
100,000050000369,000006,20210618,20200311,4538826,MXN,H,Deposito
100,000050000370,000001,20210301,20230507,3099998,MXN,H,Transferencia
100,000050000370,000002,20240518,20230912,630852,MXN,S,Comision
100,000050000370,000003,20210703,20231226,3038064,MXN,S,Retiro
100,000050000370,000004,20200918,20231220,4936744,MXN,S,Deposito
100,000050000370,000005,20210427,20240210,280788,MXN,H,Transferencia
100,000050000370,000006,20240509,20220112,1283814,MXN,S,Deposito
100,000050000370,000007,20240618,20200626,4577051,MXN,S,Pago
100,000050000370,000008,20210104,20230112,2955260,MXN,H,Retiro
100,000050000370,000009,20240711,20221004,4993424,MXN,S,Retiro
100,000050000370,000010,20211213,20241021,2537943,MXN,H,Deposito
100,000050000370,000011,20220926,20231026,2392234,MXN,S,Transferencia
100,000050000370,000012,20221012,20230525,1461485,MXN,S,Retiro
100,000050000370,000013,20200318,20200226,4809783,MXN,H,Comision
100,000050000370,000014,20220423,20230924,884625,MXN,H,Retiro
100,000050000370,000015,20200806,20210113,1185897,MXN,H,Comision
100,000050000371,000001,20230526,20230825,143078,MXN,H,Comision
100,000050000371,000002,20230414,20200829,3884137,MXN,H,Deposito
100,000050000371,000003,20200129,20220906,1625348,MXN,S,Deposito
100,000050000371,000004,20220421,20201112,3837710,MXN,H,Retiro
100,000050000371,000005,20211008,20200213,1646082,MXN,S,Transferencia
100,000050000371,000006,20210904,20230314,3919367,MXN,H,Retiro
100,000050000371,000007,20221011,20240729,2329650,MXN,H,Transferencia
100,000050000371,000008,20220816,20221023,3770035,MXN,H,Comision
100,000050000371,000009,20220403,20231013,4125792,MXN,S,Pago
100,000050000371,000010,20230410,20231223,515999,MXN,S,Comision
100,000050000371,000011,20201209,20230313,2515165,MXN,S,Retiro
100,000050000371,000012,20220320,20200405,479441,MXN,S,Pago
100,000050000371,000013,20210713,20231228,1712418,MXN,H,Deposito
100,000050000371,000014,20211127,20201015,3664019,MXN,S,Transferencia
100,000050000371,000015,20240722,20220715,304799,MXN,H,Pago
100,000050000371,000016,20230801,20230523,1240225,MXN,H,Retiro
100,000050000371,000017,20211119,20230226,4392602,MXN,H,Deposito
100,000050000372,000001,20210627,20240707,3567399,MXN,H,Comision
100,000050000372,000002,20210727,20211102,4601555,MXN,H,Comision
100,000050000372,000003,20241022,20240804,3295581,MXN,S,Transferencia
100,000050000372,000004,20220215,20210508,2010495,MXN,S,Transferencia
100,000050000372,000005,20210801,20210512,3937928,MXN,S,Deposito
100,000050000372,000006,20220123,20200120,1033959,MXN,H,Comision
100,000050000372,000007,20210620,20201021,1307524,MXN,H,Comision
100,000050000373,000001,20240525,20220711,2381353,MXN,H,Deposito
100,000050000373,000002,20210412,20211103,1296205,MXN,H,Deposito
100,000050000373,000003,20201029,20231120,4656663,MXN,S,Retiro
100,000050000373,000004,20210524,20240315,3043002,MXN,S,Deposito
100,000050000373,000005,20240513,20210530,2758039,MXN,H,Deposito
100,000050000373,000006,20240111,20240410,4757340,MXN,H,Transferencia
100,000050000373,000007,20220415,20220502,3033611,MXN,H,Pago
100,000050000373,000008,20220525,20230506,3443987,MXN,H,Retiro
100,000050000373,000009,20210516,20210926,648813,MXN,S,Pago
100,000050000373,000010,20210623,20220301,4552712,MXN,S,Pago
100,000050000373,000011,20211013,20241002,3949761,MXN,H,Pago
100,000050000373,000012,20210422,20221128,1434941,MXN,S,Pago
100,000050000373,000013,20240227,20240308,3807269,MXN,S,Retiro
100,000050000373,000014,20210210,20211121,3770145,MXN,S,Retiro
100,000050000373,000015,20200619,20241117,612269,MXN,H,Retiro
100,000050000374,000001,20220223,20240923,1486971,MXN,S,Retiro
100,000050000374,000002,20211001,20211120,648321,MXN,S,Deposito
100,000050000374,000003,20230316,20200711,739240,MXN,H,Comision
100,000050000374,000004,20230404,20230617,1245024,MXN,S,Transferencia
100,000050000374,000005,20200601,20210324,3964041,MXN,H,Deposito
100,000050000374,000006,20231106,20240712,3997683,MXN,H,Pago
100,000050000374,000007,20200809,20200116,1071945,MXN,S,Retiro
100,000050000374,000008,20220223,20221225,4427193,MXN,H,Deposito
100,000050000374,000009,20220525,20200703,1269359,MXN,H,Deposito
100,000050000374,000010,20241112,20210505,3889580,MXN,H,Retiro
100,000050000374,000011,20230918,20230511,2709191,MXN,H,Deposito
100,000050000374,000012,20240919,20201013,1336068,MXN,H,Comision
100,000050000374,000013,20230218,20230103,512183,MXN,S,Pago
100,000050000374,000014,20211008,20241110,3938041,MXN,H,Deposito
100,000050000374,000015,20200509,20241011,957668,MXN,S,Comision
100,000050000374,000016,20220121,20231006,1550851,MXN,H,Retiro
100,000050000374,000017,20200530,20210116,3193182,MXN,S,Deposito
100,000050000374,000018,20210911,20241124,4906887,MXN,S,Pago
100,000050000375,000001,20200831,20200105,366903,USD,S,Transferencia
100,000050000375,000002,20221001,20230331,3363518,USD,H,Pago
100,000050000375,000003,20200914,20220920,4842058,USD,S,Deposito
100,000050000375,000004,20220830,20240903,3340003,USD,H,Pago
100,000050000375,000005,20221107,20210409,2894115,USD,S,Comision
100,000050000375,000006,20240531,20240903,2983022,USD,H,Pago
100,000050000375,000007,20220330,20230430,498046,USD,S,Comision
100,000050000375,000008,20231011,20200502,1191323,USD,H,Comision
100,000050000375,000009,20241121,20221116,897913,USD,S,Pago
100,000050000375,000010,20220915,20230509,2737429,USD,H,Transferencia
100,000050000376,000001,20230307,20210405,3101835,JPY,S,Comision
100,000050000376,000002,20240907,20240602,200422,JPY,S,Deposito
100,000050000376,000003,20240825,20240702,1926619,JPY,S,Comision
100,000050000376,000004,20210117,20211101,3725990,JPY,S,Transferencia
100,000050000376,000005,20200503,20220111,1307743,JPY,S,Transferencia
100,000050000376,000006,20220515,20221119,648647,JPY,H,Deposito
100,000050000376,000007,20220619,20210613,2789938,JPY,H,Pago
100,000050000376,000008,20230822,20240607,1035927,JPY,H,Comision
100,000050000377,000001,20211229,20230215,2581536,USD,H,Deposito
100,000050000377,000002,20220710,20220107,2017067,USD,S,Comision
100,000050000377,000003,20220209,20220305,2663434,USD,H,Pago
100,000050000377,000004,20210319,20231221,4548516,USD,S,Retiro
100,000050000377,000005,20220626,20200220,4953282,USD,S,Deposito
100,000050000377,000006,20211022,20210124,1376830,USD,S,Comision
100,000050000377,000007,20200823,20201110,436072,USD,S,Retiro
100,000050000377,000008,20210728,20221010,4149653,USD,S,Retiro
100,000050000377,000009,20220921,20220404,1709390,USD,H,Comision
100,000050000377,000010,20241016,20241027,2060982,USD,H,Pago
100,000050000377,000011,20210423,20221123,2324154,USD,S,Transferencia
100,000050000377,000012,20211026,20240909,3522431,USD,S,Transferencia
100,000050000378,000001,20221003,20230207,1353314,JPY,H,Transferencia
100,000050000378,000002,20220824,20220801,3812588,JPY,S,Comision
100,000050000378,000003,20201101,20210909,3583502,JPY,H,Comision
100,000050000378,000004,20200226,20201126,476957,JPY,H,Transferencia
100,000050000378,000005,20230819,20200831,830744,JPY,S,Transferencia
100,000050000378,000006,20221022,20230724,536975,JPY,S,Pago
100,000050000378,000007,20241124,20200726,3761563,JPY,S,Transferencia
100,000050000378,000008,20240718,20200619,1726083,JPY,S,Retiro
100,000050000378,000009,20200704,20240728,4605524,JPY,S,Retiro
100,000050000379,000001,20240829,20211011,4348589,MXN,H,Pago
100,000050000379,000002,20240317,20210605,944424,MXN,S,Retiro
100,000050000379,000003,20211209,20201226,116868,MXN,S,Transferencia
100,000050000379,000004,20240921,20201223,1268604,MXN,H,Transferencia
100,000050000379,000005,20230111,20240815,3912008,MXN,S,Pago
100,000050000379,000006,20240528,20220604,3751983,MXN,H,Deposito
100,000050000379,000007,20200902,20221013,1423960,MXN,H,Transferencia
100,000050000379,000008,20230423,20211110,815139,MXN,H,Retiro
100,000050000379,000009,20220104,20200611,1673638,MXN,H,Comision
100,000050000379,000010,20200210,20240625,1481454,MXN,S,Transferencia
100,000050000379,000011,20220309,20221206,3853133,MXN,S,Retiro
100,000050000379,000012,20200628,20230701,1040186,MXN,S,Retiro
100,000050000379,000013,20210812,20220621,1675858,MXN,H,Pago
100,000050000379,000014,20210206,20240920,282781,MXN,H,Transferencia
100,000050000380,000001,20200211,20200720,1715250,MXN,S,Comision
100,000050000380,000002,20240310,20240223,4251447,MXN,S,Comision
100,000050000380,000003,20240104,20220120,3342466,MXN,H,Retiro
100,000050000380,000004,20240814,20240524,3692675,MXN,H,Comision
100,000050000380,000005,20230315,20200315,1344073,MXN,S,Deposito
100,000050000380,000006,20210602,20220301,3616372,MXN,H,Pago
100,000050000380,000007,20211203,20200524,2534050,MXN,S,Comision
100,000050000380,000008,20210326,20221010,844268,MXN,S,Pago
100,000050000380,000009,20231204,20240924,4168336,MXN,H,Deposito
100,000050000380,000010,20240208,20220213,4193028,MXN,S,Comision
100,000050000380,000011,20220708,20240124,2745349,MXN,S,Retiro
100,000050000380,000012,20240107,20221230,3937257,MXN,S,Pago
100,000050000380,000013,20231017,20240129,2409530,MXN,H,Retiro
100,000050000381,000001,20220830,20201018,35572,MXN,H,Pago
100,000050000381,000002,20210213,20221014,3417126,MXN,H,Comision
100,000050000381,000003,20200202,20220120,3665807,MXN,S,Comision
100,000050000381,000004,20200723,20220303,4421541,MXN,S,Pago
100,000050000381,000005,20240412,20210110,2012984,MXN,H,Retiro
100,000050000381,000006,20230925,20200611,2494747,MXN,H,Pago
100,000050000381,000007,20211012,20230205,4508318,MXN,S,Pago
100,000050000381,000008,20201127,20201024,4468443,MXN,S,Comision
100,000050000381,000009,20210717,20240117,3725,MXN,H,Comision
100,000050000381,000010,20200222,20220212,1007587,MXN,H,Transferencia
100,000050000381,000011,20241120,20230623,2994824,MXN,S,Retiro
100,000050000381,000012,20200318,20210611,3463674,MXN,H,Pago
100,000050000381,000013,20230205,20240625,1905826,MXN,H,Transferencia
100,000050000381,000014,20200530,20211116,3701307,MXN,H,Comision
100,000050000381,000015,20241123,20231109,246256,MXN,S,Comision
100,000050000381,000016,20231024,20240112,4855923,MXN,H,Transferencia
100,000050000381,000017,20240418,20210515,4321926,MXN,H,Retiro
100,000050000382,000001,20210523,20240309,825074,MXN,S,Pago
100,000050000382,000002,20200812,20201223,1496015,MXN,H,Retiro
100,000050000382,000003,20200106,20220623,1414737,MXN,S,Pago
100,000050000382,000004,20240604,20240330,4235022,MXN,S,Pago
100,000050000382,000005,20221123,20220404,826774,MXN,S,Pago
100,000050000382,000006,20240819,20241103,2250582,MXN,H,Retiro
100,000050000382,000007,20230818,20221221,1572117,MXN,S,Pago
100,000050000382,000008,20231113,20221018,1263984,MXN,S,Comision
100,000050000382,000009,20200416,20240118,71144,MXN,H,Transferencia
100,000050000382,000010,20200209,20220627,1516724,MXN,H,Retiro
100,000050000383,000001,20231206,20241116,3650834,USD,H,Retiro
100,000050000383,000002,20240717,20230606,425739,USD,H,Comision
100,000050000383,000003,20200220,20220124,50634,USD,S,Transferencia
100,000050000383,000004,20220408,20240904,367111,USD,H,Comision
100,000050000383,000005,20200328,20221213,2951475,USD,S,Retiro
100,000050000383,000006,20200627,20220216,3329228,USD,S,Transferencia
100,000050000383,000007,20220808,20210912,2698374,USD,H,Comision
100,000050000383,000008,20200311,20210929,2964384,USD,S,Retiro
100,000050000383,000009,20200429,20210622,3782587,USD,H,Transferencia
100,000050000383,000010,20210116,20230703,3429783,USD,H,Deposito
100,000050000383,000011,20240714,20220202,1833663,USD,S,Deposito
100,000050000383,000012,20220514,20230618,2079638,USD,H,Deposito
100,000050000383,000013,20200125,20240311,2406837,USD,H,Retiro
100,000050000383,000014,20240306,20200518,141096,USD,H,Pago
100,000050000383,000015,20210201,20240616,3720775,USD,H,Pago
100,000050000384,000001,20210130,20230515,3620381,MXN,S,Comision
100,000050000384,000002,20230104,20210616,4092944,MXN,H,Deposito
100,50000384,000003,20221221,20221122,2501078,MXN,H,Retiro
100,000050000384,000004,20220531,20201120,4006011,MXN,S,Comision
100,000050000384,000005,20210630,20231011,4544443,MXN,S,Retiro
100,000050000384,000006,20200116,20240909,2250836,MXN,S,Pago
100,000050000384,000007,20241019,20200819,1850725,MXN,S,Transferencia
100,000050000384,000008,20230910,20200314,317557,MXN,S,Pago
100,000050000384,000009,20210608,20220920,2469938,MXN,H,Pago
100,000050000384,000010,20200120,20211021,1220606,MXN,H,Pago
100,000050000384,000011,20201017,20201009,2980727,MXN,S,Transferencia
100,000050000384,000012,20230402,20220120,742998,MXN,H,Deposito
100,000050000384,000013,20240723,20200808,4013627,MXN,H,Comision
100,000050000384,000014,20230806,20240912,3477855,MXN,H,Deposito
100,000050000384,000015,20201017,20240210,1434898,MXN,S,Retiro
100,000050000384,000016,20210608,20211022,1598495,MXN,S,Comision
100,000050000384,000017,20230105,20201115,2346902,MXN,H,Comision
100,000050000384,000018,20230518,20210514,528261,MXN,S,Retiro
100,000050000384,000019,20211205,20210714,2577502,MXN,S,Deposito
100,000050000385,000001,20240621,20230715,1374594,MXN,S,Deposito
100,000050000385,000002,20200703,20210317,1978131,MXN,S,Transferencia
100,000050000385,000003,20201230,20220723,1420599,MXN,S,Retiro
100,000050000385,000004,20221102,20230919,1138960,MXN,H,Comision
100,000050000385,000005,20200719,20230706,3321929,MXN,H,Comision
100,000050000385,000006,20211226,20200713,2809551,MXN,S,Pago
100,000050000385,000007,20240702,20220109,4073208,MXN,S,Deposito
100,000050000385,000008,20201222,20221005,935025,MXN,H,Retiro
100,000050000385,000009,20200708,20201119,54629,MXN,H,Deposito
100,000050000385,000010,20230601,20210321,2726157,MXN,S,Deposito
100,000050000385,000011,20211026,20240226,4635905,MXN,H,Transferencia
100,000050000385,000012,20210324,20240616,1339560,MXN,H,Comision
100,000050000385,000013,20240311,20240328,4044445,MXN,S,Transferencia
100,000050000385,000014,20210809,20230423,735067,MXN,S,Deposito
100,000050000385,000015,20240524,20240219,1310112,MXN,H,Comision
100,000050000385,000016,20210531,20221021,4234653,MXN,S,Deposito
100,000050000386,000001,20231101,20220317,4384031,CLP,H,Pago
100,000050000386,000002,20230508,20231219,1020098,CLP,S,Pago
100,000050000386,000003,20241106,20220318,1084781,CLP,H,Retiro
100,000050000386,000004,20241030,20220222,3484602,CLP,H,Retiro
100,000050000386,000005,20240106,20230803,2246762,CLP,S,Deposito
100,000050000387,000001,20200105,20241001,3987209,MXN,S,Retiro
100,000050000387,000002,20220311,20230129,4817154,MXN,S,Deposito
100,000050000387,000003,20230628,20230729,2448325,MXN,S,Deposito
100,000050000387,000004,20231018,20240806,4786265,MXN,H,Comision
100,000050000387,000005,20240717,20201020,3194161,MXN,H,Pago
100,000050000387,000006,20240822,20230711,1552697,MXN,H,Pago
100,000050000387,000007,20230725,20211214,2669636,MXN,S,Retiro
100,000050000387,000008,20240218,20220501,3896178,MXN,S,Pago
100,000050000387,000009,20210301,20230404,3387963,MXN,H,Pago
100,000050000387,000010,20220212,20240912,2542025,MXN,H,Pago
100,000050000387,000011,20200323,20200227,1918161,MXN,S,Pago
100,000050000387,000012,20230805,20201231,1538993,MXN,H,Transferencia
100,000050000387,000013,20210419,20210215,2408573,MXN,H,Pago
100,000050000387,000014,20200506,20200212,1916787,MXN,H,Comision
100,000050000387,000015,20211226,20210518,3286877,MXN,S,Comision
100,000050000387,000016,20240112,20230425,4795832,MXN,H,Pago
100,000050000387,000017,20200516,20210621,286753,MXN,S,Pago
100,000050000387,000018,20240813,20240501,4991332,MXN,S,Deposito
100,000050000388,000001,20221025,20240924,4921841,MXN,H,Comision
100,000050000388,000002,20210304,20240430,3551517,MXN,S,Retiro
100,000050000388,000003,20211108,20210823,2379290,MXN,S,Pago
100,000050000388,000004,20210407,20200930,2939776,MXN,S,Pago
100,000050000388,000005,20221221,20200722,2927708,MXN,S,Pago
100,000050000388,000006,20230214,20211103,91721,MXN,S,Retiro
100,000050000388,000007,20230410,20220104,1331493,MXN,S,Retiro
100,000050000388,000008,20220209,20200526,997290,MXN,S,Deposito
100,000050000388,000009,20201018,20200308,260161,MXN,H,Transferencia
100,000050000388,000010,20230901,20221027,3495125,MXN,S,Pago
100,000050000388,000011,20221120,20200727,4502817,MXN,H,Deposito
100,000050000389,000001,20230706,20201231,431335,JPY,S,Deposito
100,000050000389,000002,20240819,20241001,2894528,JPY,S,Pago
100,000050000389,000003,20230621,20200328,193034,JPY,S,Retiro
100,000050000389,000004,20231228,20200419,1919454,JPY,H,Transferencia
100,000050000389,000005,20221106,20211211,4915512,JPY,S,Retiro
100,000050000389,000006,20231115,20200308,587416,JPY,S,Deposito
100,000050000389,000007,20220524,20200606,3314799,JPY,H,Deposito
100,000050000389,000008,20230609,20241119,3436236,JPY,S,Pago
100,000050000389,000009,20200517,20210816,2232793,JPY,H,Retiro
100,000050000389,000010,20221018,20201001,2332029,JPY,H,Comision
100,000050000389,000011,20210617,20210102,2002243,JPY,S,Deposito
100,000050000390,000001,20240909,20230509,1528433,MXN,H,Transferencia
100,000050000390,000002,20220615,20220625,3264070,MXN,H,Pago
100,000050000390,000003,20200523,20240704,2074850,MXN,H,Transferencia
100,000050000390,000004,20240410,20201020,3198154,MXN,S,Retiro
100,000050000390,000005,20240527,20221010,2590281,MXN,H,Pago
100,000050000390,000006,20230416,20221121,949697,MXN,H,Pago
100,000050000390,000007,20220816,20230204,2489731,MXN,S,Pago
100,000050000390,000008,20221230,20241119,324209,MXN,S,Pago
100,000050000390,000009,20241109,20210618,2010483,MXN,H,Deposito
100,000050000390,000010,20221013,20230126,3681733,MXN,S,Retiro
100,000050000391,000001,20240627,20200104,1501385,JPY,H,Transferencia
100,000050000391,000002,20220705,20200704,4675441,JPY,H,Retiro
100,000050000391,000003,20200928,20240228,115995,JPY,S,Pago
100,000050000391,000004,20221001,20230716,2136825,JPY,H,Deposito
100,000050000391,000005,20230908,20231010,3936052,JPY,H,Retiro
100,000050000391,000006,20210731,20231115,1431170,JPY,S,Retiro
100,000050000391,000007,20200203,20210421,1324963,JPY,H,Retiro
100,000050000391,000008,20240628,20200305,3244301,JPY,H,Deposito
100,000050000391,000009,20220914,20221101,1769208,JPY,S,Comision
100,000050000392,000001,20220415,20200524,1447976,CLP,S,Pago
100,50000392,000002,20240408,20200508,4137709,CLP,S,Retiro
100,000050000392,000003,20220620,20230323,2292618,CLP,H,Transferencia
100,000050000392,000004,20200415,20230315,2820551,CLP,H,Pago
100,000050000392,000005,20220131,20220112,3502593,CLP,H,Comision
100,000050000392,000006,20220404,20220724,304029,CLP,S,Comision
100,000050000392,000007,20221110,20241117,391118,CLP,S,Retiro
100,000050000393,000001,20211010,20221028,1315457,MXN,H,Comision
100,000050000393,000002,20220810,20240421,3877914,MXN,S,Retiro
100,000050000393,000003,20201118,20221120,327654,MXN,S,Comision
100,000050000393,000004,20220609,20211128,364382,MXN,H,Retiro
100,000050000393,000005,20241130,20210120,4774589,MXN,H,Deposito
100,000050000393,000006,20210518,20230807,1306046,MXN,H,Pago
100,000050000393,000007,20211212,20231122,4264977,MXN,S,Retiro
100,000050000393,000008,20231111,20200307,2854830,MXN,S,Retiro
100,000050000393,000009,20200915,20230905,99578,MXN,H,Retiro
100,000050000393,000010,20210504,20211227,4380476,MXN,S,Transferencia
100,000050000393,000011,20221122,20220528,1974841,MXN,H,Transferencia
100,000050000393,000012,20200921,20200326,4699372,MXN,H,Deposito
100,000050000393,000013,20221203,20220729,3646327,MXN,S,Comision
100,000050000393,000014,20240819,20221018,2430885,MXN,H,Pago
100,000050000393,000015,20200625,20210118,626642,MXN,H,Transferencia
100,000050000393,000016,20220802,20221022,2434964,MXN,H,Retiro
100,000050000394,000001,20210829,20230203,2693671,MXN,H,Pago
100,000050000394,000002,20200120,20240426,4710314,MXN,S,Comision
100,000050000394,000003,20241026,20240624,1369121,MXN,S,Retiro
100,000050000394,000004,20231226,20211022,3869161,MXN,H,Comision
100,000050000394,000005,20200801,20230314,3466452,MXN,H,Pago
100,000050000394,000006,20200701,20201111,817900,MXN,S,Retiro
100,000050000394,000007,20230111,20240520,179009,MXN,H,Pago
100,000050000394,000008,20230714,20210102,922360,MXN,S,Comision
100,000050000394,000009,20220519,20240105,1036848,MXN,H,Retiro
100,000050000394,000010,20241109,20210427,4517952,MXN,H,Pago
100,000050000395,000001,20230725,20211106,663420,USD,H,Deposito
100,000050000395,000002,20210905,20220702,1096785,USD,S,Retiro
100,000050000395,000003,20230518,20240717,2805091,USD,S,Deposito
100,000050000395,000004,20210124,20200304,117104,USD,H,Retiro
100,000050000395,000005,20221113,20241013,4028801,USD,H,Comision
100,000050000395,000006,20220628,20230112,1752251,USD,S,Deposito
100,000050000395,000007,20201029,20240523,1451562,USD,H,Deposito
100,000050000395,000008,20210423,20220509,690214,USD,H,Retiro
100,000050000395,000009,20231002,20210130,4243203,USD,S,Retiro
100,000050000395,000010,20200611,20230603,185219,USD,H,Comision
100,000050000395,000011,20241014,20220915,1568549,USD,H,Deposito
100,000050000395,000012,20230625,20220221,2250959,USD,S,Retiro
100,000050000395,000013,20230719,20211104,1262068,USD,S,Deposito
100,000050000395,000014,20231227,20231213,4071220,USD,H,Deposito
100,000050000395,000015,20240522,20231109,1511560,USD,S,Retiro
100,000050000395,000016,20210316,20200812,2918333,USD,S,Comision
100,000050000395,000017,20200730,20201123,4351740,USD,S,Comision
100,000050000396,000001,20210112,20210101,,MXN,S,Transferencia
100,000050000396,000002,20220330,20210701,1205418,MXN,H,Transferencia
100,000050000396,000003,20221014,20210615,4699046,MXN,H,Transferencia
100,000050000396,000004,20240124,20240406,361940,MXN,S,Pago
100,000050000396,000005,20241109,20230611,4256303,MXN,S,Deposito
100,000050000397,000001,20221002,20220110,2902991,USD,H,Retiro
100,000050000397,000002,20240806,20240315,4800569,USD,H,Transferencia
100,000050000397,000003,20220626,20200109,3663585,USD,H,Transferencia
100,000050000397,000004,20221129,20240907,2286900,USD,H,Retiro
100,000050000397,000005,20240205,20210121,2672292,USD,S,Pago
100,000050000397,000006,20230803,20220413,3626434,USD,H,Deposito
100,000050000397,000007,20240126,20240206,3862008,USD,H,Transferencia
100,000050000397,000008,20201228,20211103,2530194,USD,S,Pago
100,000050000397,000009,20200905,20210421,2815399,USD,H,Comision
100,000050000397,000010,20200603,20230429,4695120,USD,S,Transferencia
100,000050000397,000011,20200726,20220928,4895689,USD,H,Comision
100,000099004533,000012,20231018,20221215,948548,USD,H,Pago
100,000050000397,000013,20200225,20230320,4465588,USD,H,Comision
100,000050000397,000014,20210928,20221022,3246396,USD,S,Deposito
100,000050000398,000001,20231209,20200331,637611,MXN,H,Transferencia
100,000050000398,000002,20240603,20240911,1701285,MXN,S,Retiro
100,000050000398,000003,20220630,20241013,1766065,MXN,S,Pago
100,000050000398,000004,20230210,20240118,970133,MXN,S,Pago
100,000050000398,000005,20210210,20240324,34214,MXN,H,Retiro
100,000050000399,000001,20220406,20200731,3781616,MXN,H,Comision
100,000050000399,000002,20220902,20211104,3858289,MXN,H,Comision
100,000050000399,000003,20201220,20240410,1622968,MXN,S,Deposito
100,000050000399,000004,20230323,20210323,4453578,MXN,H,Retiro
100,000050000399,000005,20230506,20220404,2541742,MXN,H,Retiro
100,000050000399,000006,20220718,20230215,3665388,MXN,H,Retiro
100,000050000399,000007,20240414,20230808,2666518,MXN,H,Pago
100,000050000399,000008,20201117,20211030,2707766,MXN,H,Pago
100,000050000399,000009,20240722,20220810,2718739,MXN,H,Retiro
100,000050000399,000010,20220920,20241109,4371259,MXN,S,Retiro
100,000050000399,000011,20220810,20220428,2973645,MXN,S,Retiro
100,000050000399,000012,20230920,20230419,1105903,MXN,S,Deposito
100,000050000399,000013,20200919,20220216,1775802,MXN,S,Retiro
100,000050000399,000014,20230602,20231103,4469975,MXN,S,Pago
100,000050000399,000015,20201103,20221010,1680139,MXN,H,Comision
100,000050000399,000016,20230514,20220626,3327067,MXN,H,Retiro
100,000050000399,000017,20200216,20220829,2082494,MXN,H,Deposito
100,50000399,000018,20230803,20210223,2142291,MXN,H,Transferencia
100,000050000400,000001,20221016,20210811,4019984,USD,S,Comision
100,000050000400,000002,20210401,20211121,865694,USD,H,Deposito
100,000050000400,000003,20210204,20240115,2296777,USD,H,Transferencia
100,000050000400,000004,20231217,20211206,861414,USD,H,Pago
100,000050000400,000005,20221124,20201228,3004097,USD,H,Pago
100,000050000400,000006,20200208,20200215,4344185,USD,S,Comision
100,000050000400,000007,20211125,20240718,2110534,USD,H,Comision
100,000050000400,000008,20201103,20231121,3191648,USD,S,Transferencia
100,000050000400,000009,20240830,20210122,2713150,USD,H,Pago
100,000050000400,000010,20200402,20241009,3815692,USD,H,Comision
100,000050000400,000011,20231227,20220131,3407754,USD,H,Transferencia
100,000050000400,000012,20240229,20240622,4626242,USD,S,Comision
100,000050000400,000013,20230802,20201216,3844401,USD,H,Retiro
100,000050000401,000001,20241006,20221227,3008601,USD,S,Transferencia
100,000050000401,000002,20210321,20220114,766250,USD,H,Comision
100,000050000401,000003,20240423,20200522,2637210,USD,H,Transferencia
100,000050000401,000004,20220809,20240629,654208,USD,H,Pago
100,000050000401,000005,20230107,20200921,2196643,USD,S,Pago
100,000050000401,000006,20220315,20221128,1492476,USD,S,Deposito
100,000050000401,000007,20200409,20230721,4338154,USD,S,Comision
100,000050000401,000008,20210714,20210815,2515959,USD,H,Transferencia
100,000050000401,000009,20220705,20230503,775828,USD,H,Pago
100,000050000401,000010,20210610,20220804,2373675,USD,S,Pago
100,000050000401,000011,20230219,20210615,4364298,USD,H,Retiro
100,000050000401,000012,20240701,20241102,3310733,USD,S,Deposito
100,000050000401,000013,20200816,20230114,1534544,USD,S,Comision
100,000050000402,000001,20210125,20210327,1328269,MXN,H,Pago
100,000050000402,000002,20230824,20230419,1543320,MXN,S,Transferencia
100,000050000402,000003,20230708,20240810,272589,MXN,H,Pago
100,000050000402,000004,20240620,20200321,3662655,MXN,S,Pago
100,000050000402,000005,20230619,20231119,2154586,MXN,H,Pago
100,000050000402,000006,20230316,20230705,2282517,MXN,S,Pago
100,000050000402,000007,20201103,20240218,544306,MXN,S,Transferencia
100,000050000402,000008,20240405,20240722,2779727,MXN,H,Transferencia
100,000050000402,000009,20230723,20240117,754635,MXN,H,Comision
100,000050000402,000010,20230208,20230209,3727596,MXN,H,Retiro
100,000050000403,000001,20210315,20220518,3043285,USD,H,Retiro
100,000050000403,000002,20200809,20230806,2270439,USD,H,Deposito
100,000050000403,000003,20240902,20240703,3556697,USD,H,Transferencia
100,000050000403,000004,20230907,20201108,2614885,USD,H,Comision
100,000050000403,000005,20230316,20201016,4045376,USD,H,Retiro
100,000050000403,000006,20240720,20211206,3138141,USD,S,Retiro
100,000050000403,000007,20201107,20210115,3504100,USD,H,Transferencia
100,000050000403,000008,20200122,20240106,325868,USD,H,Pago
100,000050000403,000009,20210808,20211112,1587227,USD,H,Pago
100,000050000403,000010,20230408,20230813,618739,USD,H,Transferencia
100,000050000403,000011,20200113,20210704,742625,USD,H,Deposito
100,000050000403,000012,20200813,20230414,1250533,USD,H,Comision
100,000050000403,000013,20200804,20201112,2183861,USD,H,Transferencia
100,000050000403,000014,20230228,20231121,887009,USD,S,Transferencia
100,000050000403,000015,20240602,20200424,1830595,USD,S,Comision
100,000050000403,000016,20230705,20241022,2098904,USD,S,Deposito
100,000050000403,000017,20200617,20240421,3093024,USD,S,Deposito
100,000050000403,000018,20241114,20210222,392178,USD,S,Deposito
100,000050000404,000001,20240929,20240614,1345368,MXN,H,Retiro
100,000050000404,000002,20220819,20221212,4469134,MXN,H,Transferencia
100,000050000404,000003,20220221,20200419,2026671,MXN,S,Pago
100,000050000404,000004,20240102,20240315,1994884,MXN,S,Transferencia
100,000050000404,000005,20210817,20200614,4420661,MXN,H,Comision
100,000050000404,000006,20220810,20240827,804390,MXN,S,Pago
100,000050000404,000007,20210209,20211118,535694,MXN,S,Deposito
100,000050000404,000008,20221029,20220208,2389667,MXN,H,Pago
100,000050000404,000009,20230808,20220822,2925488,MXN,S,Transferencia
100,000050000404,000010,20201023,20230909,3932731,MXN,S,Transferencia
100,000050000404,000011,20230503,20230315,1363256,MXN,S,Pago
100,000050000404,000012,20201126,20210130,2077176,MXN,H,Retiro
100,000050000404,000013,20230206,20231103,4152052,MXN,S,Transferencia
100,000050000404,000014,20201003,20200422,277797,MXN,H,Comision
100,000050000405,000001,20240922,20230803,154448,MXN,S,Pago
100,000050000405,000002,20200528,20201120,1885423,MXN,H,Retiro
100,000050000405,000003,20240317,20240519,3459431,MXN,S,Transferencia
100,000050000405,000004,20210528,20230321,4189565,MXN,S,Deposito
100,000050000405,000005,20230829,20220502,4157965,MXN,H,Retiro
100,000050000405,000006,20201116,20231125,4617168,MXN,S,Deposito
100,000050000405,000007,20231110,20210630,683116,MXN,H,Transferencia
100,000050000405,000008,20201225,20220523,2556454,MXN,S,Transferencia
100,000050000405,000009,20220205,20231223,1443490,MXN,S,Deposito
100,000050000405,000010,20210219,20211018,220188,MXN,S,Deposito
100,000050000405,000011,20210315,20231111,2152903,MXN,H,Pago
100,000050000405,000012,20220811,20230613,4579419,MXN,S,Retiro
100,000050000406,000001,20200724,20220330,664890,JPY,H,Pago
100,000050000406,000002,20220618,20221105,2275355,JPY,H,Comision
100,000050000406,000003,20230110,20221224,4398036,JPY,S,Retiro
100,000050000406,000004,20220228,20200726,403623,JPY,H,Comision
100,000050000406,000005,20210720,20231231,1824794,JPY,H,Transferencia
100,000050000406,000006,20230221,20221030,875976,JPY,S,Comision
100,000050000406,000007,20211018,20240711,260092,JPY,H,Deposito
100,000050000406,000008,20220421,20221214,3092909,JPY,S,Deposito
100,000050000407,000001,20230428,20210214,3326354,JPY,H,Deposito
100,000050000407,000002,20231202,20230428,1758620,JPY,H,Deposito
100,000050000407,000003,20210206,20211015,4373230,JPY,H,Deposito
100,000050000407,000004,20200904,20210710,86489,JPY,H,Pago
100,000050000407,000005,20240610,20241108,1597047,JPY,S,Comision
100,000050000407,000006,20221117,20210724,4694280,JPY,H,Retiro
100,000050000407,000007,20200717,20240814,3720486,JPY,H,Comision
100,000050000407,000008,20200722,20211106,1505750,JPY,H,Transferencia
100,000050000407,000009,20200626,20220816,3420304,JPY,S,Transferencia
100,000050000407,000010,20210125,20231119,1240795,JPY,H,Pago
100,000050000407,000011,20200912,20230310,1161149,JPY,S,Pago
100,000050000408,000001,20201004,20240416,1741800,MXN,H,Transferencia
100,000050000408,000002,20220406,20220114,3995799,MXN,H,Deposito
100,000050000408,000003,20210824,20240128,4576731,MXN,S,Transferencia
100,000050000408,000004,20210101,20200221,4706649,MXN,S,Pago
100,000050000409,000001,20241023,20220808,2844856,JPY,S,Retiro
100,000050000409,000002,20211002,20211127,4426920,JPY,S,Comision
100,000050000409,000003,20211026,20230211,3382244,JPY,H,Retiro
100,000050000409,000004,20201201,20230403,2264836,JPY,H,Comision
100,000050000409,000005,20211125,20230409,4335942,JPY,H,Transferencia
100,000050000409,000006,20201124,20230730,4241211,JPY,S,Pago
100,000050000409,000007,20200413,20240618,403401,JPY,H,Transferencia
100,000050000409,000008,20210108,20220531,3478402,JPY,S,Retiro
100,000050000409,000009,20231222,20220926,1233505,JPY,H,Deposito
100,000050000409,000010,20220131,20240306,2317036,JPY,S,Transferencia
100,000050000409,000011,20230817,20201214,4189770,JPY,S,Deposito
100,000050000409,000012,20210621,20220611,4126612,JPY,S,Pago
100,000050000409,000013,20240418,20210410,1684488,JPY,S,Transferencia
100,000050000409,000014,20210111,20240103,3077040,JPY,H,Deposito
100,000050000409,000015,20210319,20220704,3259228,JPY,H,Comision
100,000050000409,000016,20210928,20230107,1638348,JPY,S,Pago
100,000050000409,000017,20210504,20240315,958000,JPY,S,Pago
100,000050000409,000018,20210725,20210324,2444146,JPY,H,Transferencia
100,000050000410,000001,20231016,20230716,674658,MXN,S,Retiro
100,000050000410,000002,20210427,20230108,985347,MXN,S,Comision
100,000050000410,000003,20220810,20210116,3950948,MXN,S,Comision
100,000050000410,000004,20200610,20201122,4652791,MXN,H,Deposito
100,000050000410,000005,20200818,20241111,3448101,MXN,S,Retiro
100,000050000410,000006,20220906,20241009,596916,MXN,H,Deposito
100,000050000410,000007,20240524,20230514,3444255,MXN,H,Pago
100,000050000410,000008,20231026,20240827,2155791,MXN,S,Transferencia
100,000050000411,000001,20240921,20201122,4412595,USD,H,Comision
100,000050000411,000002,20240831,20240114,125272,USD,S,Transferencia
100,000050000411,000003,20200131,20200222,127645,USD,S,Transferencia
100,000050000411,000004,20221222,20230121,3010424,USD,S,Deposito
100,000050000411,000005,20201218,20200314,1163892,USD,S,Pago
100,000050000411,000006,20241031,20220611,432319,USD,S,Deposito
100,000050000411,000007,20210812,20200311,1289024,USD,H,Comision
100,000050000411,000008,20220408,20210730,4002366,USD,H,Transferencia
100,000050000411,000009,20230520,20200207,4530747,USD,H,Deposito
100,000050000411,000010,20220910,20230720,1632600,USD,H,Retiro
100,000050000411,000011,20240906,20200614,818600,USD,H,Deposito
100,000050000412,000001,20231215,20200325,960965,JPY,S,Transferencia
100,000050000412,000002,20211120,20230412,3132080,JPY,S,Transferencia
100,000050000412,000003,20220426,20240506,2334,JPY,S,Deposito
100,000050000412,000004,20210825,20220210,2203272,JPY,S,Transferencia
100,000050000412,000005,20220903,20210427,3280038,JPY,H,Pago
100,000050000412,000006,20210307,20210317,4113261,JPY,S,Comision
100,000050000412,000007,20230602,20230121,4239078,JPY,S,Deposito
100,000050000412,000008,20210310,20200825,3957524,JPY,H,Retiro
100,000050000413,000001,20240319,20210520,2206190,MXN,S,Retiro
100,000050000413,000002,20220328,20220829,4461294,MXN,H,Comision
100,000050000413,000003,20240719,20200501,3491657,MXN,H,Pago
100,000050000413,000004,20240425,20231107,4647065,MXN,H,Retiro
100,000050000413,000005,20230607,20220625,2399460,MXN,S,Deposito
100,000050000413,000006,20210121,20241123,864219,MXN,H,Comision
100,000050000413,000007,20210318,20240604,12399,MXN,H,Retiro
100,000050000413,000008,20211203,20211114,245372,MXN,S,Pago
100,000050000413,000009,20220508,20210528,3288138,MXN,S,Retiro
100,000050000414,000001,20240624,20200909,3760870,MXN,S,Transferencia
100,000050000414,000002,20220317,20231201,1117457,MXN,H,Retiro
100,000050000414,000003,20200420,20230709,4604592,MXN,S,Retiro
100,000050000414,000004,20210308,20220108,2747591,MXN,S,Transferencia
100,000050000414,000005,20240610,20200703,4369403,MXN,S,Transferencia
100,000050000414,000006,20220630,20200919,3381547,MXN,H,Transferencia
100,000050000414,000007,20230213,20210424,2084516,MXN,S,Transferencia
100,000050000414,000008,20200222,20240108,1235974,MXN,S,Comision
100,000050000414,000009,20210921,20240630,4667383,MXN,H,Transferencia
100,000050000414,000010,20240328,20240817,3839491,MXN,S,Deposito
100,000050000414,000011,20220328,20201225,1497743,MXN,H,Retiro
100,000050000415,000001,20210219,20200629,784399,MXN,H,Comision
100,000050000415,000002,20230608,20220702,2895373,MXN,H,Comision
100,000050000415,000003,20240209,20200815,272335,MXN,S,Retiro
100,000050000416,000001,20230303,20220607,3807889,JPY,H,Transferencia
100,000050000416,000002,20211014,20201113,4116966,JPY,H,Retiro
100,000050000416,000003,20240201,20210429,648433,JPY,S,Transferencia
100,000050000416,000004,20240201,20230126,3463650,JPY,S,Comision
100,000050000416,000005,20200303,20240424,4665272,JPY,S,Comision
100,000050000416,000006,20220104,20200121,241148,JPY,S,Transferencia
100,000050000416,000007,20210426,20240107,1696625,JPY,H,Retiro
100,000050000416,000008,20220510,20200409,1343677,JPY,H,Transferencia
100,000050000416,000009,20210710,20210501,3599661,JPY,H,Pago
100,000050000416,000010,20221022,20220918,4258792,JPY,S,Comision
100,000050000416,000011,20210111,20210116,2810732,JPY,S,Deposito
100,000050000416,000012,20210108,20210703,2392218,JPY,S,Comision
100,000050000416,000013,20231117,20240514,2066841,JPY,H,Transferencia
100,000050000417,000001,20230827,20210819,1965119,CLP,S,Comision
100,000050000417,000002,20220214,20220506,145571,CLP,H,Retiro
100,000050000417,000003,20221125,20221024,2775280,CLP,H,Retiro
100,000050000417,000004,20220929,20220423,907348,CLP,H,Pago
100,000050000417,000005,20240707,20220715,3914448,CLP,H,Deposito
100,000050000417,000006,20240709,20210530,2825485,CLP,H,Deposito
100,000050000417,000007,20230108,20230225,2988093,CLP,H,Pago
100,000050000417,000008,20221003,20200819,611135,CLP,S,Transferencia
100,000050000417,000009,20200623,20210915,4273219,CLP,H,Retiro
100,000050000417,000010,20241121,20221026,930391,CLP,H,Retiro
100,000050000417,000011,20230830,20230911,630566,CLP,H,Transferencia
100,000050000417,000012,20240805,20240814,4477426,CLP,H,Pago
100,000050000417,000013,20220522,20200407,2566210,CLP,H,Retiro
100,000050000417,000014,20201231,20230411,1618612,CLP,H,Retiro
100,000050000417,000015,20200519,20211226,78358,CLP,H,Pago
100,000050000417,000016,20211029,20240825,637791,CLP,S,Pago
100,000050000417,000017,20200925,20200527,1534574,CLP,H,Pago
100,000050000417,000018,20211121,20210301,1104831,CLP,H,Comision
100,000050000417,000019,20231009,20231217,3649536,CLP,S,Deposito
100,000050000417,000020,20220827,20200609,2956975,CLP,H,Transferencia
100,000050000220,000009,20240202,20210306,3478615,MXN,H,Comision
100,000050000225,000008,20230623,20210819,693971,MXN,S,Transferencia
100,000050000234,000011,20221205,20220627,4172733,USD,S,Pago
100,000050000042,000012,20220604,20240513,3278776,MXN,H,Retiro
100,000050000172,000012,20200318,20200808,3681561,MXN,H,Comision
100,000050000363,000012,20200810,20220923,4052597,JPY,H,Transferencia
100,000050000096,000003,20221127,20201201,4358518,USD,S,Comision
100,000050000043,000016,20240412,20200418,424111,MXN,H,Comision
